"FifoPnlRealized","Buy/Sell","CurrencyPrimary","Symbol","TradeID","TradeDate","TransactionType","Exchange","Quantity","TradePrice","TradeMoney","Taxes","IBCommission","IBCommissionCurrency","NetCash","ClosePrice","IBOrderID","OrderTime","OrderType","TraderID","IBExecID"
"188.24","SELL","USD","AAPL","T000001","2025-09-01","Trade","NASDAQ","5","215.62","1078.1","2.37","2.26","USD","183.61","209.01","ORD0000001","2025-09-01 12:02:01","MKT","mock-trader","MOCKEXEC00000001"
"144.94","BUY","USD","AMZN","T000002","2025-09-01","Trade","NASDAQ","50","169.88","8494.0","1.91","0.75","USD","-8496.66","171.31","ORD0000002","2025-09-01 15:55:00","LMT","mock-trader","MOCKEXEC00000002"
"201.75","SELL","USD","TSLA","T000003","2025-09-01","Trade","NASDAQ","3","293.06","879.18","0.36","1.1","USD","200.29","290.8","ORD0000003","2025-09-01 11:38:16","LMT","mock-trader","MOCKEXEC00000003"
"234.7","SELL","USD","MSFT","T000004","2025-09-01","Trade","ARCA","2","460.41","920.82","2.16","2.19","USD","230.35","461.65","ORD0000004","2025-09-01 14:04:02","MKT","mock-trader","MOCKEXEC00000004"
"10.06","BUY","USD","META","T000005","2025-09-01","Trade","NYSE","5","759.95","3799.75","1.59","2.13","USD","-3803.47","754.55","ORD0000005","2025-09-01 11:13:42","MKT","mock-trader","MOCKEXEC00000005"
"-45.03","BUY","USD","NVDA","T000006","2025-09-01","Trade","NASDAQ","3","136.98","410.94","3.24","1.8","USD","-415.98","132.49","ORD0000006","2025-09-01 11:53:49","MKT","mock-trader","MOCKEXEC00000006"
"-74.51","SELL","USD","AAPL","T000007","2025-09-01","Trade","ARCA","20","218.74","4374.8","3.3","2.22","USD","-80.03","215.77","ORD0000007","2025-09-01 14:31:25","LMT","mock-trader","MOCKEXEC00000007"
"89.49","BUY","USD","META","T000008","2025-09-02","Trade","ARCA","5","723.5","3617.5","2.61","1.21","USD","-3621.32","724.84","ORD0000008","2025-09-02 11:14:08","LMT","mock-trader","MOCKEXEC00000008"
"-100.01","BUY","USD","MSFT","T000009","2025-09-02","Trade","NYSE","2","380.57","761.14","2.38","1.59","USD","-765.11","378.73","ORD0000009","2025-09-02 13:29:33","MKT","mock-trader","MOCKEXEC00000009"
"37.38","SELL","USD","MSFT","T000010","2025-09-02","Trade","NASDAQ","15","372.31","5584.65","1.59","2.4","USD","33.39","378.32","ORD0000010","2025-09-02 11:32:48","MKT","mock-trader","MOCKEXEC00000010"
"-99.23","BUY","USD","META","T000011","2025-09-02","Trade","NASDAQ","3","612.17","1836.51","3.34","2.33","USD","-1842.18","618.87","ORD0000011","2025-09-02 13:20:31","MKT","mock-trader","MOCKEXEC00000011"
"259.0","SELL","USD","TSLA","T000012","2025-09-02","Trade","NASDAQ","5","261.59","1307.95","3.31","0.44","USD","255.25","261.37","ORD0000012","2025-09-02 09:48:34","MKT","mock-trader","MOCKEXEC00000012"
"123.3","BUY","USD","AMD","T000013","2025-09-02","Trade","NYSE","10","179.15","1791.5","3.38","2.34","USD","-1797.22","183.23","ORD0000013","2025-09-02 14:12:45","LMT","mock-trader","MOCKEXEC00000013"
"-56.05","SELL","USD","TSLA","T000014","2025-09-02","Trade","NASDAQ","50","340.3","17015.0","0.22","0.3","USD","-56.57","341.16","ORD0000014","2025-09-02 13:14:00","MKT","mock-trader","MOCKEXEC00000014"
"-144.57","BUY","USD","AMZN","T000015","2025-09-02","Trade","ARCA","1","235.96","235.96","0.83","1.76","USD","-238.55","231.39","ORD0000015","2025-09-02 10:46:59","LMT","mock-trader","MOCKEXEC00000015"
"149.49","SELL","USD","AMD","T000016","2025-09-03","Trade","ARCA","5","114.15","570.75","1.24","1.17","USD","147.08","119.97","ORD0000016","2025-09-03 09:43:41","MKT","mock-trader","MOCKEXEC00000016"
"-125.37","SELL","USD","AAPL","T000017","2025-09-03","Trade","NASDAQ","15","256.04","3840.6","0.67","1.46","USD","-127.5","250.28","ORD0000017","2025-09-03 10:17:29","MKT","mock-trader","MOCKEXEC00000017"
"90.29","BUY","USD","AMD","T000018","2025-09-03","Trade","NYSE","1","197.82","197.82","0.05","0.46","USD","-198.33","201.88","ORD0000018","2025-09-03 10:10:26","LMT","mock-trader","MOCKEXEC00000018"
"-178.92","SELL","USD","AMZN","T000019","2025-09-03","Trade","ARCA","1","166.46","166.46","1.37","2.33","USD","-182.62","171.02","ORD0000019","2025-09-03 11:27:44","LMT","mock-trader","MOCKEXEC00000019"
"-150.76","BUY","USD","NVDA","T000020","2025-09-03","Trade","ARCA","10","117.42","1174.2","2.58","0.39","USD","-1177.17","114.44","ORD0000020","2025-09-03 09:37:30","MKT","mock-trader","MOCKEXEC00000020"
"-146.02","BUY","USD","AAPL","T000021","2025-09-03","Trade","ARCA","3","204.8","614.4","3.02","1.16","USD","-618.58","211.87","ORD0000021","2025-09-03 13:15:37","MKT","mock-trader","MOCKEXEC00000021"
"-49.62","SELL","USD","MSFT","T000022","2025-09-03","Trade","NYSE","50","413.27","20663.5","2.34","0.96","USD","-52.92","409.52","ORD0000022","2025-09-03 10:42:41","LMT","mock-trader","MOCKEXEC00000022"
"319.23","BUY","USD","TSLA","T000023","2025-09-03","Trade","NYSE","1","341.66","341.66","3.49","0.41","USD","-345.56","337.07","ORD0000023","2025-09-03 11:08:59","MKT","mock-trader","MOCKEXEC00000023"
"236.87","SELL","USD","AMZN","T000024","2025-09-03","Trade","ARCA","10","165.77","1657.7","2.46","1.63","USD","232.78","173.57","ORD0000024","2025-09-03 14:33:00","LMT","mock-trader","MOCKEXEC00000024"
"191.21","SELL","USD","NVDA","T000025","2025-09-04","Trade","ARCA","2","171.18","342.36","0.54","0.88","USD","189.79","166.55","ORD0000025","2025-09-04 11:13:43","LMT","mock-trader","MOCKEXEC00000025"
"31.79","SELL","USD","AMD","T000026","2025-09-04","Trade","ARCA","1","113.84","113.84","0.97","0.26","USD","30.56","118.18","ORD0000026","2025-09-04 14:16:10","LMT","mock-trader","MOCKEXEC00000026"
"261.55","BUY","USD","GOOGL","T000027","2025-09-04","Trade","NYSE","2","161.29","322.58","3.16","1.48","USD","-327.22","166.64","ORD0000027","2025-09-04 13:35:09","MKT","mock-trader","MOCKEXEC00000027"
"218.06","SELL","USD","AAPL","T000028","2025-09-04","Trade","NYSE","15","262.93","3943.95","3.01","2.27","USD","212.78","258.29","ORD0000028","2025-09-04 10:42:06","LMT","mock-trader","MOCKEXEC00000028"
"225.39","BUY","USD","NVDA","T000029","2025-09-04","Trade","NYSE","3","178.1","534.3","3.08","0.31","USD","-537.69","181.89","ORD0000029","2025-09-04 11:50:59","MKT","mock-trader","MOCKEXEC00000029"
"-160.64","BUY","USD","META","T000030","2025-09-04","Trade","NASDAQ","2","614.76","1229.52","1.65","0.7","USD","-1231.87","621.46","ORD0000030","2025-09-04 11:19:52","MKT","mock-trader","MOCKEXEC00000030"
"252.18","BUY","USD","AAPL","T000031","2025-09-04","Trade","ARCA","20","222.98","4459.6","3.38","0.88","USD","-4463.86","225.24","ORD0000031","2025-09-04 12:43:53","LMT","mock-trader","MOCKEXEC00000031"
"311.78","SELL","USD","MSFT","T000032","2025-09-05","Trade","ARCA","3","466.12","1398.36","0.13","1.59","USD","310.06","463.65","ORD0000032","2025-09-05 15:20:27","MKT","mock-trader","MOCKEXEC00000032"
"38.03","BUY","USD","GOOGL","T000033","2025-09-05","Trade","NASDAQ","10","156.66","1566.6","1.82","2.06","USD","-1570.48","159.65","ORD0000033","2025-09-05 14:47:42","LMT","mock-trader","MOCKEXEC00000033"
"151.69","BUY","USD","GOOGL","T000034","2025-09-05","Trade","NYSE","15","243.47","3652.05","0.44","2.28","USD","-3654.77","243.58","ORD0000034","2025-09-05 14:26:20","LMT","mock-trader","MOCKEXEC00000034"
"9.57","BUY","USD","NVDA","T000035","2025-09-05","Trade","NASDAQ","20","153.19","3063.8","2.62","0.64","USD","-3067.06","154.3","ORD0000035","2025-09-05 12:35:53","LMT","mock-trader","MOCKEXEC00000035"
"123.33","BUY","USD","META","T000036","2025-09-05","Trade","ARCA","20","735.73","14714.6","1.13","1.24","USD","-14716.97","738.54","ORD0000036","2025-09-05 13:30:50","MKT","mock-trader","MOCKEXEC00000036"
"129.63","SELL","USD","MSFT","T000037","2025-09-05","Trade","NASDAQ","50","482.77","24138.5","0.33","2.39","USD","126.91","478.53","ORD0000037","2025-09-05 11:14:51","MKT","mock-trader","MOCKEXEC00000037"
"204.24","BUY","USD","AAPL","T000038","2025-09-08","Trade","NYSE","25","242.79","6069.75","1.59","2.24","USD","-6073.58","244.0","ORD0000038","2025-09-08 14:44:24","LMT","mock-trader","MOCKEXEC00000038"
"250.22","BUY","USD","AMZN","T000039","2025-09-08","Trade","NYSE","1","239.27","239.27","3.1","2.0","USD","-244.37","234.77","ORD0000039","2025-09-08 15:44:33","MKT","mock-trader","MOCKEXEC00000039"
"52.32","BUY","USD","AMZN","T000040","2025-09-08","Trade","ARCA","25","163.33","4083.25","1.86","1.51","USD","-4086.62","160.41","ORD0000040","2025-09-08 15:57:28","LMT","mock-trader","MOCKEXEC00000040"
"195.89","BUY","USD","AMD","T000041","2025-09-08","Trade","NYSE","25","167.51","4187.75","2.94","0.87","USD","-4191.56","171.95","ORD0000041","2025-09-08 12:40:15","LMT","mock-trader","MOCKEXEC00000041"
"-20.15","SELL","USD","MSFT","T000042","2025-09-08","Trade","NASDAQ","5","404.34","2021.7","1.89","0.56","USD","-22.6","400.04","ORD0000042","2025-09-08 14:09:45","MKT","mock-trader","MOCKEXEC00000042"
"27.89","SELL","USD","GOOGL","T000043","2025-09-08","Trade","ARCA","15","231.39","3470.85","0.72","1.2","USD","25.97","237.87","ORD0000043","2025-09-08 13:44:01","LMT","mock-trader","MOCKEXEC00000043"
"246.72","SELL","USD","AAPL","T000044","2025-09-09","Trade","NASDAQ","10","252.74","2527.4","3.34","1.19","USD","242.19","256.7","ORD0000044","2025-09-09 13:51:38","LMT","mock-trader","MOCKEXEC00000044"
"14.43","SELL","USD","AMZN","T000045","2025-09-09","Trade","NASDAQ","20","198.56","3971.2","2.34","2.05","USD","10.04","202.15","ORD0000045","2025-09-09 15:29:58","MKT","mock-trader","MOCKEXEC00000045"
"-112.15","BUY","USD","GOOGL","T000046","2025-09-09","Trade","NYSE","2","246.41","492.82","1.62","0.36","USD","-494.8","244.48","ORD0000046","2025-09-09 10:29:20","LMT","mock-trader","MOCKEXEC00000046"
"55.15","SELL","USD","META","T000047","2025-09-09","Trade","ARCA","10","750.47","7504.7","2.62","0.37","USD","52.16","757.7","ORD0000047","2025-09-09 10:41:04","MKT","mock-trader","MOCKEXEC00000047"
"130.67","BUY","USD","AAPL","T000048","2025-09-09","Trade","NYSE","5","258.75","1293.75","0.83","1.32","USD","-1295.9","252.58","ORD0000048","2025-09-09 10:29:44","LMT","mock-trader","MOCKEXEC00000048"
"-125.95","BUY","USD","NVDA","T000049","2025-09-09","Trade","NASDAQ","3","177.18","531.54","0.09","0.95","USD","-532.58","180.02","ORD0000049","2025-09-09 12:25:45","MKT","mock-trader","MOCKEXEC00000049"
"120.21","BUY","USD","AMZN","T000050","2025-09-09","Trade","ARCA","10","235.03","2350.3","0.42","2.46","USD","-2353.18","239.55","ORD0000050","2025-09-09 11:34:27","LMT","mock-trader","MOCKEXEC00000050"
"231.17","SELL","USD","MSFT","T000051","2025-09-09","Trade","NASDAQ","1","519.92","519.92","0.37","2.41","USD","228.39","522.09","ORD0000051","2025-09-09 15:29:45","LMT","mock-trader","MOCKEXEC00000051"
"52.44","SELL","USD","NVDA","T000052","2025-09-09","Trade","NASDAQ","50","161.97","8098.5","2.89","1.58","USD","47.97","159.13","ORD0000052","2025-09-09 10:53:59","LMT","mock-trader","MOCKEXEC00000052"
"154.09","BUY","USD","AMD","T000053","2025-09-09","Trade","NYSE","25","185.48","4637.0","1.18","1.36","USD","-4639.54","182.68","ORD0000053","2025-09-09 12:13:22","LMT","mock-trader","MOCKEXEC00000053"
"294.03","SELL","USD","META","T000054","2025-09-09","Trade","NYSE","50","503.05","25152.5","0.3","1.87","USD","291.86","502.87","ORD0000054","2025-09-09 15:15:44","LMT","mock-trader","MOCKEXEC00000054"
"22.2","BUY","USD","AMD","T000055","2025-09-09","Trade","NYSE","2","144.14","288.28","0.85","1.74","USD","-290.87","142.04","ORD0000055","2025-09-09 13:33:22","LMT","mock-trader","MOCKEXEC00000055"
"-64.73","SELL","USD","TSLA","T000056","2025-09-09","Trade","NASDAQ","10","311.32","3113.2","2.52","0.96","USD","-68.21","315.21","ORD0000056","2025-09-09 15:44:11","MKT","mock-trader","MOCKEXEC00000056"
"-31.88","SELL","USD","META","T000057","2025-09-10","Trade","NASDAQ","2","749.79","1499.58","1.26","0.93","USD","-34.07","753.12","ORD0000057","2025-09-10 10:17:02","LMT","mock-trader","MOCKEXEC00000057"
"107.03","SELL","USD","NVDA","T000058","2025-09-10","Trade","NYSE","2","169.82","339.64","1.64","1.24","USD","104.15","164.77","ORD0000058","2025-09-10 09:16:55","MKT","mock-trader","MOCKEXEC00000058"
"134.72","SELL","USD","MSFT","T000059","2025-09-10","Trade","NASDAQ","25","364.82","9120.5","0.19","0.59","USD","133.94","365.83","ORD0000059","2025-09-10 11:05:15","LMT","mock-trader","MOCKEXEC00000059"
"-31.32","SELL","USD","AMZN","T000060","2025-09-10","Trade","NASDAQ","25","240.85","6021.25","2.06","1.21","USD","-34.59","241.95","ORD0000060","2025-09-10 09:39:47","MKT","mock-trader","MOCKEXEC00000060"
"-93.09","SELL","USD","AMZN","T000061","2025-09-10","Trade","NASDAQ","2","165.71","331.42","0.26","0.26","USD","-93.61","164.92","ORD0000061","2025-09-10 13:30:18","MKT","mock-trader","MOCKEXEC00000061"
"-63.29","SELL","USD","META","T000062","2025-09-10","Trade","NYSE","25","521.35","13033.75","0.93","2.03","USD","-66.25","522.79","ORD0000062","2025-09-10 15:59:12","MKT","mock-trader","MOCKEXEC00000062"
"-144.3","BUY","USD","AMZN","T000063","2025-09-10","Trade","NYSE","10","232.66","2326.6","0.58","0.94","USD","-2328.12","236.64","ORD0000063","2025-09-10 13:58:18","MKT","mock-trader","MOCKEXEC00000063"
"70.24","SELL","USD","AMD","T000064","2025-09-10","Trade","ARCA","20","241.4","4828.0","1.73","0.43","USD","68.08","234.04","ORD0000064","2025-09-10 12:47:20","LMT","mock-trader","MOCKEXEC00000064"
"237.98","BUY","USD","AAPL","T000065","2025-09-10","Trade","ARCA","5","267.33","1336.65","2.01","2.39","USD","-1341.05","275.32","ORD0000065","2025-09-10 14:52:17","MKT","mock-trader","MOCKEXEC00000065"
"278.04","SELL","USD","NVDA","T000066","2025-09-10","Trade","NYSE","50","152.12","7606.0","0.64","1.57","USD","275.83","154.28","ORD0000066","2025-09-10 12:05:30","LMT","mock-trader","MOCKEXEC00000066"
"-15.1","SELL","USD","TSLA","T000067","2025-09-10","Trade","NASDAQ","2","421.55","843.1","2.43","0.9","USD","-18.43","428.67","ORD0000067","2025-09-10 15:48:35","LMT","mock-trader","MOCKEXEC00000067"
"305.09","SELL","USD","MSFT","T000068","2025-09-10","Trade","NYSE","10","414.65","4146.5","1.41","1.41","USD","302.27","422.46","ORD0000068","2025-09-10 14:55:34","LMT","mock-trader","MOCKEXEC00000068"
"198.22","BUY","USD","AAPL","T000069","2025-09-10","Trade","NYSE","50","225.32","11266.0","2.19","1.96","USD","-11270.15","220.58","ORD0000069","2025-09-10 13:08:59","LMT","mock-trader","MOCKEXEC00000069"
"-24.62","BUY","USD","MSFT","T000070","2025-09-11","Trade","NYSE","5","491.96","2459.8","0.05","1.17","USD","-2461.02","487.56","ORD0000070","2025-09-11 15:58:07","MKT","mock-trader","MOCKEXEC00000070"
"-43.29","SELL","USD","NVDA","T000071","2025-09-11","Trade","NASDAQ","10","140.71","1407.1","2.92","2.46","USD","-48.67","136.61","ORD0000071","2025-09-11 13:09:24","MKT","mock-trader","MOCKEXEC00000071"
"213.86","SELL","USD","MSFT","T000072","2025-09-11","Trade","ARCA","20","417.98","8359.6","0.94","0.26","USD","212.66","421.6","ORD0000072","2025-09-11 15:37:37","LMT","mock-trader","MOCKEXEC00000072"
"-13.78","SELL","USD","NVDA","T000073","2025-09-11","Trade","NASDAQ","50","138.75","6937.5","2.67","1.1","USD","-17.55","145.68","ORD0000073","2025-09-11 15:12:44","LMT","mock-trader","MOCKEXEC00000073"
"56.49","SELL","USD","AMZN","T000074","2025-09-11","Trade","NASDAQ","1","181.82","181.82","3.2","1.11","USD","52.18","189.63","ORD0000074","2025-09-11 15:52:41","LMT","mock-trader","MOCKEXEC00000074"
"-14.0","BUY","USD","AAPL","T000075","2025-09-11","Trade","NASDAQ","50","267.57","13378.5","0.35","2.15","USD","-13381.0","261.17","ORD0000075","2025-09-11 12:00:46","LMT","mock-trader","MOCKEXEC00000075"
"-47.49","BUY","USD","NVDA","T000076","2025-09-11","Trade","ARCA","25","162.52","4063.0","2.18","1.14","USD","-4066.32","155.81","ORD0000076","2025-09-11 11:54:43","LMT","mock-trader","MOCKEXEC00000076"
"-145.79","SELL","USD","TSLA","T000077","2025-09-11","Trade","NASDAQ","50","257.18","12859.0","2.21","2.32","USD","-150.32","265.14","ORD0000077","2025-09-11 14:05:27","MKT","mock-trader","MOCKEXEC00000077"
"-157.0","BUY","USD","AMD","T000078","2025-09-11","Trade","NYSE","10","235.51","2355.1","2.79","0.91","USD","-2358.8","233.51","ORD0000078","2025-09-11 10:15:33","MKT","mock-trader","MOCKEXEC00000078"
"11.27","BUY","USD","NVDA","T000079","2025-09-11","Trade","NYSE","2","148.76","297.52","2.39","1.37","USD","-301.28","150.09","ORD0000079","2025-09-11 10:29:40","LMT","mock-trader","MOCKEXEC00000079"
"158.81","BUY","USD","META","T000080","2025-09-11","Trade","NYSE","25","770.36","19259.0","0.55","1.24","USD","-19260.79","767.89","ORD0000080","2025-09-11 13:19:40","LMT","mock-trader","MOCKEXEC00000080"
"246.67","SELL","USD","AMD","T000081","2025-09-11","Trade","NASDAQ","5","249.91","1249.55","0.37","1.11","USD","245.19","247.65","ORD0000081","2025-09-11 11:44:18","LMT","mock-trader","MOCKEXEC00000081"
"192.59","BUY","USD","META","T000082","2025-09-11","Trade","NYSE","1","773.19","773.19","2.91","2.28","USD","-778.38","777.6","ORD0000082","2025-09-11 10:38:51","MKT","mock-trader","MOCKEXEC00000082"
"143.17","BUY","USD","META","T000083","2025-09-12","Trade","NYSE","2","771.02","1542.04","1.08","1.24","USD","-1544.36","772.29","ORD0000083","2025-09-12 14:08:05","LMT","mock-trader","MOCKEXEC00000083"
"89.7","BUY","USD","GOOGL","T000084","2025-09-12","Trade","NYSE","5","169.82","849.1","3.4","1.44","USD","-853.94","176.44","ORD0000084","2025-09-12 15:10:16","LMT","mock-trader","MOCKEXEC00000084"
"-109.62","BUY","USD","TSLA","T000085","2025-09-12","Trade","ARCA","25","442.58","11064.5","3.38","2.19","USD","-11070.07","446.17","ORD0000085","2025-09-12 12:54:51","LMT","mock-trader","MOCKEXEC00000085"
"-118.21","SELL","USD","MSFT","T000086","2025-09-12","Trade","NYSE","1","402.89","402.89","1.29","1.94","USD","-121.44","399.08","ORD0000086","2025-09-12 12:52:40","MKT","mock-trader","MOCKEXEC00000086"
"291.58","SELL","USD","AMZN","T000087","2025-09-12","Trade","ARCA","1","211.95","211.95","1.15","1.62","USD","288.81","214.31","ORD0000087","2025-09-12 14:52:29","LMT","mock-trader","MOCKEXEC00000087"
"-161.39","BUY","USD","GOOGL","T000088","2025-09-12","Trade","NYSE","3","156.8","470.4","3.49","0.51","USD","-474.4","152.56","ORD0000088","2025-09-12 13:08:24","LMT","mock-trader","MOCKEXEC00000088"
"236.85","BUY","USD","GOOGL","T000089","2025-09-12","Trade","NYSE","20","248.24","4964.8","2.15","2.36","USD","-4969.31","244.72","ORD0000089","2025-09-12 14:23:13","LMT","mock-trader","MOCKEXEC00000089"
"3.67","SELL","USD","AMZN","T000090","2025-09-12","Trade","NYSE","2","248.09","496.18","3.16","1.7","USD","-1.19","241.06","ORD0000090","2025-09-12 11:12:07","MKT","mock-trader","MOCKEXEC00000090"
"-58.22","BUY","USD","AMZN","T000091","2025-09-12","Trade","ARCA","1","228.68","228.68","0.44","1.52","USD","-230.64","221.78","ORD0000091","2025-09-12 15:35:13","MKT","mock-trader","MOCKEXEC00000091"
"312.01","BUY","USD","TSLA","T000092","2025-09-15","Trade","NASDAQ","1","305.45","305.45","3.46","1.47","USD","-310.38","310.23","ORD0000092","2025-09-15 09:42:55","MKT","mock-trader","MOCKEXEC00000092"
"-172.11","SELL","USD","AAPL","T000093","2025-09-15","Trade","NYSE","5","241.22","1206.1","0.93","0.54","USD","-173.58","239.96","ORD0000093","2025-09-15 09:47:04","LMT","mock-trader","MOCKEXEC00000093"
"292.71","BUY","USD","TSLA","T000094","2025-09-15","Trade","ARCA","25","350.77","8769.25","0.15","2.01","USD","-8771.41","356.64","ORD0000094","2025-09-15 13:19:29","MKT","mock-trader","MOCKEXEC00000094"
"-126.02","SELL","USD","AAPL","T000095","2025-09-15","Trade","NASDAQ","20","229.84","4596.8","2.49","1.25","USD","-129.76","236.23","ORD0000095","2025-09-15 11:38:09","MKT","mock-trader","MOCKEXEC00000095"
"85.28","SELL","USD","META","T000096","2025-09-15","Trade","ARCA","20","798.39","15967.8","1.59","1.61","USD","82.08","791.98","ORD0000096","2025-09-15 14:07:54","MKT","mock-trader","MOCKEXEC00000096"
"233.71","SELL","USD","GOOGL","T000097","2025-09-15","Trade","NYSE","5","212.07","1060.35","1.4","1.89","USD","230.42","209.07","ORD0000097","2025-09-15 11:42:16","MKT","mock-trader","MOCKEXEC00000097"
"-133.38","BUY","USD","AMD","T000098","2025-09-15","Trade","ARCA","2","224.77","449.54","0.34","1.91","USD","-451.79","229.76","ORD0000098","2025-09-15 13:03:37","LMT","mock-trader","MOCKEXEC00000098"
"290.56","SELL","USD","MSFT","T000099","2025-09-15","Trade","NYSE","15","524.72","7870.8","1.48","2.31","USD","286.77","517.54","ORD0000099","2025-09-15 11:38:19","MKT","mock-trader","MOCKEXEC00000099"
"-125.89","BUY","USD","AMZN","T000100","2025-09-15","Trade","NYSE","25","172.42","4310.5","2.96","1.08","USD","-4314.54","176.62","ORD0000100","2025-09-15 13:14:51","MKT","mock-trader","MOCKEXEC00000100"
"-25.51","BUY","USD","AAPL","T000101","2025-09-16","Trade","NASDAQ","10","249.19","2491.9","1.19","0.26","USD","-2493.35","255.11","ORD0000101","2025-09-16 13:42:25","MKT","mock-trader","MOCKEXEC00000101"
"29.92","BUY","USD","AAPL","T000102","2025-09-16","Trade","NASDAQ","50","215.06","10753.0","1.19","1.08","USD","-10755.27","218.61","ORD0000102","2025-09-16 15:36:38","MKT","mock-trader","MOCKEXEC00000102"
"-43.95","BUY","USD","NVDA","T000103","2025-09-16","Trade","ARCA","1","153.92","153.92","2.32","1.34","USD","-157.58","152.99","ORD0000103","2025-09-16 11:13:48","MKT","mock-trader","MOCKEXEC00000103"
"159.24","SELL","USD","TSLA","T000104","2025-09-16","Trade","NASDAQ","2","306.65","613.3","1.7","1.75","USD","155.79","299.38","ORD0000104","2025-09-16 12:38:03","MKT","mock-trader","MOCKEXEC00000104"
"-35.28","BUY","USD","META","T000105","2025-09-16","Trade","ARCA","3","729.25","2187.75","0.42","1.37","USD","-2189.54","728.14","ORD0000105","2025-09-16 10:24:34","MKT","mock-trader","MOCKEXEC00000105"
"-158.85","BUY","USD","TSLA","T000106","2025-09-16","Trade","NYSE","20","422.35","8447.0","0.07","2.32","USD","-8449.39","428.14","ORD0000106","2025-09-16 13:27:36","LMT","mock-trader","MOCKEXEC00000106"
"-17.62","BUY","USD","META","T000107","2025-09-16","Trade","NASDAQ","20","506.26","10125.2","2.8","1.64","USD","-10129.64","511.57","ORD0000107","2025-09-16 11:05:27","MKT","mock-trader","MOCKEXEC00000107"
"255.26","SELL","USD","GOOGL","T000108","2025-09-16","Trade","NASDAQ","50","161.8","8090.0","2.61","0.75","USD","251.9","166.27","ORD0000108","2025-09-16 09:32:40","MKT","mock-trader","MOCKEXEC00000108"
"-106.78","SELL","USD","TSLA","T000109","2025-09-16","Trade","ARCA","3","297.25","891.75","0.69","1.61","USD","-109.08","301.41","ORD0000109","2025-09-16 14:04:11","LMT","mock-trader","MOCKEXEC00000109"
"133.61","SELL","USD","AMD","T000110","2025-09-16","Trade","ARCA","15","229.64","3444.6","0.53","0.4","USD","132.68","228.72","ORD0000110","2025-09-16 11:50:17","MKT","mock-trader","MOCKEXEC00000110"
"-151.55","SELL","USD","MSFT","T000111","2025-09-17","Trade","ARCA","25","440.38","11009.5","2.91","0.42","USD","-154.88","446.21","ORD0000111","2025-09-17 15:05:39","LMT","mock-trader","MOCKEXEC00000111"
"105.83","BUY","USD","AMD","T000112","2025-09-17","Trade","NYSE","25","236.36","5909.0","0.66","1.61","USD","-5911.27","236.38","ORD0000112","2025-09-17 09:28:06","MKT","mock-trader","MOCKEXEC00000112"
"315.49","BUY","USD","NVDA","T000113","2025-09-17","Trade","NYSE","5","156.61","783.05","1.83","1.62","USD","-786.5","154.43","ORD0000113","2025-09-17 11:24:26","MKT","mock-trader","MOCKEXEC00000113"
"159.19","BUY","USD","TSLA","T000114","2025-09-17","Trade","NYSE","15","268.9","4033.5","0.99","1.88","USD","-4036.37","271.41","ORD0000114","2025-09-17 13:55:09","MKT","mock-trader","MOCKEXEC00000114"
"169.24","SELL","USD","NVDA","T000115","2025-09-17","Trade","ARCA","10","177.42","1774.2","1.37","1.59","USD","166.28","184.43","ORD0000115","2025-09-17 11:35:24","LMT","mock-trader","MOCKEXEC00000115"
"-170.88","BUY","USD","NVDA","T000116","2025-09-17","Trade","NASDAQ","20","140.68","2813.6","1.08","2.39","USD","-2817.07","138.15","ORD0000116","2025-09-17 15:31:12","MKT","mock-trader","MOCKEXEC00000116"
"-129.43","BUY","USD","NVDA","T000117","2025-09-17","Trade","ARCA","10","167.55","1675.5","2.7","2.13","USD","-1680.33","173.69","ORD0000117","2025-09-17 09:42:21","MKT","mock-trader","MOCKEXEC00000117"
"166.42","BUY","USD","GOOGL","T000118","2025-09-17","Trade","ARCA","3","177.13","531.39","2.19","2.28","USD","-535.86","180.67","ORD0000118","2025-09-17 09:26:23","MKT","mock-trader","MOCKEXEC00000118"
"-60.42","SELL","USD","AMD","T000119","2025-09-17","Trade","ARCA","25","135.1","3377.5","3.38","2.01","USD","-65.81","141.56","ORD0000119","2025-09-17 10:23:43","LMT","mock-trader","MOCKEXEC00000119"
"29.33","SELL","USD","AMD","T000120","2025-09-17","Trade","ARCA","20","175.44","3508.8","0.57","0.7","USD","28.06","177.11","ORD0000120","2025-09-17 15:16:03","LMT","mock-trader","MOCKEXEC00000120"
"-37.47","BUY","USD","TSLA","T000121","2025-09-17","Trade","NASDAQ","50","420.23","21011.5","2.67","0.86","USD","-21015.03","426.71","ORD0000121","2025-09-17 10:53:27","MKT","mock-trader","MOCKEXEC00000121"
"71.0","BUY","USD","TSLA","T000122","2025-09-18","Trade","NASDAQ","20","260.65","5213.0","0.83","2.49","USD","-5216.32","258.65","ORD0000122","2025-09-18 09:20:59","LMT","mock-trader","MOCKEXEC00000122"
"234.88","BUY","USD","NVDA","T000123","2025-09-18","Trade","NASDAQ","1","122.95","122.95","2.44","0.56","USD","-125.95","126.24","ORD0000123","2025-09-18 12:39:00","MKT","mock-trader","MOCKEXEC00000123"
"183.62","BUY","USD","META","T000124","2025-09-18","Trade","NASDAQ","3","664.64","1993.92","1.85","0.5","USD","-1996.27","661.25","ORD0000124","2025-09-18 11:07:03","LMT","mock-trader","MOCKEXEC00000124"
"69.91","BUY","USD","AMD","T000125","2025-09-18","Trade","NYSE","2","225.5","451.0","1.88","1.67","USD","-454.55","226.7","ORD0000125","2025-09-18 14:09:18","MKT","mock-trader","MOCKEXEC00000125"
"154.11","BUY","USD","TSLA","T000126","2025-09-18","Trade","ARCA","20","287.46","5749.2","1.83","1.06","USD","-5752.09","294.71","ORD0000126","2025-09-18 13:32:50","MKT","mock-trader","MOCKEXEC00000126"
"310.52","SELL","USD","GOOGL","T000127","2025-09-18","Trade","ARCA","1","245.35","245.35","0.89","0.29","USD","309.34","249.97","ORD0000127","2025-09-18 11:15:46","MKT","mock-trader","MOCKEXEC00000127"
"-10.73","BUY","USD","TSLA","T000128","2025-09-18","Trade","NASDAQ","1","320.46","320.46","2.25","2.12","USD","-324.83","323.41","ORD0000128","2025-09-18 14:30:40","MKT","mock-trader","MOCKEXEC00000128"
"-158.1","SELL","USD","MSFT","T000129","2025-09-18","Trade","ARCA","1","408.69","408.69","0.7","0.34","USD","-159.14","415.62","ORD0000129","2025-09-18 13:25:52","LMT","mock-trader","MOCKEXEC00000129"
"251.07","BUY","USD","META","T000130","2025-09-18","Trade","NYSE","5","585.83","2929.15","0.17","1.73","USD","-2931.05","582.2","ORD0000130","2025-09-18 15:23:27","LMT","mock-trader","MOCKEXEC00000130"
"68.76","SELL","USD","GOOGL","T000131","2025-09-18","Trade","NYSE","3","224.43","673.29","3.24","1.42","USD","64.1","229.25","ORD0000131","2025-09-18 14:27:05","MKT","mock-trader","MOCKEXEC00000131"
"150.46","SELL","USD","META","T000132","2025-09-18","Trade","NYSE","2","524.02","1048.04","1.07","1.61","USD","147.78","522.84","ORD0000132","2025-09-18 14:28:22","MKT","mock-trader","MOCKEXEC00000132"
"215.74","SELL","USD","TSLA","T000133","2025-09-18","Trade","ARCA","10","377.89","3778.9","0.2","1.76","USD","213.78","376.39","ORD0000133","2025-09-18 13:51:47","MKT","mock-trader","MOCKEXEC00000133"
"-146.38","BUY","USD","AAPL","T000134","2025-09-18","Trade","NASDAQ","25","202.44","5061.0","2.72","1.07","USD","-5064.79","200.57","ORD0000134","2025-09-18 13:02:38","LMT","mock-trader","MOCKEXEC00000134"
"84.73","SELL","USD","TSLA","T000135","2025-09-19","Trade","NASDAQ","2","364.78","729.56","1.39","1.71","USD","81.63","360.77","ORD0000135","2025-09-19 09:01:47","LMT","mock-trader","MOCKEXEC00000135"
"172.02","BUY","USD","GOOGL","T000136","2025-09-19","Trade","NASDAQ","10","266.24","2662.4","0.75","1.63","USD","-2664.78","269.34","ORD0000136","2025-09-19 12:12:07","MKT","mock-trader","MOCKEXEC00000136"
"225.26","BUY","USD","AMD","T000137","2025-09-19","Trade","ARCA","25","249.59","6239.75","3.39","2.47","USD","-6245.61","252.28","ORD0000137","2025-09-19 14:04:35","LMT","mock-trader","MOCKEXEC00000137"
"74.38","BUY","USD","META","T000138","2025-09-19","Trade","NYSE","3","738.11","2214.33","0.42","0.7","USD","-2215.45","732.33","ORD0000138","2025-09-19 15:31:01","LMT","mock-trader","MOCKEXEC00000138"
"19.08","BUY","USD","AMD","T000139","2025-09-19","Trade","NASDAQ","2","109.86","219.72","2.51","1.33","USD","-223.56","108.43","ORD0000139","2025-09-19 12:52:36","MKT","mock-trader","MOCKEXEC00000139"
"78.68","BUY","USD","TSLA","T000140","2025-09-19","Trade","NASDAQ","25","343.17","8579.25","0.45","2.12","USD","-8581.82","343.99","ORD0000140","2025-09-19 13:11:49","LMT","mock-trader","MOCKEXEC00000140"
"-97.67","BUY","USD","AAPL","T000141","2025-09-19","Trade","NASDAQ","50","210.71","10535.5","1.13","1.85","USD","-10538.48","208.25","ORD0000141","2025-09-19 13:57:18","LMT","mock-trader","MOCKEXEC00000141"
"127.21","SELL","USD","AMZN","T000142","2025-09-19","Trade","ARCA","3","212.5","637.5","0.33","1.69","USD","125.19","213.97","ORD0000142","2025-09-19 13:09:10","LMT","mock-trader","MOCKEXEC00000142"
"140.73","BUY","USD","AAPL","T000143","2025-09-19","Trade","NASDAQ","2","203.18","406.36","2.02","1.72","USD","-410.1","207.45","ORD0000143","2025-09-19 12:39:40","LMT","mock-trader","MOCKEXEC00000143"
"223.67","SELL","USD","META","T000144","2025-09-19","Trade","NYSE","25","573.46","14336.5","1.42","1.27","USD","220.98","576.48","ORD0000144","2025-09-19 10:28:26","LMT","mock-trader","MOCKEXEC00000144"
"179.18","SELL","USD","AMZN","T000145","2025-09-19","Trade","ARCA","3","181.26","543.78","2.57","2.19","USD","174.42","188.87","ORD0000145","2025-09-19 10:48:23","MKT","mock-trader","MOCKEXEC00000145"
"-56.04","SELL","USD","AMZN","T000146","2025-09-22","Trade","NASDAQ","2","176.75","353.5","0.34","0.9","USD","-57.28","174.9","ORD0000146","2025-09-22 13:26:15","LMT","mock-trader","MOCKEXEC00000146"
"77.36","BUY","USD","TSLA","T000147","2025-09-22","Trade","NASDAQ","3","349.65","1048.95","1.75","0.94","USD","-1051.64","342.02","ORD0000147","2025-09-22 12:32:29","MKT","mock-trader","MOCKEXEC00000147"
"118.76","BUY","USD","TSLA","T000148","2025-09-22","Trade","NYSE","1","306.27","306.27","2.95","1.76","USD","-310.98","302.84","ORD0000148","2025-09-22 09:54:06","MKT","mock-trader","MOCKEXEC00000148"
"20.29","SELL","USD","META","T000149","2025-09-22","Trade","NYSE","20","609.78","12195.6","2.0","0.69","USD","17.6","610.63","ORD0000149","2025-09-22 09:24:32","LMT","mock-trader","MOCKEXEC00000149"
"217.45","BUY","USD","MSFT","T000150","2025-09-22","Trade","NYSE","2","428.78","857.56","1.19","2.36","USD","-861.11","432.86","ORD0000150","2025-09-22 10:38:32","MKT","mock-trader","MOCKEXEC00000150"
"221.98","BUY","USD","AAPL","T000151","2025-09-22","Trade","ARCA","3","249.95","749.85","1.82","0.59","USD","-752.26","256.24","ORD0000151","2025-09-22 10:20:59","LMT","mock-trader","MOCKEXEC00000151"
"73.66","SELL","USD","NVDA","T000152","2025-09-22","Trade","NYSE","10","147.5","1475.0","1.78","1.35","USD","70.53","148.51","ORD0000152","2025-09-22 12:52:01","LMT","mock-trader","MOCKEXEC00000152"
"182.66","SELL","USD","MSFT","T000153","2025-09-22","Trade","ARCA","10","509.35","5093.5","2.41","0.31","USD","179.94","508.94","ORD0000153","2025-09-22 14:50:49","MKT","mock-trader","MOCKEXEC00000153"
"180.59","SELL","USD","AAPL","T000154","2025-09-22","Trade","ARCA","3","236.7","710.1","2.71","1.11","USD","176.77","241.85","ORD0000154","2025-09-22 10:02:36","MKT","mock-trader","MOCKEXEC00000154"
"-104.28","BUY","USD","AMZN","T000155","2025-09-22","Trade","ARCA","25","181.37","4534.25","2.42","1.17","USD","-4537.84","185.77","ORD0000155","2025-09-22 12:55:54","MKT","mock-trader","MOCKEXEC00000155"
"151.11","BUY","USD","NVDA","T000156","2025-09-22","Trade","NYSE","50","126.0","6300.0","1.84","0.96","USD","-6302.8","120.77","ORD0000156","2025-09-22 13:21:34","LMT","mock-trader","MOCKEXEC00000156"
"-67.57","BUY","USD","AMZN","T000157","2025-09-23","Trade","NYSE","10","205.81","2058.1","3.41","0.92","USD","-2062.43","202.43","ORD0000157","2025-09-23 10:44:45","LMT","mock-trader","MOCKEXEC00000157"
"217.7","SELL","USD","AMD","T000158","2025-09-23","Trade","NYSE","50","240.06","12003.0","0.96","0.52","USD","216.22","242.89","ORD0000158","2025-09-23 12:57:25","MKT","mock-trader","MOCKEXEC00000158"
"-140.49","BUY","USD","META","T000159","2025-09-23","Trade","ARCA","10","786.59","7865.9","3.23","1.73","USD","-7870.86","790.55","ORD0000159","2025-09-23 10:12:52","LMT","mock-trader","MOCKEXEC00000159"
"113.42","BUY","USD","META","T000160","2025-09-23","Trade","NASDAQ","2","684.7","1369.4","0.85","1.76","USD","-1372.01","685.2","ORD0000160","2025-09-23 14:14:03","LMT","mock-trader","MOCKEXEC00000160"
"-111.27","SELL","USD","TSLA","T000161","2025-09-23","Trade","NYSE","2","386.24","772.48","3.38","2.45","USD","-117.1","380.77","ORD0000161","2025-09-23 14:59:56","LMT","mock-trader","MOCKEXEC00000161"
"-150.42","SELL","USD","AMZN","T000162","2025-09-23","Trade","NASDAQ","15","178.54","2678.1","2.69","1.72","USD","-154.83","174.26","ORD0000162","2025-09-23 14:46:54","MKT","mock-trader","MOCKEXEC00000162"
"18.5","BUY","USD","GOOGL","T000163","2025-09-23","Trade","NASDAQ","1","299.58","299.58","1.73","2.36","USD","-303.67","306.97","ORD0000163","2025-09-23 11:56:02","LMT","mock-trader","MOCKEXEC00000163"
"140.66","SELL","USD","MSFT","T000164","2025-09-23","Trade","NASDAQ","10","440.87","4408.7","1.84","2.25","USD","136.57","435.02","ORD0000164","2025-09-23 13:29:17","MKT","mock-trader","MOCKEXEC00000164"
"179.3","BUY","USD","TSLA","T000165","2025-09-23","Trade","NASDAQ","25","379.66","9491.5","0.05","1.01","USD","-9492.56","376.38","ORD0000165","2025-09-23 14:48:12","LMT","mock-trader","MOCKEXEC00000165"
"-132.31","SELL","USD","GOOGL","T000166","2025-09-23","Trade","NASDAQ","2","210.12","420.24","3.44","1.32","USD","-137.07","217.09","ORD0000166","2025-09-23 09:16:24","LMT","mock-trader","MOCKEXEC00000166"
"106.44","SELL","USD","META","T000167","2025-09-23","Trade","NYSE","10","674.74","6747.4","0.92","1.06","USD","104.46","670.52","ORD0000167","2025-09-23 14:07:29","MKT","mock-trader","MOCKEXEC00000167"
"290.32","SELL","USD","GOOGL","T000168","2025-09-23","Trade","ARCA","2","245.81","491.62","1.29","0.75","USD","288.28","253.13","ORD0000168","2025-09-23 12:09:29","LMT","mock-trader","MOCKEXEC00000168"
"232.8","SELL","USD","GOOGL","T000169","2025-09-23","Trade","NYSE","50","270.3","13515.0","2.67","1.78","USD","228.35","271.83","ORD0000169","2025-09-23 15:05:33","LMT","mock-trader","MOCKEXEC00000169"
"-78.92","BUY","USD","MSFT","T000170","2025-09-24","Trade","NASDAQ","50","530.58","26529.0","1.88","0.62","USD","-26531.5","536.25","ORD0000170","2025-09-24 12:07:43","LMT","mock-trader","MOCKEXEC00000170"
"76.62","SELL","USD","MSFT","T000171","2025-09-24","Trade","NASDAQ","1","440.69","440.69","1.6","0.38","USD","74.64","440.09","ORD0000171","2025-09-24 15:19:46","LMT","mock-trader","MOCKEXEC00000171"
"-157.36","BUY","USD","META","T000172","2025-09-24","Trade","NASDAQ","5","673.49","3367.45","1.21","0.39","USD","-3369.05","681.4","ORD0000172","2025-09-24 09:59:30","LMT","mock-trader","MOCKEXEC00000172"
"309.17","BUY","USD","GOOGL","T000173","2025-09-24","Trade","NYSE","3","264.87","794.61","2.26","1.2","USD","-798.07","272.76","ORD0000173","2025-09-24 12:28:55","LMT","mock-trader","MOCKEXEC00000173"
"316.42","BUY","USD","MSFT","T000174","2025-09-24","Trade","NASDAQ","15","373.73","5605.95","1.38","0.54","USD","-5607.87","381.39","ORD0000174","2025-09-24 15:00:48","LMT","mock-trader","MOCKEXEC00000174"
"-65.17","SELL","USD","AMD","T000175","2025-09-24","Trade","NASDAQ","50","156.89","7844.5","1.61","0.6","USD","-67.38","151.91","ORD0000175","2025-09-24 14:48:07","LMT","mock-trader","MOCKEXEC00000175"
"116.97","BUY","USD","AAPL","T000176","2025-09-24","Trade","NYSE","5","204.71","1023.55","1.56","1.76","USD","-1026.87","210.67","ORD0000176","2025-09-24 10:47:02","LMT","mock-trader","MOCKEXEC00000176"
"-35.37","BUY","USD","AMZN","T000177","2025-09-25","Trade","NYSE","3","200.39","601.17","2.86","1.9","USD","-605.93","197.49","ORD0000177","2025-09-25 13:49:43","MKT","mock-trader","MOCKEXEC00000177"
"-29.75","BUY","USD","META","T000178","2025-09-25","Trade","NYSE","50","566.31","28315.5","0.21","2.38","USD","-28318.09","572.39","ORD0000178","2025-09-25 10:40:43","LMT","mock-trader","MOCKEXEC00000178"
"-20.63","SELL","USD","AAPL","T000179","2025-09-25","Trade","NASDAQ","20","255.01","5100.2","1.46","0.59","USD","-22.68","253.03","ORD0000179","2025-09-25 15:34:30","MKT","mock-trader","MOCKEXEC00000179"
"101.19","BUY","USD","META","T000180","2025-09-25","Trade","NYSE","25","774.42","19360.5","3.39","1.5","USD","-19365.39","768.57","ORD0000180","2025-09-25 10:16:13","MKT","mock-trader","MOCKEXEC00000180"
"234.7","SELL","USD","AMD","T000181","2025-09-25","Trade","NASDAQ","2","180.35","360.7","0.18","1.1","USD","233.42","182.03","ORD0000181","2025-09-25 09:55:04","MKT","mock-trader","MOCKEXEC00000181"
"274.5","BUY","USD","AMD","T000182","2025-09-25","Trade","NASDAQ","15","145.48","2182.2","0.74","0.68","USD","-2183.62","149.34","ORD0000182","2025-09-25 14:48:30","MKT","mock-trader","MOCKEXEC00000182"
"-38.47","BUY","USD","GOOGL","T000183","2025-09-25","Trade","NYSE","50","198.24","9912.0","1.63","1.71","USD","-9915.34","195.17","ORD0000183","2025-09-25 11:32:56","LMT","mock-trader","MOCKEXEC00000183"
"5.35","SELL","USD","MSFT","T000184","2025-09-25","Trade","ARCA","15","532.87","7993.05","1.45","1.52","USD","2.38","528.41","ORD0000184","2025-09-25 10:01:16","LMT","mock-trader","MOCKEXEC00000184"
"9.92","BUY","USD","META","T000185","2025-09-25","Trade","NYSE","5","598.96","2994.8","2.92","1.37","USD","-2999.09","601.43","ORD0000185","2025-09-25 14:21:16","LMT","mock-trader","MOCKEXEC00000185"
"93.27","SELL","USD","NVDA","T000186","2025-09-26","Trade","NASDAQ","3","111.2","333.6","0.64","2.25","USD","90.38","119.05","ORD0000186","2025-09-26 09:33:02","MKT","mock-trader","MOCKEXEC00000186"
"-64.28","SELL","USD","AAPL","T000187","2025-09-26","Trade","ARCA","3","258.98","776.94","2.48","0.27","USD","-67.03","259.07","ORD0000187","2025-09-26 11:03:39","LMT","mock-trader","MOCKEXEC00000187"
"25.67","BUY","USD","AMD","T000188","2025-09-26","Trade","ARCA","1","179.83","179.83","0.06","1.87","USD","-181.76","180.4","ORD0000188","2025-09-26 11:01:32","LMT","mock-trader","MOCKEXEC00000188"
"-59.52","BUY","USD","NVDA","T000189","2025-09-26","Trade","NYSE","2","141.95","283.9","2.17","0.82","USD","-286.89","139.62","ORD0000189","2025-09-26 15:25:05","LMT","mock-trader","MOCKEXEC00000189"
"234.03","BUY","USD","AMD","T000190","2025-09-26","Trade","NYSE","5","145.0","725.0","0.28","2.48","USD","-727.76","147.4","ORD0000190","2025-09-26 09:05:25","LMT","mock-trader","MOCKEXEC00000190"
"-138.66","BUY","USD","AMD","T000191","2025-09-26","Trade","ARCA","1","205.43","205.43","2.96","1.7","USD","-210.09","202.73","ORD0000191","2025-09-26 15:06:57","MKT","mock-trader","MOCKEXEC00000191"
"282.08","BUY","USD","AMZN","T000192","2025-09-26","Trade","NYSE","25","177.11","4427.75","2.4","0.88","USD","-4431.03","177.8","ORD0000192","2025-09-26 14:02:11","MKT","mock-trader","MOCKEXEC00000192"
"-30.36","BUY","USD","AMZN","T000193","2025-09-26","Trade","NYSE","20","242.89","4857.8","1.97","1.53","USD","-4861.3","248.48","ORD0000193","2025-09-26 14:57:34","LMT","mock-trader","MOCKEXEC00000193"
"-7.07","BUY","USD","NVDA","T000194","2025-09-26","Trade","ARCA","50","159.64","7982.0","0.34","0.77","USD","-7983.11","152.86","ORD0000194","2025-09-26 13:49:39","LMT","mock-trader","MOCKEXEC00000194"
"45.28","BUY","USD","TSLA","T000195","2025-09-26","Trade","ARCA","10","406.71","4067.1","0.8","1.49","USD","-4069.39","404.72","ORD0000195","2025-09-26 10:43:37","LMT","mock-trader","MOCKEXEC00000195"
"-138.98","SELL","USD","MSFT","T000196","2025-09-26","Trade","NYSE","5","492.62","2463.1","0.54","1.85","USD","-141.37","494.76","ORD0000196","2025-09-26 14:24:20","MKT","mock-trader","MOCKEXEC00000196"
"200.67","BUY","USD","MSFT","T000197","2025-09-26","Trade","NYSE","10","438.95","4389.5","0.36","0.45","USD","-4390.31","437.85","ORD0000197","2025-09-26 13:35:32","MKT","mock-trader","MOCKEXEC00000197"
"118.46","BUY","USD","AAPL","T000198","2025-09-26","Trade","NASDAQ","15","238.8","3582.0","2.75","2.19","USD","-3586.94","231.0","ORD0000198","2025-09-26 12:24:49","MKT","mock-trader","MOCKEXEC00000198"
"-29.43","SELL","USD","NVDA","T000199","2025-09-29","Trade","NASDAQ","3","111.11","333.33","1.73","0.39","USD","-31.55","110.06","ORD0000199","2025-09-29 12:19:30","LMT","mock-trader","MOCKEXEC00000199"
"-82.23","BUY","USD","META","T000200","2025-09-29","Trade","NYSE","25","678.14","16953.5","0.37","0.94","USD","-16954.81","685.32","ORD0000200","2025-09-29 11:53:39","LMT","mock-trader","MOCKEXEC00000200"
"249.75","SELL","USD","AMD","T000201","2025-09-29","Trade","NYSE","20","222.32","4446.4","3.41","0.56","USD","245.78","219.45","ORD0000201","2025-09-29 14:12:30","MKT","mock-trader","MOCKEXEC00000201"
"136.45","SELL","USD","GOOGL","T000202","2025-09-29","Trade","NYSE","10","260.23","2602.3","3.39","2.01","USD","131.05","257.44","ORD0000202","2025-09-29 11:52:50","LMT","mock-trader","MOCKEXEC00000202"
"203.81","BUY","USD","MSFT","T000203","2025-09-29","Trade","NYSE","50","385.99","19299.5","0.09","1.89","USD","-19301.48","393.08","ORD0000203","2025-09-29 10:28:51","MKT","mock-trader","MOCKEXEC00000203"
"-58.99","SELL","USD","GOOGL","T000204","2025-09-29","Trade","NYSE","3","245.0","735.0","2.31","1.86","USD","-63.16","249.63","ORD0000204","2025-09-29 09:28:38","LMT","mock-trader","MOCKEXEC00000204"
"226.15","BUY","USD","GOOGL","T000205","2025-09-29","Trade","NYSE","15","255.25","3828.75","2.08","2.31","USD","-3833.14","249.0","ORD0000205","2025-09-29 10:42:42","MKT","mock-trader","MOCKEXEC00000205"
"35.23","SELL","USD","AAPL","T000206","2025-09-29","Trade","ARCA","15","267.6","4014.0","0.04","0.83","USD","34.36","267.77","ORD0000206","2025-09-29 13:35:37","MKT","mock-trader","MOCKEXEC00000206"
"159.78","SELL","USD","AMD","T000207","2025-09-29","Trade","NYSE","20","169.46","3389.2","2.42","0.59","USD","156.77","177.42","ORD0000207","2025-09-29 12:06:18","MKT","mock-trader","MOCKEXEC00000207"
"47.67","BUY","USD","MSFT","T000208","2025-09-29","Trade","NYSE","15","412.38","6185.7","0.72","1.34","USD","-6187.76","412.0","ORD0000208","2025-09-29 12:46:44","LMT","mock-trader","MOCKEXEC00000208"
"-122.46","SELL","USD","MSFT","T000209","2025-09-29","Trade","NASDAQ","1","512.04","512.04","2.97","1.71","USD","-127.14","514.87","ORD0000209","2025-09-29 10:59:47","MKT","mock-trader","MOCKEXEC00000209"
"51.03","SELL","USD","NVDA","T000210","2025-09-29","Trade","NASDAQ","50","134.11","6705.5","2.79","1.67","USD","46.57","129.09","ORD0000210","2025-09-29 14:27:25","MKT","mock-trader","MOCKEXEC00000210"
"-72.6","SELL","USD","AMD","T000211","2025-09-29","Trade","ARCA","20","100.67","2013.4","0.97","1.83","USD","-75.4","105.41","ORD0000211","2025-09-29 13:06:51","MKT","mock-trader","MOCKEXEC00000211"
"-48.82","SELL","USD","TSLA","T000212","2025-09-29","Trade","NYSE","5","341.51","1707.55","3.02","1.44","USD","-53.28","343.74","ORD0000212","2025-09-29 13:24:39","MKT","mock-trader","MOCKEXEC00000212"
"172.99","SELL","USD","TSLA","T000213","2025-09-30","Trade","NASDAQ","3","412.75","1238.25","1.04","1.63","USD","170.32","406.11","ORD0000213","2025-09-30 10:20:07","LMT","mock-trader","MOCKEXEC00000213"
"75.41","BUY","USD","MSFT","T000214","2025-09-30","Trade","ARCA","15","488.69","7330.35","1.46","0.56","USD","-7332.37","486.83","ORD0000214","2025-09-30 10:31:40","MKT","mock-trader","MOCKEXEC00000214"
"-22.71","SELL","USD","NVDA","T000215","2025-09-30","Trade","NASDAQ","10","111.22","1112.2","1.58","0.37","USD","-24.66","108.96","ORD0000215","2025-09-30 09:31:08","LMT","mock-trader","MOCKEXEC00000215"
"239.95","SELL","USD","AMD","T000216","2025-09-30","Trade","NASDAQ","25","162.34","4058.5","1.71","0.44","USD","237.8","154.83","ORD0000216","2025-09-30 15:14:18","LMT","mock-trader","MOCKEXEC00000216"
"102.83","SELL","USD","AMZN","T000217","2025-09-30","Trade","ARCA","3","228.07","684.21","2.7","1.36","USD","98.77","228.24","ORD0000217","2025-09-30 13:07:17","LMT","mock-trader","MOCKEXEC00000217"
"32.58","SELL","USD","AAPL","T000218","2025-09-30","Trade","NYSE","50","215.3","10765.0","2.58","1.72","USD","28.28","211.26","ORD0000218","2025-09-30 15:02:28","LMT","mock-trader","MOCKEXEC00000218"
"-61.53","SELL","USD","MSFT","T000219","2025-09-30","Trade","NYSE","2","505.13","1010.26","2.84","1.57","USD","-65.94","502.74","ORD0000219","2025-09-30 14:39:40","MKT","mock-trader","MOCKEXEC00000219"
"105.04","BUY","USD","NVDA","T000220","2025-09-30","Trade","ARCA","5","164.44","822.2","1.86","1.59","USD","-825.65","159.13","ORD0000220","2025-09-30 14:18:18","LMT","mock-trader","MOCKEXEC00000220"
"316.24","BUY","USD","MSFT","T000221","2025-09-30","Trade","NYSE","20","533.75","10675.0","3.03","0.54","USD","-10678.57","539.61","ORD0000221","2025-09-30 10:09:45","MKT","mock-trader","MOCKEXEC00000221"
"-45.64","SELL","USD","GOOGL","T000222","2025-09-30","Trade","ARCA","3","236.61","709.83","1.45","1.27","USD","-48.36","238.75","ORD0000222","2025-09-30 15:05:25","LMT","mock-trader","MOCKEXEC00000222"
"-178.76","SELL","USD","TSLA","T000223","2025-09-30","Trade","ARCA","25","315.46","7886.5","2.71","1.9","USD","-183.37","319.15","ORD0000223","2025-09-30 12:40:42","LMT","mock-trader","MOCKEXEC00000223"
"67.36","BUY","USD","GOOGL","T000224","2025-10-01","Trade","NYSE","20","273.73","5474.6","1.13","0.89","USD","-5476.62","274.49","ORD0000224","2025-10-01 10:36:54","LMT","mock-trader","MOCKEXEC00000224"
"238.35","BUY","USD","AAPL","T000225","2025-10-01","Trade","NASDAQ","2","243.83","487.66","0.06","2.34","USD","-490.06","238.36","ORD0000225","2025-10-01 12:00:27","MKT","mock-trader","MOCKEXEC00000225"
"0.22","BUY","USD","META","T000226","2025-10-01","Trade","NYSE","10","528.0","5280.0","0.29","1.75","USD","-5282.04","530.38","ORD0000226","2025-10-01 09:25:40","MKT","mock-trader","MOCKEXEC00000226"
"58.4","BUY","USD","GOOGL","T000227","2025-10-01","Trade","NYSE","2","150.16","300.32","0.46","0.76","USD","-301.54","153.04","ORD0000227","2025-10-01 09:00:44","MKT","mock-trader","MOCKEXEC00000227"
"11.53","BUY","USD","GOOGL","T000228","2025-10-01","Trade","NASDAQ","25","160.62","4015.5","2.56","0.48","USD","-4018.54","157.63","ORD0000228","2025-10-01 11:08:24","MKT","mock-trader","MOCKEXEC00000228"
"181.22","BUY","USD","MSFT","T000229","2025-10-01","Trade","NASDAQ","3","438.02","1314.06","2.2","0.59","USD","-1316.85","436.61","ORD0000229","2025-10-01 14:28:55","MKT","mock-trader","MOCKEXEC00000229"
"12.02","BUY","USD","MSFT","T000230","2025-10-01","Trade","NASDAQ","2","467.91","935.82","3.37","0.96","USD","-940.15","462.15","ORD0000230","2025-10-01 11:41:05","LMT","mock-trader","MOCKEXEC00000230"
"-85.68","BUY","USD","META","T000231","2025-10-02","Trade","NYSE","50","682.08","34104.0","1.37","1.7","USD","-34107.07","686.62","ORD0000231","2025-10-02 15:15:31","MKT","mock-trader","MOCKEXEC00000231"
"308.85","SELL","USD","AMZN","T000232","2025-10-02","Trade","NYSE","2","202.83","405.66","3.45","2.35","USD","303.05","196.94","ORD0000232","2025-10-02 15:53:36","LMT","mock-trader","MOCKEXEC00000232"
"-146.23","SELL","USD","NVDA","T000233","2025-10-02","Trade","NYSE","2","101.34","202.68","0.92","0.34","USD","-147.49","94.31","ORD0000233","2025-10-02 15:25:32","LMT","mock-trader","MOCKEXEC00000233"
"88.83","SELL","USD","GOOGL","T000234","2025-10-02","Trade","ARCA","2","246.08","492.16","0.53","0.44","USD","87.86","239.34","ORD0000234","2025-10-02 10:51:09","LMT","mock-trader","MOCKEXEC00000234"
"184.98","BUY","USD","GOOGL","T000235","2025-10-02","Trade","ARCA","10","254.8","2548.0","2.96","0.38","USD","-2551.34","248.18","ORD0000235","2025-10-02 12:07:29","MKT","mock-trader","MOCKEXEC00000235"
"-111.39","BUY","USD","META","T000236","2025-10-02","Trade","ARCA","2","503.8","1007.6","0.04","1.37","USD","-1009.01","501.35","ORD0000236","2025-10-02 13:50:52","LMT","mock-trader","MOCKEXEC00000236"
"-120.97","BUY","USD","TSLA","T000237","2025-10-03","Trade","ARCA","10","396.59","3965.9","3.15","1.0","USD","-3970.05","395.46","ORD0000237","2025-10-03 13:04:16","MKT","mock-trader","MOCKEXEC00000237"
"69.81","SELL","USD","AMD","T000238","2025-10-03","Trade","ARCA","50","154.02","7701.0","1.98","1.08","USD","66.75","150.1","ORD0000238","2025-10-03 09:57:36","MKT","mock-trader","MOCKEXEC00000238"
"-173.86","BUY","USD","AMZN","T000239","2025-10-03","Trade","NASDAQ","1","235.87","235.87","0.16","1.07","USD","-237.1","242.59","ORD0000239","2025-10-03 10:59:54","LMT","mock-trader","MOCKEXEC00000239"
"180.14","SELL","USD","AMZN","T000240","2025-10-03","Trade","NASDAQ","5","191.63","958.15","0.95","0.43","USD","178.76","189.59","ORD0000240","2025-10-03 13:43:57","MKT","mock-trader","MOCKEXEC00000240"
"52.55","BUY","USD","AMZN","T000241","2025-10-03","Trade","NYSE","20","156.89","3137.8","0.99","2.15","USD","-3140.94","154.13","ORD0000241","2025-10-03 13:29:00","MKT","mock-trader","MOCKEXEC00000241"
"115.85","SELL","USD","META","T000242","2025-10-03","Trade","NASDAQ","5","639.18","3195.9","1.73","1.99","USD","112.13","634.31","ORD0000242","2025-10-03 13:48:50","MKT","mock-trader","MOCKEXEC00000242"
"-6.79","SELL","USD","AAPL","T000243","2025-10-03","Trade","NYSE","1","216.31","216.31","2.94","2.22","USD","-11.95","223.53","ORD0000243","2025-10-03 09:48:42","LMT","mock-trader","MOCKEXEC00000243"
"29.91","BUY","USD","MSFT","T000244","2025-10-03","Trade","NASDAQ","50","546.62","27331.0","3.36","2.44","USD","-27336.8","540.9","ORD0000244","2025-10-03 11:05:02","LMT","mock-trader","MOCKEXEC00000244"
"138.61","BUY","USD","AMD","T000245","2025-10-06","Trade","NYSE","2","175.81","351.62","1.38","1.58","USD","-354.58","168.81","ORD0000245","2025-10-06 14:08:15","LMT","mock-trader","MOCKEXEC00000245"
"-44.02","SELL","USD","TSLA","T000246","2025-10-06","Trade","NASDAQ","15","313.61","4704.15","0.26","0.71","USD","-44.99","318.09","ORD0000246","2025-10-06 13:06:09","MKT","mock-trader","MOCKEXEC00000246"
"87.96","SELL","USD","AMD","T000247","2025-10-06","Trade","NASDAQ","15","160.98","2414.7","3.38","0.72","USD","83.86","157.91","ORD0000247","2025-10-06 11:54:07","MKT","mock-trader","MOCKEXEC00000247"
"-16.1","BUY","USD","META","T000248","2025-10-06","Trade","NYSE","5","750.78","3753.9","0.32","0.81","USD","-3755.03","748.47","ORD0000248","2025-10-06 13:03:43","LMT","mock-trader","MOCKEXEC00000248"
"97.98","BUY","USD","NVDA","T000249","2025-10-06","Trade","NASDAQ","20","168.37","3367.4","1.93","0.46","USD","-3369.79","162.0","ORD0000249","2025-10-06 15:08:07","MKT","mock-trader","MOCKEXEC00000249"
"6.12","BUY","USD","AMZN","T000250","2025-10-06","Trade","NASDAQ","5","232.37","1161.85","2.21","1.7","USD","-1165.76","233.69","ORD0000250","2025-10-06 11:58:52","MKT","mock-trader","MOCKEXEC00000250"
"-134.01","BUY","USD","MSFT","T000251","2025-10-06","Trade","ARCA","25","511.86","12796.5","2.97","2.07","USD","-12801.54","505.82","ORD0000251","2025-10-06 12:03:10","LMT","mock-trader","MOCKEXEC00000251"
"33.33","SELL","USD","GOOGL","T000252","2025-10-06","Trade","NASDAQ","1","207.41","207.41","1.24","2.29","USD","29.8","203.81","ORD0000252","2025-10-06 12:56:09","MKT","mock-trader","MOCKEXEC00000252"
"59.52","SELL","USD","META","T000253","2025-10-06","Trade","ARCA","20","764.83","15296.6","0.31","1.11","USD","58.1","763.54","ORD0000253","2025-10-06 14:56:51","MKT","mock-trader","MOCKEXEC00000253"
"210.72","SELL","USD","AAPL","T000254","2025-10-06","Trade","NYSE","15","233.58","3503.7","1.2","1.52","USD","208.0","230.73","ORD0000254","2025-10-06 11:11:01","MKT","mock-trader","MOCKEXEC00000254"
"55.84","SELL","USD","AAPL","T000255","2025-10-06","Trade","ARCA","1","256.61","256.61","1.25","1.56","USD","53.03","252.33","ORD0000255","2025-10-06 10:06:15","MKT","mock-trader","MOCKEXEC00000255"
"239.61","BUY","USD","AAPL","T000256","2025-10-07","Trade","NYSE","20","224.84","4496.8","2.96","0.65","USD","-4500.41","226.32","ORD0000256","2025-10-07 15:47:44","MKT","mock-trader","MOCKEXEC00000256"
"225.2","BUY","USD","TSLA","T000257","2025-10-07","Trade","NASDAQ","5","417.34","2086.7","3.4","1.47","USD","-2091.57","412.15","ORD0000257","2025-10-07 09:05:03","MKT","mock-trader","MOCKEXEC00000257"
"127.07","SELL","USD","AAPL","T000258","2025-10-07","Trade","NYSE","1","223.22","223.22","2.82","1.02","USD","123.23","218.06","ORD0000258","2025-10-07 15:54:55","MKT","mock-trader","MOCKEXEC00000258"
"243.24","BUY","USD","AAPL","T000259","2025-10-07","Trade","NASDAQ","3","254.21","762.63","3.01","2.41","USD","-768.05","252.19","ORD0000259","2025-10-07 14:25:37","LMT","mock-trader","MOCKEXEC00000259"
"186.18","SELL","USD","META","T000260","2025-10-07","Trade","ARCA","3","792.76","2378.28","1.53","1.69","USD","182.96","792.56","ORD0000260","2025-10-07 11:11:45","LMT","mock-trader","MOCKEXEC00000260"
"164.25","BUY","USD","AMZN","T000261","2025-10-07","Trade","ARCA","20","180.68","3613.6","0.45","1.89","USD","-3615.94","187.86","ORD0000261","2025-10-07 13:25:54","MKT","mock-trader","MOCKEXEC00000261"
"-127.94","SELL","USD","NVDA","T000262","2025-10-07","Trade","ARCA","5","151.17","755.85","1.74","1.0","USD","-130.68","144.41","ORD0000262","2025-10-07 11:20:10","MKT","mock-trader","MOCKEXEC00000262"
"-55.23","SELL","USD","TSLA","T000263","2025-10-07","Trade","NYSE","1","303.04","303.04","0.24","0.83","USD","-56.3","296.77","ORD0000263","2025-10-07 09:03:24","LMT","mock-trader","MOCKEXEC00000263"
"-4.38","SELL","USD","NVDA","T000264","2025-10-07","Trade","ARCA","25","170.54","4263.5","1.31","2.11","USD","-7.8","175.16","ORD0000264","2025-10-07 13:41:48","MKT","mock-trader","MOCKEXEC00000264"
"-163.29","SELL","USD","NVDA","T000265","2025-10-07","Trade","NYSE","2","163.94","327.88","0.07","0.84","USD","-164.2","157.62","ORD0000265","2025-10-07 11:10:56","MKT","mock-trader","MOCKEXEC00000265"
"35.66","SELL","USD","MSFT","T000266","2025-10-08","Trade","NASDAQ","25","490.9","12272.5","2.29","1.62","USD","31.75","489.85","ORD0000266","2025-10-08 09:06:21","MKT","mock-trader","MOCKEXEC00000266"
"-132.04","SELL","USD","GOOGL","T000267","2025-10-08","Trade","NYSE","10","194.61","1946.1","1.38","1.49","USD","-134.91","194.47","ORD0000267","2025-10-08 09:23:00","MKT","mock-trader","MOCKEXEC00000267"
"-76.52","SELL","USD","META","T000268","2025-10-08","Trade","NYSE","5","529.1","2645.5","2.23","2.45","USD","-81.2","528.68","ORD0000268","2025-10-08 09:19:50","LMT","mock-trader","MOCKEXEC00000268"
"13.76","SELL","USD","AMD","T000269","2025-10-08","Trade","NYSE","2","196.28","392.56","1.3","1.11","USD","11.35","191.27","ORD0000269","2025-10-08 09:16:28","LMT","mock-trader","MOCKEXEC00000269"
"168.24","SELL","USD","AMZN","T000270","2025-10-08","Trade","NASDAQ","1","165.11","165.11","0.34","1.75","USD","166.15","170.04","ORD0000270","2025-10-08 12:48:37","MKT","mock-trader","MOCKEXEC00000270"
"288.18","SELL","USD","GOOGL","T000271","2025-10-08","Trade","ARCA","50","253.06","12653.0","2.0","0.78","USD","285.4","249.84","ORD0000271","2025-10-08 12:57:54","MKT","mock-trader","MOCKEXEC00000271"
"312.18","BUY","USD","NVDA","T000272","2025-10-08","Trade","NYSE","25","113.83","2845.75","3.4","2.07","USD","-2851.22","107.85","ORD0000272","2025-10-08 12:05:43","MKT","mock-trader","MOCKEXEC00000272"
"98.18","SELL","USD","META","T000273","2025-10-09","Trade","ARCA","2","526.11","1052.22","1.93","2.18","USD","94.07","526.43","ORD0000273","2025-10-09 15:00:50","LMT","mock-trader","MOCKEXEC00000273"
"113.97","SELL","USD","MSFT","T000274","2025-10-09","Trade","NYSE","3","379.64","1138.92","2.65","2.36","USD","108.96","386.44","ORD0000274","2025-10-09 13:49:06","LMT","mock-trader","MOCKEXEC00000274"
"106.01","SELL","USD","GOOGL","T000275","2025-10-09","Trade","ARCA","20","248.22","4964.4","1.66","0.64","USD","103.71","246.67","ORD0000275","2025-10-09 13:38:43","LMT","mock-trader","MOCKEXEC00000275"
"-155.35","SELL","USD","AAPL","T000276","2025-10-09","Trade","NYSE","15","248.34","3725.1","1.66","0.85","USD","-157.86","246.3","ORD0000276","2025-10-09 11:52:50","LMT","mock-trader","MOCKEXEC00000276"
"-66.02","SELL","USD","META","T000277","2025-10-09","Trade","NYSE","2","791.75","1583.5","1.05","1.92","USD","-68.99","796.13","ORD0000277","2025-10-09 11:17:46","MKT","mock-trader","MOCKEXEC00000277"
"23.59","SELL","USD","AMZN","T000278","2025-10-09","Trade","NASDAQ","5","241.34","1206.7","1.7","1.41","USD","20.48","239.32","ORD0000278","2025-10-09 09:32:50","MKT","mock-trader","MOCKEXEC00000278"
"82.14","SELL","USD","META","T000279","2025-10-09","Trade","NASDAQ","3","734.15","2202.45","1.99","0.64","USD","79.51","740.15","ORD0000279","2025-10-09 10:53:03","MKT","mock-trader","MOCKEXEC00000279"
"-43.01","BUY","USD","AMD","T000280","2025-10-09","Trade","NASDAQ","15","205.7","3085.5","2.88","1.39","USD","-3089.77","207.87","ORD0000280","2025-10-09 09:43:01","LMT","mock-trader","MOCKEXEC00000280"
"-5.12","BUY","USD","AMD","T000281","2025-10-10","Trade","NASDAQ","25","188.03","4700.75","0.57","2.26","USD","-4703.58","192.01","ORD0000281","2025-10-10 14:05:18","LMT","mock-trader","MOCKEXEC00000281"
"143.69","BUY","USD","AAPL","T000282","2025-10-10","Trade","ARCA","5","260.0","1300.0","2.37","0.86","USD","-1303.23","258.55","ORD0000282","2025-10-10 09:55:49","MKT","mock-trader","MOCKEXEC00000282"
"-175.77","BUY","USD","AMD","T000283","2025-10-10","Trade","NYSE","3","190.17","570.51","0.88","2.06","USD","-573.45","187.06","ORD0000283","2025-10-10 14:41:17","LMT","mock-trader","MOCKEXEC00000283"
"-28.93","SELL","USD","TSLA","T000284","2025-10-10","Trade","NYSE","10","293.64","2936.4","1.82","1.65","USD","-32.4","294.99","ORD0000284","2025-10-10 09:32:42","LMT","mock-trader","MOCKEXEC00000284"
"314.18","BUY","USD","META","T000285","2025-10-10","Trade","NYSE","25","519.15","12978.75","2.24","2.19","USD","-12983.18","515.33","ORD0000285","2025-10-10 14:57:41","MKT","mock-trader","MOCKEXEC00000285"
"221.18","BUY","USD","NVDA","T000286","2025-10-10","Trade","NYSE","1","164.43","164.43","2.1","1.74","USD","-168.27","167.32","ORD0000286","2025-10-10 14:01:41","LMT","mock-trader","MOCKEXEC00000286"
"-162.34","SELL","USD","META","T000287","2025-10-10","Trade","ARCA","20","616.48","12329.6","2.48","1.54","USD","-166.36","611.52","ORD0000287","2025-10-10 14:45:14","LMT","mock-trader","MOCKEXEC00000287"
"258.25","SELL","USD","TSLA","T000288","2025-10-10","Trade","ARCA","3","418.13","1254.39","0.63","0.47","USD","257.15","412.18","ORD0000288","2025-10-10 11:46:51","MKT","mock-trader","MOCKEXEC00000288"
"192.1","BUY","USD","TSLA","T000289","2025-10-10","Trade","NYSE","5","321.06","1605.3","1.07","2.02","USD","-1608.39","318.36","ORD0000289","2025-10-10 11:37:18","MKT","mock-trader","MOCKEXEC00000289"
"-82.73","BUY","USD","AMD","T000290","2025-10-10","Trade","NASDAQ","2","170.83","341.66","0.42","1.78","USD","-343.86","171.31","ORD0000290","2025-10-10 12:03:55","MKT","mock-trader","MOCKEXEC00000290"
"266.42","SELL","USD","AMZN","T000291","2025-10-10","Trade","NYSE","20","248.72","4974.4","3.45","0.57","USD","262.4","254.52","ORD0000291","2025-10-10 10:49:05","LMT","mock-trader","MOCKEXEC00000291"
"-43.24","SELL","USD","NVDA","T000292","2025-10-10","Trade","NASDAQ","1","100.38","100.38","2.66","0.63","USD","-46.53","104.61","ORD0000292","2025-10-10 12:50:48","MKT","mock-trader","MOCKEXEC00000292"
"58.7","SELL","USD","GOOGL","T000293","2025-10-10","Trade","ARCA","20","214.35","4287.0","0.02","1.45","USD","57.23","218.04","ORD0000293","2025-10-10 09:57:20","MKT","mock-trader","MOCKEXEC00000293"
"-7.83","BUY","USD","AAPL","T000294","2025-10-13","Trade","NASDAQ","5","248.55","1242.75","0.45","1.11","USD","-1244.31","249.97","ORD0000294","2025-10-13 10:04:52","LMT","mock-trader","MOCKEXEC00000294"
"-11.08","SELL","USD","META","T000295","2025-10-13","Trade","NASDAQ","50","678.91","33945.5","3.11","2.49","USD","-16.68","676.39","ORD0000295","2025-10-13 12:22:48","MKT","mock-trader","MOCKEXEC00000295"
"312.44","BUY","USD","GOOGL","T000296","2025-10-13","Trade","ARCA","5","183.65","918.25","0.74","0.3","USD","-919.29","183.72","ORD0000296","2025-10-13 09:23:45","MKT","mock-trader","MOCKEXEC00000296"
"116.96","SELL","USD","GOOGL","T000297","2025-10-13","Trade","NYSE","50","243.47","12173.5","0.17","0.49","USD","116.3","248.85","ORD0000297","2025-10-13 09:44:07","LMT","mock-trader","MOCKEXEC00000297"
"170.93","BUY","USD","GOOGL","T000298","2025-10-13","Trade","ARCA","50","187.91","9395.5","0.72","1.79","USD","-9398.01","180.06","ORD0000298","2025-10-13 12:42:06","LMT","mock-trader","MOCKEXEC00000298"
"128.85","SELL","USD","NVDA","T000299","2025-10-13","Trade","NYSE","2","140.93","281.86","0.99","2.02","USD","125.84","140.89","ORD0000299","2025-10-13 13:12:49","MKT","mock-trader","MOCKEXEC00000299"
"68.18","SELL","USD","GOOGL","T000300","2025-10-14","Trade","NASDAQ","3","155.91","467.73","0.73","2.35","USD","65.1","153.2","ORD0000300","2025-10-14 09:00:42","MKT","mock-trader","MOCKEXEC00000300"
"-142.48","BUY","USD","AMD","T000301","2025-10-14","Trade","NYSE","2","216.93","433.86","2.53","2.29","USD","-438.68","219.24","ORD0000301","2025-10-14 12:18:16","MKT","mock-trader","MOCKEXEC00000301"
"0.11","BUY","USD","MSFT","T000302","2025-10-14","Trade","NASDAQ","1","520.45","520.45","2.37","1.21","USD","-524.03","514.3","ORD0000302","2025-10-14 15:48:56","MKT","mock-trader","MOCKEXEC00000302"
"38.86","BUY","USD","NVDA","T000303","2025-10-14","Trade","NASDAQ","15","128.6","1929.0","2.18","2.23","USD","-1933.41","122.09","ORD0000303","2025-10-14 15:21:11","LMT","mock-trader","MOCKEXEC00000303"
"164.95","SELL","USD","GOOGL","T000304","2025-10-14","Trade","ARCA","10","275.36","2753.6","1.67","1.2","USD","162.08","281.54","ORD0000304","2025-10-14 10:07:08","MKT","mock-trader","MOCKEXEC00000304"
"61.34","BUY","USD","NVDA","T000305","2025-10-14","Trade","NASDAQ","20","172.9","3458.0","1.99","1.24","USD","-3461.23","174.68","ORD0000305","2025-10-14 15:22:39","MKT","mock-trader","MOCKEXEC00000305"
"40.34","SELL","USD","AMD","T000306","2025-10-14","Trade","ARCA","2","233.14","466.28","0.22","1.72","USD","38.4","225.34","ORD0000306","2025-10-14 15:43:33","MKT","mock-trader","MOCKEXEC00000306"
"-55.71","BUY","USD","TSLA","T000307","2025-10-14","Trade","ARCA","20","382.34","7646.8","1.21","1.77","USD","-7649.78","380.5","ORD0000307","2025-10-14 15:52:35","MKT","mock-trader","MOCKEXEC00000307"
"245.94","BUY","USD","AAPL","T000308","2025-10-14","Trade","NASDAQ","50","259.42","12971.0","3.04","0.42","USD","-12974.46","259.29","ORD0000308","2025-10-14 10:21:17","MKT","mock-trader","MOCKEXEC00000308"
"42.09","SELL","USD","GOOGL","T000309","2025-10-14","Trade","ARCA","5","161.82","809.1","2.01","0.45","USD","39.63","161.8","ORD0000309","2025-10-14 11:07:31","MKT","mock-trader","MOCKEXEC00000309"
"94.55","SELL","USD","MSFT","T000310","2025-10-14","Trade","ARCA","20","357.17","7143.4","2.89","2.03","USD","89.63","364.58","ORD0000310","2025-10-14 14:19:56","MKT","mock-trader","MOCKEXEC00000310"
"242.16","SELL","USD","TSLA","T000311","2025-10-15","Trade","ARCA","1","413.32","413.32","1.16","1.98","USD","239.02","414.92","ORD0000311","2025-10-15 14:42:23","LMT","mock-trader","MOCKEXEC00000311"
"-2.43","BUY","USD","MSFT","T000312","2025-10-15","Trade","NASDAQ","5","350.44","1752.2","2.22","2.05","USD","-1756.47","351.2","ORD0000312","2025-10-15 11:44:06","MKT","mock-trader","MOCKEXEC00000312"
"125.43","BUY","USD","AMD","T000313","2025-10-15","Trade","NASDAQ","20","116.04","2320.8","0.66","2.34","USD","-2323.8","114.33","ORD0000313","2025-10-15 12:52:50","LMT","mock-trader","MOCKEXEC00000313"
"238.73","SELL","USD","MSFT","T000314","2025-10-15","Trade","NASDAQ","1","535.33","535.33","2.06","1.99","USD","234.68","534.54","ORD0000314","2025-10-15 14:37:32","LMT","mock-trader","MOCKEXEC00000314"
"239.41","BUY","USD","AAPL","T000315","2025-10-15","Trade","NASDAQ","50","265.47","13273.5","1.69","1.39","USD","-13276.58","272.21","ORD0000315","2025-10-15 10:44:37","MKT","mock-trader","MOCKEXEC00000315"
"12.33","SELL","USD","MSFT","T000316","2025-10-15","Trade","NYSE","15","450.82","6762.3","3.43","2.31","USD","6.59","455.02","ORD0000316","2025-10-15 11:25:21","LMT","mock-trader","MOCKEXEC00000316"
"263.22","BUY","USD","NVDA","T000317","2025-10-15","Trade","ARCA","20","148.2","2964.0","1.79","2.15","USD","-2967.94","148.96","ORD0000317","2025-10-15 11:45:47","MKT","mock-trader","MOCKEXEC00000317"
"280.6","BUY","USD","AMZN","T000318","2025-10-15","Trade","ARCA","10","218.66","2186.6","0.46","1.85","USD","-2188.91","226.26","ORD0000318","2025-10-15 10:32:34","LMT","mock-trader","MOCKEXEC00000318"
"105.32","SELL","USD","MSFT","T000319","2025-10-15","Trade","NYSE","50","446.07","22303.5","2.34","1.19","USD","101.79","450.04","ORD0000319","2025-10-15 15:34:18","MKT","mock-trader","MOCKEXEC00000319"
"155.13","BUY","USD","MSFT","T000320","2025-10-15","Trade","NASDAQ","20","379.07","7581.4","0.7","1.94","USD","-7584.04","373.64","ORD0000320","2025-10-15 11:43:16","MKT","mock-trader","MOCKEXEC00000320"
"227.01","BUY","USD","META","T000321","2025-10-15","Trade","ARCA","50","509.69","25484.5","0.36","2.2","USD","-25487.06","513.52","ORD0000321","2025-10-15 15:14:47","LMT","mock-trader","MOCKEXEC00000321"
"13.78","SELL","USD","AMZN","T000322","2025-10-15","Trade","ARCA","1","242.65","242.65","3.35","2.45","USD","7.98","239.65","ORD0000322","2025-10-15 13:03:00","LMT","mock-trader","MOCKEXEC00000322"
"172.31","SELL","USD","AMZN","T000323","2025-10-15","Trade","ARCA","5","241.15","1205.75","2.27","1.95","USD","168.09","241.9","ORD0000323","2025-10-15 13:12:49","MKT","mock-trader","MOCKEXEC00000323"
"-93.1","BUY","USD","AMD","T000324","2025-10-16","Trade","NASDAQ","2","128.05","256.1","1.8","1.1","USD","-259.0","126.91","ORD0000324","2025-10-16 13:16:08","LMT","mock-trader","MOCKEXEC00000324"
"-102.6","SELL","USD","AAPL","T000325","2025-10-16","Trade","ARCA","25","249.68","6242.0","0.54","0.98","USD","-104.12","242.49","ORD0000325","2025-10-16 14:39:53","LMT","mock-trader","MOCKEXEC00000325"
"-21.07","SELL","USD","AMD","T000326","2025-10-16","Trade","ARCA","2","217.6","435.2","0.77","0.66","USD","-22.5","210.69","ORD0000326","2025-10-16 13:10:26","LMT","mock-trader","MOCKEXEC00000326"
"151.67","SELL","USD","MSFT","T000327","2025-10-16","Trade","ARCA","5","526.68","2633.4","1.16","0.91","USD","149.6","533.88","ORD0000327","2025-10-16 13:33:30","MKT","mock-trader","MOCKEXEC00000327"
"141.13","SELL","USD","MSFT","T000328","2025-10-16","Trade","NASDAQ","25","398.07","9951.75","3.22","0.8","USD","137.11","390.71","ORD0000328","2025-10-16 11:24:58","LMT","mock-trader","MOCKEXEC00000328"
"231.05","SELL","USD","META","T000329","2025-10-16","Trade","ARCA","1","773.4","773.4","1.31","2.06","USD","227.68","772.53","ORD0000329","2025-10-16 09:18:57","MKT","mock-trader","MOCKEXEC00000329"
"298.14","BUY","USD","TSLA","T000330","2025-10-16","Trade","NASDAQ","2","283.48","566.96","1.88","0.27","USD","-569.11","276.53","ORD0000330","2025-10-16 14:40:49","LMT","mock-trader","MOCKEXEC00000330"
"259.32","BUY","USD","MSFT","T000331","2025-10-16","Trade","NASDAQ","50","515.75","25787.5","2.59","1.23","USD","-25791.32","520.82","ORD0000331","2025-10-16 09:47:43","MKT","mock-trader","MOCKEXEC00000331"
"-152.87","SELL","USD","AMD","T000332","2025-10-16","Trade","NYSE","1","113.13","113.13","2.78","1.51","USD","-157.16","114.33","ORD0000332","2025-10-16 10:58:16","LMT","mock-trader","MOCKEXEC00000332"
"14.75","SELL","USD","AMD","T000333","2025-10-16","Trade","ARCA","20","147.46","2949.2","0.41","0.26","USD","14.08","150.98","ORD0000333","2025-10-16 09:48:47","MKT","mock-trader","MOCKEXEC00000333"
"-29.32","BUY","USD","TSLA","T000334","2025-10-17","Trade","NASDAQ","10","407.38","4073.8","0.3","1.97","USD","-4076.07","406.38","ORD0000334","2025-10-17 12:52:42","LMT","mock-trader","MOCKEXEC00000334"
"218.39","BUY","USD","NVDA","T000335","2025-10-17","Trade","ARCA","3","159.74","479.22","2.97","0.91","USD","-483.1","161.88","ORD0000335","2025-10-17 11:43:56","LMT","mock-trader","MOCKEXEC00000335"
"106.36","BUY","USD","AAPL","T000336","2025-10-17","Trade","ARCA","2","202.92","405.84","1.38","1.48","USD","-408.7","196.28","ORD0000336","2025-10-17 10:47:47","LMT","mock-trader","MOCKEXEC00000336"
"-88.0","SELL","USD","AMZN","T000337","2025-10-17","Trade","NASDAQ","50","164.25","8212.5","2.16","0.82","USD","-90.98","158.08","ORD0000337","2025-10-17 14:51:36","LMT","mock-trader","MOCKEXEC00000337"
"-81.29","SELL","USD","MSFT","T000338","2025-10-17","Trade","NASDAQ","2","400.14","800.28","2.03","2.39","USD","-85.71","397.85","ORD0000338","2025-10-17 14:41:15","LMT","mock-trader","MOCKEXEC00000338"
"-15.83","BUY","USD","MSFT","T000339","2025-10-17","Trade","NYSE","15","447.17","6707.55","2.31","1.81","USD","-6711.67","441.61","ORD0000339","2025-10-17 13:23:51","LMT","mock-trader","MOCKEXEC00000339"
"-69.24","BUY","USD","NVDA","T000340","2025-10-17","Trade","NYSE","15","119.69","1795.35","2.59","1.23","USD","-1799.17","125.13","ORD0000340","2025-10-17 10:43:46","LMT","mock-trader","MOCKEXEC00000340"
"-125.58","SELL","USD","AMD","T000341","2025-10-20","Trade","ARCA","10","173.05","1730.5","2.26","0.43","USD","-128.27","169.54","ORD0000341","2025-10-20 15:08:57","MKT","mock-trader","MOCKEXEC00000341"
"244.79","BUY","USD","META","T000342","2025-10-20","Trade","NASDAQ","2","767.63","1535.26","2.21","2.08","USD","-1539.55","768.89","ORD0000342","2025-10-20 15:37:13","LMT","mock-trader","MOCKEXEC00000342"
"265.72","BUY","USD","AMD","T000343","2025-10-20","Trade","NYSE","15","158.87","2383.05","2.06","2.18","USD","-2387.29","153.01","ORD0000343","2025-10-20 13:32:05","LMT","mock-trader","MOCKEXEC00000343"
"-109.81","BUY","USD","AAPL","T000344","2025-10-20","Trade","ARCA","3","253.0","759.0","0.56","1.52","USD","-761.08","254.05","ORD0000344","2025-10-20 15:09:47","LMT","mock-trader","MOCKEXEC00000344"
"-64.13","BUY","USD","TSLA","T000345","2025-10-20","Trade","NYSE","5","402.29","2011.45","0.93","0.78","USD","-2013.16","404.99","ORD0000345","2025-10-20 13:58:50","LMT","mock-trader","MOCKEXEC00000345"
"144.26","SELL","USD","AMD","T000346","2025-10-20","Trade","NYSE","1","105.99","105.99","0.36","2.43","USD","141.47","108.13","ORD0000346","2025-10-20 11:53:47","MKT","mock-trader","MOCKEXEC00000346"
"269.11","SELL","USD","GOOGL","T000347","2025-10-20","Trade","NYSE","15","238.15","3572.25","0.27","0.82","USD","268.02","245.71","ORD0000347","2025-10-20 10:33:25","LMT","mock-trader","MOCKEXEC00000347"
"-110.52","SELL","USD","AMD","T000348","2025-10-20","Trade","NASDAQ","1","175.28","175.28","0.58","0.42","USD","-111.52","177.58","ORD0000348","2025-10-20 10:09:11","LMT","mock-trader","MOCKEXEC00000348"
"180.13","BUY","USD","MSFT","T000349","2025-10-20","Trade","NYSE","20","512.23","10244.6","1.69","1.33","USD","-10247.62","507.6","ORD0000349","2025-10-20 10:41:53","MKT","mock-trader","MOCKEXEC00000349"
"-99.44","BUY","USD","AMZN","T000350","2025-10-20","Trade","NASDAQ","3","207.35","622.05","2.2","0.34","USD","-624.59","208.51","ORD0000350","2025-10-20 09:10:16","LMT","mock-trader","MOCKEXEC00000350"
"123.26","SELL","USD","AAPL","T000351","2025-10-20","Trade","ARCA","2","215.16","430.32","1.65","1.33","USD","120.28","210.67","ORD0000351","2025-10-20 12:38:09","MKT","mock-trader","MOCKEXEC00000351"
"118.27","BUY","USD","META","T000352","2025-10-20","Trade","ARCA","15","776.71","11650.65","0.24","1.1","USD","-11651.99","770.83","ORD0000352","2025-10-20 09:12:33","LMT","mock-trader","MOCKEXEC00000352"
"127.37","BUY","USD","NVDA","T000353","2025-10-20","Trade","ARCA","3","138.07","414.21","0.14","2.01","USD","-416.36","138.12","ORD0000353","2025-10-20 09:05:30","MKT","mock-trader","MOCKEXEC00000353"
"257.41","SELL","USD","AAPL","T000354","2025-10-21","Trade","NYSE","50","229.45","11472.5","2.44","1.22","USD","253.75","236.46","ORD0000354","2025-10-21 12:50:49","LMT","mock-trader","MOCKEXEC00000354"
"202.93","SELL","USD","MSFT","T000355","2025-10-21","Trade","NASDAQ","3","400.9","1202.7","3.19","0.44","USD","199.3","402.47","ORD0000355","2025-10-21 13:26:16","MKT","mock-trader","MOCKEXEC00000355"
"147.27","BUY","USD","AAPL","T000356","2025-10-21","Trade","ARCA","50","200.5","10025.0","2.41","0.96","USD","-10028.37","198.3","ORD0000356","2025-10-21 10:27:41","LMT","mock-trader","MOCKEXEC00000356"
"315.9","SELL","USD","META","T000357","2025-10-21","Trade","NYSE","15","683.56","10253.4","1.39","0.71","USD","313.8","684.39","ORD0000357","2025-10-21 13:30:11","LMT","mock-trader","MOCKEXEC00000357"
"19.06","SELL","USD","META","T000358","2025-10-21","Trade","ARCA","15","732.26","10983.9","0.48","2.19","USD","16.39","726.17","ORD0000358","2025-10-21 10:28:50","MKT","mock-trader","MOCKEXEC00000358"
"-10.78","BUY","USD","MSFT","T000359","2025-10-21","Trade","NASDAQ","50","430.11","21505.5","1.93","1.82","USD","-21509.25","433.42","ORD0000359","2025-10-21 10:24:40","MKT","mock-trader","MOCKEXEC00000359"
"-48.45","SELL","USD","NVDA","T000360","2025-10-21","Trade","ARCA","20","107.05","2141.0","1.3","1.62","USD","-51.37","110.64","ORD0000360","2025-10-21 12:39:41","LMT","mock-trader","MOCKEXEC00000360"
"-79.15","BUY","USD","AAPL","T000361","2025-10-21","Trade","ARCA","25","230.73","5768.25","2.3","2.06","USD","-5772.61","227.31","ORD0000361","2025-10-21 09:50:38","MKT","mock-trader","MOCKEXEC00000361"
"-179.86","BUY","USD","NVDA","T000362","2025-10-21","Trade","NYSE","15","119.14","1787.1","0.55","2.49","USD","-1790.14","123.61","ORD0000362","2025-10-21 11:42:25","MKT","mock-trader","MOCKEXEC00000362"
"183.07","BUY","USD","AAPL","T000363","2025-10-21","Trade","ARCA","2","238.47","476.94","1.96","1.56","USD","-480.46","236.03","ORD0000363","2025-10-21 15:17:14","MKT","mock-trader","MOCKEXEC00000363"
"23.57","SELL","USD","AMD","T000364","2025-10-21","Trade","NYSE","1","139.17","139.17","0.37","0.41","USD","22.79","135.88","ORD0000364","2025-10-21 09:51:32","LMT","mock-trader","MOCKEXEC00000364"
"198.74","SELL","USD","AMD","T000365","2025-10-21","Trade","NYSE","25","215.5","5387.5","3.36","1.28","USD","194.1","214.87","ORD0000365","2025-10-21 13:55:01","MKT","mock-trader","MOCKEXEC00000365"
"317.1","BUY","USD","META","T000366","2025-10-21","Trade","NASDAQ","20","690.1","13802.0","2.37","0.77","USD","-13805.14","687.15","ORD0000366","2025-10-21 11:33:34","LMT","mock-trader","MOCKEXEC00000366"
"194.39","SELL","USD","AMZN","T000367","2025-10-21","Trade","ARCA","2","189.89","379.78","1.2","1.5","USD","191.69","184.75","ORD0000367","2025-10-21 11:22:13","LMT","mock-trader","MOCKEXEC00000367"
"-58.97","SELL","USD","AMZN","T000368","2025-10-22","Trade","NASDAQ","5","173.49","867.45","0.93","0.77","USD","-60.67","178.85","ORD0000368","2025-10-22 15:39:22","MKT","mock-trader","MOCKEXEC00000368"
"202.12","BUY","USD","MSFT","T000369","2025-10-22","Trade","ARCA","25","472.77","11819.25","1.9","0.35","USD","-11821.5","472.49","ORD0000369","2025-10-22 13:20:31","LMT","mock-trader","MOCKEXEC00000369"
"-68.95","BUY","USD","AMD","T000370","2025-10-22","Trade","ARCA","50","142.04","7102.0","2.02","0.37","USD","-7104.39","146.83","ORD0000370","2025-10-22 12:34:02","LMT","mock-trader","MOCKEXEC00000370"
"169.12","BUY","USD","GOOGL","T000371","2025-10-22","Trade","NASDAQ","25","296.48","7412.0","1.61","1.8","USD","-7415.41","288.67","ORD0000371","2025-10-22 10:24:37","LMT","mock-trader","MOCKEXEC00000371"
"-61.43","SELL","USD","TSLA","T000372","2025-10-22","Trade","NYSE","3","359.71","1079.13","1.65","1.63","USD","-64.71","357.56","ORD0000372","2025-10-22 12:27:13","LMT","mock-trader","MOCKEXEC00000372"
"105.7","SELL","USD","TSLA","T000373","2025-10-22","Trade","NASDAQ","10","340.15","3401.5","3.43","1.79","USD","100.48","345.18","ORD0000373","2025-10-22 14:17:51","LMT","mock-trader","MOCKEXEC00000373"
"189.27","BUY","USD","GOOGL","T000374","2025-10-22","Trade","ARCA","3","270.01","810.03","1.66","0.27","USD","-811.96","268.75","ORD0000374","2025-10-22 10:57:54","LMT","mock-trader","MOCKEXEC00000374"
"103.92","SELL","USD","AMD","T000375","2025-10-22","Trade","ARCA","10","184.32","1843.2","1.39","1.8","USD","100.73","177.28","ORD0000375","2025-10-22 15:16:30","MKT","mock-trader","MOCKEXEC00000375"
"98.75","SELL","USD","TSLA","T000376","2025-10-23","Trade","ARCA","15","322.06","4830.9","2.84","1.02","USD","94.89","320.65","ORD0000376","2025-10-23 11:55:43","MKT","mock-trader","MOCKEXEC00000376"
"75.22","SELL","USD","NVDA","T000377","2025-10-23","Trade","ARCA","15","126.01","1890.15","2.71","1.26","USD","71.25","119.26","ORD0000377","2025-10-23 13:18:29","MKT","mock-trader","MOCKEXEC00000377"
"105.82","SELL","USD","NVDA","T000378","2025-10-23","Trade","ARCA","20","150.5","3010.0","2.97","0.41","USD","102.44","145.09","ORD0000378","2025-10-23 10:20:20","LMT","mock-trader","MOCKEXEC00000378"
"210.49","SELL","USD","META","T000379","2025-10-23","Trade","NASDAQ","10","766.31","7663.1","3.29","1.93","USD","205.27","766.64","ORD0000379","2025-10-23 12:26:10","MKT","mock-trader","MOCKEXEC00000379"
"170.35","BUY","USD","NVDA","T000380","2025-10-23","Trade","NYSE","10","175.23","1752.3","0.28","0.63","USD","-1753.21","168.88","ORD0000380","2025-10-23 09:59:56","MKT","mock-trader","MOCKEXEC00000380"
"-138.37","SELL","USD","AAPL","T000381","2025-10-23","Trade","NASDAQ","50","253.55","12677.5","0.92","0.6","USD","-139.89","256.03","ORD0000381","2025-10-23 12:19:14","LMT","mock-trader","MOCKEXEC00000381"
"-94.7","BUY","USD","AMD","T000382","2025-10-23","Trade","ARCA","3","179.01","537.03","0.12","1.05","USD","-538.2","185.65","ORD0000382","2025-10-23 15:30:29","LMT","mock-trader","MOCKEXEC00000382"
"118.79","BUY","USD","AMD","T000383","2025-10-23","Trade","ARCA","50","126.56","6328.0","2.21","1.68","USD","-6331.89","127.58","ORD0000383","2025-10-23 13:40:40","LMT","mock-trader","MOCKEXEC00000383"
"-135.22","SELL","USD","TSLA","T000384","2025-10-23","Trade","NASDAQ","50","295.43","14771.5","1.08","1.18","USD","-137.48","289.92","ORD0000384","2025-10-23 09:00:33","LMT","mock-trader","MOCKEXEC00000384"
"281.04","SELL","USD","META","T000385","2025-10-23","Trade","ARCA","50","502.5","25125.0","3.31","1.32","USD","276.41","494.65","ORD0000385","2025-10-23 12:51:18","MKT","mock-trader","MOCKEXEC00000385"
"100.28","SELL","USD","AAPL","T000386","2025-10-23","Trade","NASDAQ","5","228.82","1144.1","1.38","0.62","USD","98.28","232.61","ORD0000386","2025-10-23 12:53:24","LMT","mock-trader","MOCKEXEC00000386"
"219.98","SELL","USD","MSFT","T000387","2025-10-23","Trade","NYSE","5","453.32","2266.6","2.15","1.81","USD","216.02","449.67","ORD0000387","2025-10-23 14:47:34","LMT","mock-trader","MOCKEXEC00000387"
"-124.82","BUY","USD","AMZN","T000388","2025-10-23","Trade","NASDAQ","3","163.66","490.98","1.59","1.27","USD","-493.84","166.87","ORD0000388","2025-10-23 12:12:20","MKT","mock-trader","MOCKEXEC00000388"
"-117.48","BUY","USD","AAPL","T000389","2025-10-24","Trade","NYSE","2","219.75","439.5","1.53","0.27","USD","-441.3","213.19","ORD0000389","2025-10-24 09:31:13","LMT","mock-trader","MOCKEXEC00000389"
"215.71","SELL","USD","META","T000390","2025-10-24","Trade","NYSE","15","639.11","9586.65","1.16","2.15","USD","212.4","646.34","ORD0000390","2025-10-24 09:17:49","MKT","mock-trader","MOCKEXEC00000390"
"-54.96","BUY","USD","AMD","T000391","2025-10-24","Trade","NYSE","5","234.35","1171.75","1.34","0.28","USD","-1173.37","241.94","ORD0000391","2025-10-24 14:15:24","MKT","mock-trader","MOCKEXEC00000391"
"-133.02","BUY","USD","AAPL","T000392","2025-10-24","Trade","NASDAQ","25","251.47","6286.75","2.33","0.72","USD","-6289.8","249.7","ORD0000392","2025-10-24 11:59:20","MKT","mock-trader","MOCKEXEC00000392"
"-80.64","SELL","USD","MSFT","T000393","2025-10-24","Trade","NYSE","25","477.7","11942.5","3.11","2.19","USD","-85.94","473.18","ORD0000393","2025-10-24 09:15:40","LMT","mock-trader","MOCKEXEC00000393"
"17.9","BUY","USD","AAPL","T000394","2025-10-24","Trade","ARCA","10","240.93","2409.3","0.85","2.43","USD","-2412.58","242.23","ORD0000394","2025-10-24 14:30:44","MKT","mock-trader","MOCKEXEC00000394"
"162.97","BUY","USD","MSFT","T000395","2025-10-27","Trade","ARCA","3","449.98","1349.94","1.18","2.43","USD","-1353.55","454.13","ORD0000395","2025-10-27 09:03:22","MKT","mock-trader","MOCKEXEC00000395"
"310.84","BUY","USD","MSFT","T000396","2025-10-27","Trade","NASDAQ","25","396.53","9913.25","2.76","1.95","USD","-9917.96","401.42","ORD0000396","2025-10-27 12:46:12","LMT","mock-trader","MOCKEXEC00000396"
"62.65","BUY","USD","TSLA","T000397","2025-10-27","Trade","ARCA","10","429.73","4297.3","1.53","0.91","USD","-4299.74","432.88","ORD0000397","2025-10-27 10:36:11","LMT","mock-trader","MOCKEXEC00000397"
"119.34","SELL","USD","TSLA","T000398","2025-10-27","Trade","NYSE","10","423.53","4235.3","3.01","0.61","USD","115.72","424.03","ORD0000398","2025-10-27 12:18:52","LMT","mock-trader","MOCKEXEC00000398"
"-87.23","BUY","USD","AMD","T000399","2025-10-27","Trade","NASDAQ","50","156.86","7843.0","0.07","2.18","USD","-7845.25","161.28","ORD0000399","2025-10-27 10:20:46","LMT","mock-trader","MOCKEXEC00000399"
"-38.44","SELL","USD","AMZN","T000400","2025-10-27","Trade","NASDAQ","50","165.41","8270.5","1.43","0.97","USD","-40.84","158.95","ORD0000400","2025-10-27 14:04:02","MKT","mock-trader","MOCKEXEC00000400"
"-130.62","BUY","USD","AAPL","T000401","2025-10-27","Trade","ARCA","2","233.98","467.96","2.0","2.13","USD","-472.09","236.51","ORD0000401","2025-10-27 13:39:44","LMT","mock-trader","MOCKEXEC00000401"
"-144.56","SELL","USD","AAPL","T000402","2025-10-27","Trade","ARCA","5","242.42","1212.1","3.26","0.72","USD","-148.54","242.28","ORD0000402","2025-10-27 15:05:29","MKT","mock-trader","MOCKEXEC00000402"
"-150.85","SELL","USD","TSLA","T000403","2025-10-27","Trade","NASDAQ","15","408.85","6132.75","2.16","1.44","USD","-154.45","412.6","ORD0000403","2025-10-27 15:19:04","MKT","mock-trader","MOCKEXEC00000403"
"-83.44","BUY","USD","MSFT","T000404","2025-10-27","Trade","NYSE","50","427.07","21353.5","2.3","1.53","USD","-21357.33","434.23","ORD0000404","2025-10-27 13:47:35","MKT","mock-trader","MOCKEXEC00000404"
"-96.6","SELL","USD","TSLA","T000405","2025-10-27","Trade","NYSE","20","426.56","8531.2","0.63","1.15","USD","-98.38","423.96","ORD0000405","2025-10-27 10:34:38","LMT","mock-trader","MOCKEXEC00000405"
"35.29","SELL","USD","TSLA","T000406","2025-10-28","Trade","ARCA","20","402.84","8056.8","2.54","1.62","USD","31.13","403.85","ORD0000406","2025-10-28 10:24:49","LMT","mock-trader","MOCKEXEC00000406"
"-179.9","SELL","USD","TSLA","T000407","2025-10-28","Trade","NASDAQ","25","441.96","11049.0","0.12","0.89","USD","-180.91","434.22","ORD0000407","2025-10-28 10:56:19","LMT","mock-trader","MOCKEXEC00000407"
"230.97","BUY","USD","AMZN","T000408","2025-10-28","Trade","ARCA","15","152.17","2282.55","2.41","0.87","USD","-2285.83","153.03","ORD0000408","2025-10-28 13:36:59","MKT","mock-trader","MOCKEXEC00000408"
"-110.8","BUY","USD","MSFT","T000409","2025-10-28","Trade","ARCA","25","421.13","10528.25","1.28","1.56","USD","-10531.09","416.86","ORD0000409","2025-10-28 15:19:05","LMT","mock-trader","MOCKEXEC00000409"
"-93.55","BUY","USD","AMZN","T000410","2025-10-28","Trade","NYSE","15","229.29","3439.35","2.89","1.8","USD","-3444.04","230.51","ORD0000410","2025-10-28 09:38:41","MKT","mock-trader","MOCKEXEC00000410"
"-12.81","BUY","USD","GOOGL","T000411","2025-10-28","Trade","NASDAQ","1","288.28","288.28","3.08","1.23","USD","-292.59","295.16","ORD0000411","2025-10-28 09:55:49","MKT","mock-trader","MOCKEXEC00000411"
"-20.34","BUY","USD","GOOGL","T000412","2025-10-28","Trade","ARCA","10","228.66","2286.6","1.98","0.99","USD","-2289.57","231.82","ORD0000412","2025-10-28 10:03:43","LMT","mock-trader","MOCKEXEC00000412"
"213.18","BUY","USD","AMD","T000413","2025-10-28","Trade","NYSE","5","164.79","823.95","0.52","1.01","USD","-825.48","164.4","ORD0000413","2025-10-28 14:03:35","LMT","mock-trader","MOCKEXEC00000413"
"168.94","SELL","USD","MSFT","T000414","2025-10-28","Trade","NASDAQ","50","436.9","21845.0","2.67","1.33","USD","164.94","432.07","ORD0000414","2025-10-28 12:41:36","MKT","mock-trader","MOCKEXEC00000414"
"-18.29","BUY","USD","AMZN","T000415","2025-10-28","Trade","NASDAQ","10","227.68","2276.8","3.23","0.45","USD","-2280.48","230.43","ORD0000415","2025-10-28 12:23:22","LMT","mock-trader","MOCKEXEC00000415"
"-5.14","BUY","USD","TSLA","T000416","2025-10-28","Trade","NASDAQ","10","283.85","2838.5","2.88","2.06","USD","-2843.44","285.82","ORD0000416","2025-10-28 12:02:59","MKT","mock-trader","MOCKEXEC00000416"
"-58.48","BUY","USD","NVDA","T000417","2025-10-29","Trade","ARCA","2","159.17","318.34","2.17","0.58","USD","-321.09","164.49","ORD0000417","2025-10-29 11:00:21","MKT","mock-trader","MOCKEXEC00000417"
"-75.5","SELL","USD","META","T000418","2025-10-29","Trade","ARCA","25","506.82","12670.5","1.88","0.71","USD","-78.09","507.19","ORD0000418","2025-10-29 11:35:30","MKT","mock-trader","MOCKEXEC00000418"
"-94.84","SELL","USD","AAPL","T000419","2025-10-29","Trade","NASDAQ","50","203.04","10152.0","0.99","2.03","USD","-97.86","204.93","ORD0000419","2025-10-29 09:29:41","MKT","mock-trader","MOCKEXEC00000419"
"-170.46","SELL","USD","GOOGL","T000420","2025-10-29","Trade","NASDAQ","15","279.64","4194.6","3.04","1.71","USD","-175.21","275.34","ORD0000420","2025-10-29 12:32:45","LMT","mock-trader","MOCKEXEC00000420"
"303.4","BUY","USD","AMD","T000421","2025-10-29","Trade","NYSE","3","129.83","389.49","1.96","1.85","USD","-393.3","122.47","ORD0000421","2025-10-29 13:19:21","LMT","mock-trader","MOCKEXEC00000421"
"-2.31","BUY","USD","NVDA","T000422","2025-10-29","Trade","ARCA","15","154.74","2321.1","1.06","2.49","USD","-2324.65","162.4","ORD0000422","2025-10-29 11:51:03","LMT","mock-trader","MOCKEXEC00000422"
"-67.21","BUY","USD","GOOGL","T000423","2025-10-29","Trade","ARCA","50","292.37","14618.5","1.2","1.13","USD","-14620.83","286.57","ORD0000423","2025-10-29 14:24:33","MKT","mock-trader","MOCKEXEC00000423"
"-23.81","BUY","USD","GOOGL","T000424","2025-10-29","Trade","ARCA","3","213.97","641.91","2.12","1.26","USD","-645.29","208.08","ORD0000424","2025-10-29 14:08:37","MKT","mock-trader","MOCKEXEC00000424"
"35.03","SELL","USD","NVDA","T000425","2025-10-29","Trade","NYSE","50","172.77","8638.5","3.18","1.98","USD","29.87","175.27","ORD0000425","2025-10-29 13:58:10","MKT","mock-trader","MOCKEXEC00000425"
"-107.24","BUY","USD","MSFT","T000426","2025-10-29","Trade","ARCA","15","517.9","7768.5","0.1","0.97","USD","-7769.57","525.47","ORD0000426","2025-10-29 12:19:28","LMT","mock-trader","MOCKEXEC00000426"
"-166.9","BUY","USD","NVDA","T000427","2025-10-29","Trade","NASDAQ","2","110.52","221.04","3.45","1.64","USD","-226.13","112.21","ORD0000427","2025-10-29 13:14:38","MKT","mock-trader","MOCKEXEC00000427"
"243.07","BUY","USD","TSLA","T000428","2025-10-30","Trade","NASDAQ","25","276.82","6920.5","1.64","1.71","USD","-6923.85","271.76","ORD0000428","2025-10-30 12:31:30","MKT","mock-trader","MOCKEXEC00000428"
"304.41","BUY","USD","AMZN","T000429","2025-10-30","Trade","NASDAQ","1","190.86","190.86","3.24","2.39","USD","-196.49","186.42","ORD0000429","2025-10-30 14:12:48","MKT","mock-trader","MOCKEXEC00000429"
"253.39","SELL","USD","NVDA","T000430","2025-10-30","Trade","NYSE","25","155.03","3875.75","3.11","1.21","USD","249.07","159.45","ORD0000430","2025-10-30 13:47:52","LMT","mock-trader","MOCKEXEC00000430"
"48.45","BUY","USD","GOOGL","T000431","2025-10-30","Trade","NASDAQ","50","166.4","8320.0","3.07","2.23","USD","-8325.3","162.33","ORD0000431","2025-10-30 13:25:47","LMT","mock-trader","MOCKEXEC00000431"
"262.2","BUY","USD","AAPL","T000432","2025-10-30","Trade","NASDAQ","10","230.77","2307.7","2.71","0.89","USD","-2311.3","225.43","ORD0000432","2025-10-30 11:39:58","MKT","mock-trader","MOCKEXEC00000432"
"-123.41","SELL","USD","AMD","T000433","2025-10-30","Trade","NYSE","2","208.4","416.8","2.73","2.36","USD","-128.5","211.54","ORD0000433","2025-10-30 10:25:26","LMT","mock-trader","MOCKEXEC00000433"
"-134.91","SELL","USD","NVDA","T000434","2025-10-31","Trade","NASDAQ","5","170.6","853.0","1.13","1.71","USD","-137.75","173.98","ORD0000434","2025-10-31 10:45:46","MKT","mock-trader","MOCKEXEC00000434"
"173.64","SELL","USD","MSFT","T000435","2025-10-31","Trade","NYSE","15","367.06","5505.9","2.54","2.44","USD","168.66","368.85","ORD0000435","2025-10-31 10:24:35","MKT","mock-trader","MOCKEXEC00000435"
"-107.7","SELL","USD","NVDA","T000436","2025-10-31","Trade","NYSE","3","112.97","338.91","2.69","0.37","USD","-110.76","109.9","ORD0000436","2025-10-31 14:49:28","MKT","mock-trader","MOCKEXEC00000436"
"202.7","BUY","USD","MSFT","T000437","2025-10-31","Trade","NYSE","5","350.71","1753.55","0.04","1.37","USD","-1754.96","350.69","ORD0000437","2025-10-31 15:00:38","MKT","mock-trader","MOCKEXEC00000437"
"-140.3","SELL","USD","AMZN","T000438","2025-10-31","Trade","NASDAQ","25","191.02","4775.5","2.1","0.8","USD","-143.2","191.78","ORD0000438","2025-10-31 13:40:35","MKT","mock-trader","MOCKEXEC00000438"
"-161.64","BUY","USD","NVDA","T000439","2025-10-31","Trade","NASDAQ","1","152.26","152.26","2.99","1.75","USD","-157.0","157.67","ORD0000439","2025-10-31 11:21:58","MKT","mock-trader","MOCKEXEC00000439"
"125.54","BUY","USD","GOOGL","T000440","2025-11-03","Trade","ARCA","3","250.81","752.43","2.42","1.59","USD","-756.44","255.41","ORD0000440","2025-11-03 10:29:47","LMT","mock-trader","MOCKEXEC00000440"
"268.76","BUY","USD","AAPL","T000441","2025-11-03","Trade","NASDAQ","10","222.6","2226.0","2.87","1.96","USD","-2230.83","228.09","ORD0000441","2025-11-03 09:18:30","MKT","mock-trader","MOCKEXEC00000441"
"-75.08","SELL","USD","META","T000442","2025-11-03","Trade","NYSE","50","624.13","31206.5","0.73","0.38","USD","-76.19","625.27","ORD0000442","2025-11-03 14:33:05","LMT","mock-trader","MOCKEXEC00000442"
"317.51","SELL","USD","GOOGL","T000443","2025-11-03","Trade","NYSE","10","228.81","2288.1","1.24","0.54","USD","315.73","229.81","ORD0000443","2025-11-03 13:46:40","LMT","mock-trader","MOCKEXEC00000443"
"-179.21","BUY","USD","NVDA","T000444","2025-11-03","Trade","ARCA","10","178.34","1783.4","0.08","1.66","USD","-1785.14","172.23","ORD0000444","2025-11-03 15:13:51","LMT","mock-trader","MOCKEXEC00000444"
"223.02","BUY","USD","GOOGL","T000445","2025-11-03","Trade","NYSE","15","202.45","3036.75","0.74","1.69","USD","-3039.18","205.49","ORD0000445","2025-11-03 11:50:04","LMT","mock-trader","MOCKEXEC00000445"
"-9.32","BUY","USD","TSLA","T000446","2025-11-03","Trade","NYSE","2","387.17","774.34","2.54","1.64","USD","-778.52","379.64","ORD0000446","2025-11-03 10:12:21","LMT","mock-trader","MOCKEXEC00000446"
"50.31","BUY","USD","AAPL","T000447","2025-11-04","Trade","ARCA","25","210.88","5272.0","3.03","2.27","USD","-5277.3","210.28","ORD0000447","2025-11-04 15:26:59","MKT","mock-trader","MOCKEXEC00000447"
"-75.87","SELL","USD","META","T000448","2025-11-04","Trade","NYSE","50","660.77","33038.5","2.4","2.05","USD","-80.32","666.98","ORD0000448","2025-11-04 11:04:09","MKT","mock-trader","MOCKEXEC00000448"
"105.49","SELL","USD","TSLA","T000449","2025-11-04","Trade","NYSE","50","418.48","20924.0","1.36","1.59","USD","102.54","424.31","ORD0000449","2025-11-04 15:19:45","MKT","mock-trader","MOCKEXEC00000449"
"-61.18","SELL","USD","META","T000450","2025-11-04","Trade","NYSE","2","649.12","1298.24","1.58","2.39","USD","-65.15","644.58","ORD0000450","2025-11-04 11:11:07","MKT","mock-trader","MOCKEXEC00000450"
"219.51","BUY","USD","AMZN","T000451","2025-11-04","Trade","ARCA","25","200.6","5015.0","3.17","0.6","USD","-5018.77","198.04","ORD0000451","2025-11-04 12:46:55","LMT","mock-trader","MOCKEXEC00000451"
"289.01","BUY","USD","TSLA","T000452","2025-11-04","Trade","ARCA","2","414.43","828.86","2.37","0.55","USD","-831.78","418.02","ORD0000452","2025-11-04 12:24:45","MKT","mock-trader","MOCKEXEC00000452"
"117.14","SELL","USD","AAPL","T000453","2025-11-04","Trade","ARCA","1","248.09","248.09","0.3","1.3","USD","115.54","240.83","ORD0000453","2025-11-04 13:49:42","LMT","mock-trader","MOCKEXEC00000453"
"-83.73","SELL","USD","AAPL","T000454","2025-11-04","Trade","NASDAQ","5","222.46","1112.3","0.97","0.97","USD","-85.67","221.52","ORD0000454","2025-11-04 09:17:09","LMT","mock-trader","MOCKEXEC00000454"
"-76.71","BUY","USD","MSFT","T000455","2025-11-04","Trade","ARCA","50","452.81","22640.5","1.23","0.97","USD","-22642.7","447.07","ORD0000455","2025-11-04 14:51:18","MKT","mock-trader","MOCKEXEC00000455"
"-10.63","BUY","USD","NVDA","T000456","2025-11-04","Trade","NYSE","10","149.06","1490.6","1.55","0.54","USD","-1492.69","148.59","ORD0000456","2025-11-04 14:03:06","MKT","mock-trader","MOCKEXEC00000456"
"118.06","SELL","USD","MSFT","T000457","2025-11-04","Trade","NYSE","20","385.8","7716.0","2.07","2.13","USD","113.86","388.99","ORD0000457","2025-11-04 13:22:19","MKT","mock-trader","MOCKEXEC00000457"
"221.18","SELL","USD","MSFT","T000458","2025-11-04","Trade","NYSE","3","368.58","1105.74","2.45","0.47","USD","218.26","365.55","ORD0000458","2025-11-04 14:45:49","LMT","mock-trader","MOCKEXEC00000458"
"128.47","BUY","USD","AMZN","T000459","2025-11-04","Trade","NYSE","3","236.11","708.33","3.2","1.13","USD","-712.66","239.3","ORD0000459","2025-11-04 14:21:50","LMT","mock-trader","MOCKEXEC00000459"
"59.33","BUY","USD","AAPL","T000460","2025-11-05","Trade","NASDAQ","25","207.9","5197.5","2.96","0.89","USD","-5201.35","205.48","ORD0000460","2025-11-05 13:08:32","LMT","mock-trader","MOCKEXEC00000460"
"216.22","SELL","USD","MSFT","T000461","2025-11-05","Trade","NASDAQ","50","479.89","23994.5","1.86","1.15","USD","213.21","478.51","ORD0000461","2025-11-05 13:15:35","LMT","mock-trader","MOCKEXEC00000461"
"167.03","BUY","USD","GOOGL","T000462","2025-11-05","Trade","NASDAQ","15","181.24","2718.6","1.51","2.46","USD","-2722.57","182.32","ORD0000462","2025-11-05 11:34:44","MKT","mock-trader","MOCKEXEC00000462"
"51.45","SELL","USD","MSFT","T000463","2025-11-05","Trade","NASDAQ","2","468.43","936.86","1.94","2.1","USD","47.41","463.25","ORD0000463","2025-11-05 12:04:38","LMT","mock-trader","MOCKEXEC00000463"
"228.52","SELL","USD","TSLA","T000464","2025-11-05","Trade","ARCA","1","268.11","268.11","3.11","2.28","USD","223.13","270.29","ORD0000464","2025-11-05 09:48:09","MKT","mock-trader","MOCKEXEC00000464"
"43.58","SELL","USD","AMD","T000465","2025-11-05","Trade","NYSE","20","192.34","3846.8","0.72","2.22","USD","40.64","189.14","ORD0000465","2025-11-05 15:58:43","LMT","mock-trader","MOCKEXEC00000465"
"75.21","BUY","USD","TSLA","T000466","2025-11-05","Trade","ARCA","1","372.3","372.3","2.97","2.17","USD","-377.44","365.3","ORD0000466","2025-11-05 13:03:00","LMT","mock-trader","MOCKEXEC00000466"
"171.11","SELL","USD","MSFT","T000467","2025-11-05","Trade","NASDAQ","1","397.05","397.05","1.38","0.97","USD","168.76","395.17","ORD0000467","2025-11-05 12:27:34","MKT","mock-trader","MOCKEXEC00000467"
"241.66","BUY","USD","AMD","T000468","2025-11-05","Trade","NASDAQ","5","183.31","916.55","1.26","1.19","USD","-919.0","179.93","ORD0000468","2025-11-05 15:42:08","MKT","mock-trader","MOCKEXEC00000468"
"63.35","BUY","USD","MSFT","T000469","2025-11-05","Trade","NYSE","3","494.27","1482.81","1.53","2.48","USD","-1486.82","487.62","ORD0000469","2025-11-05 14:51:26","LMT","mock-trader","MOCKEXEC00000469"
"230.04","SELL","USD","NVDA","T000470","2025-11-05","Trade","ARCA","50","133.93","6696.5","1.35","0.76","USD","227.93","132.73","ORD0000470","2025-11-05 09:36:31","MKT","mock-trader","MOCKEXEC00000470"
"-163.27","SELL","USD","META","T000471","2025-11-05","Trade","NASDAQ","50","672.91","33645.5","0.13","1.34","USD","-164.74","670.81","ORD0000471","2025-11-05 13:30:44","MKT","mock-trader","MOCKEXEC00000471"
"264.96","SELL","USD","META","T000472","2025-11-05","Trade","ARCA","50","523.47","26173.5","0.31","1.31","USD","263.34","527.34","ORD0000472","2025-11-05 14:04:43","LMT","mock-trader","MOCKEXEC00000472"
"273.03","BUY","USD","TSLA","T000473","2025-11-06","Trade","NASDAQ","25","340.81","8520.25","2.01","1.0","USD","-8523.26","338.46","ORD0000473","2025-11-06 15:18:18","MKT","mock-trader","MOCKEXEC00000473"
"109.07","SELL","USD","META","T000474","2025-11-06","Trade","NYSE","1","688.79","688.79","2.01","1.73","USD","105.33","685.46","ORD0000474","2025-11-06 14:39:01","LMT","mock-trader","MOCKEXEC00000474"
"211.88","BUY","USD","MSFT","T000475","2025-11-06","Trade","NASDAQ","50","365.37","18268.5","0.88","1.64","USD","-18271.02","361.77","ORD0000475","2025-11-06 11:00:47","MKT","mock-trader","MOCKEXEC00000475"
"-49.37","SELL","USD","NVDA","T000476","2025-11-06","Trade","NASDAQ","15","164.63","2469.45","2.45","1.34","USD","-53.16","169.42","ORD0000476","2025-11-06 15:02:21","MKT","mock-trader","MOCKEXEC00000476"
"-61.03","SELL","USD","NVDA","T000477","2025-11-06","Trade","NASDAQ","20","161.63","3232.6","1.54","1.68","USD","-64.25","157.0","ORD0000477","2025-11-06 14:53:22","LMT","mock-trader","MOCKEXEC00000477"
"58.12","BUY","USD","MSFT","T000478","2025-11-06","Trade","ARCA","3","442.8","1328.4","1.67","2.38","USD","-1332.45","449.56","ORD0000478","2025-11-06 10:24:43","LMT","mock-trader","MOCKEXEC00000478"
"-174.07","BUY","USD","META","T000479","2025-11-07","Trade","NASDAQ","50","761.08","38054.0","3.25","1.26","USD","-38058.51","763.94","ORD0000479","2025-11-07 13:43:02","LMT","mock-trader","MOCKEXEC00000479"
"221.16","SELL","USD","GOOGL","T000480","2025-11-07","Trade","ARCA","15","190.55","2858.25","0.89","1.56","USD","218.71","189.93","ORD0000480","2025-11-07 14:47:15","MKT","mock-trader","MOCKEXEC00000480"
"156.4","BUY","USD","TSLA","T000481","2025-11-07","Trade","NYSE","15","359.52","5392.8","2.91","0.28","USD","-5395.99","353.08","ORD0000481","2025-11-07 09:43:28","MKT","mock-trader","MOCKEXEC00000481"
"129.7","SELL","USD","META","T000482","2025-11-07","Trade","NASDAQ","5","510.21","2551.05","0.2","1.59","USD","127.91","516.51","ORD0000482","2025-11-07 10:38:40","MKT","mock-trader","MOCKEXEC00000482"
"269.95","BUY","USD","MSFT","T000483","2025-11-07","Trade","NYSE","20","481.28","9625.6","1.98","2.43","USD","-9630.01","487.62","ORD0000483","2025-11-07 14:11:16","LMT","mock-trader","MOCKEXEC00000483"
"166.11","SELL","USD","MSFT","T000484","2025-11-07","Trade","NASDAQ","10","503.87","5038.7","2.34","1.98","USD","161.79","499.99","ORD0000484","2025-11-07 15:04:17","LMT","mock-trader","MOCKEXEC00000484"
"226.4","SELL","USD","GOOGL","T000485","2025-11-07","Trade","NASDAQ","1","188.74","188.74","0.62","0.41","USD","225.37","196.41","ORD0000485","2025-11-07 10:39:25","LMT","mock-trader","MOCKEXEC00000485"
"-70.81","BUY","USD","MSFT","T000486","2025-11-07","Trade","NASDAQ","50","503.74","25187.0","2.25","2.3","USD","-25191.55","507.19","ORD0000486","2025-11-07 09:02:04","LMT","mock-trader","MOCKEXEC00000486"
"140.17","BUY","USD","AMD","T000487","2025-11-07","Trade","NYSE","25","122.33","3058.25","3.27","1.75","USD","-3063.27","118.59","ORD0000487","2025-11-07 14:21:57","MKT","mock-trader","MOCKEXEC00000487"
"183.88","SELL","USD","AMD","T000488","2025-11-07","Trade","NYSE","20","160.59","3211.8","2.84","0.41","USD","180.63","156.2","ORD0000488","2025-11-07 12:44:52","MKT","mock-trader","MOCKEXEC00000488"
"136.14","SELL","USD","TSLA","T000489","2025-11-07","Trade","NYSE","10","330.12","3301.2","3.36","0.45","USD","132.33","330.67","ORD0000489","2025-11-07 11:05:53","LMT","mock-trader","MOCKEXEC00000489"
"12.08","BUY","USD","AMZN","T000490","2025-11-07","Trade","NYSE","50","153.93","7696.5","0.67","1.82","USD","-7698.99","160.27","ORD0000490","2025-11-07 14:44:22","MKT","mock-trader","MOCKEXEC00000490"
"-167.32","BUY","USD","AMD","T000491","2025-11-07","Trade","NYSE","3","105.35","316.05","3.49","0.79","USD","-320.33","103.57","ORD0000491","2025-11-07 15:34:41","LMT","mock-trader","MOCKEXEC00000491"
"-11.14","BUY","USD","AMD","T000492","2025-11-10","Trade","NYSE","1","150.89","150.89","2.52","1.16","USD","-154.57","146.28","ORD0000492","2025-11-10 14:42:33","MKT","mock-trader","MOCKEXEC00000492"
"64.45","BUY","USD","AMZN","T000493","2025-11-10","Trade","NASDAQ","1","223.55","223.55","0.07","2.29","USD","-225.91","225.44","ORD0000493","2025-11-10 10:44:41","MKT","mock-trader","MOCKEXEC00000493"
"-131.35","BUY","USD","NVDA","T000494","2025-11-10","Trade","NYSE","10","165.66","1656.6","2.14","2.13","USD","-1660.87","158.68","ORD0000494","2025-11-10 15:06:07","MKT","mock-trader","MOCKEXEC00000494"
"237.95","BUY","USD","MSFT","T000495","2025-11-10","Trade","NASDAQ","20","417.47","8349.4","2.58","1.15","USD","-8353.13","411.4","ORD0000495","2025-11-10 14:36:34","LMT","mock-trader","MOCKEXEC00000495"
"-119.63","BUY","USD","AMZN","T000496","2025-11-10","Trade","NASDAQ","3","183.55","550.65","0.49","1.18","USD","-552.32","186.69","ORD0000496","2025-11-10 13:10:28","MKT","mock-trader","MOCKEXEC00000496"
"-172.18","BUY","USD","NVDA","T000497","2025-11-10","Trade","ARCA","20","162.21","3244.2","1.7","0.26","USD","-3246.16","157.08","ORD0000497","2025-11-10 09:45:41","LMT","mock-trader","MOCKEXEC00000497"
"139.91","SELL","USD","GOOGL","T000498","2025-11-10","Trade","ARCA","3","180.92","542.76","1.83","1.18","USD","136.9","187.93","ORD0000498","2025-11-10 13:44:02","MKT","mock-trader","MOCKEXEC00000498"
"-177.71","BUY","USD","AMD","T000499","2025-11-10","Trade","ARCA","10","152.18","1521.8","0.82","0.51","USD","-1523.13","152.66","ORD0000499","2025-11-10 09:39:23","MKT","mock-trader","MOCKEXEC00000499"
"-123.66","BUY","USD","AMD","T000500","2025-11-10","Trade","ARCA","10","107.96","1079.6","0.52","2.15","USD","-1082.27","114.54","ORD0000500","2025-11-10 12:11:10","MKT","mock-trader","MOCKEXEC00000500"
"-54.31","SELL","USD","AAPL","T000501","2025-11-10","Trade","ARCA","10","214.67","2146.7","2.16","2.25","USD","-58.72","213.92","ORD0000501","2025-11-10 09:47:03","MKT","mock-trader","MOCKEXEC00000501"
"-144.57","BUY","USD","NVDA","T000502","2025-11-10","Trade","ARCA","25","141.19","3529.75","0.82","1.25","USD","-3531.82","142.47","ORD0000502","2025-11-10 12:12:47","LMT","mock-trader","MOCKEXEC00000502"
"-61.44","BUY","USD","AMZN","T000503","2025-11-10","Trade","NYSE","15","172.78","2591.7","1.44","0.7","USD","-2593.84","179.04","ORD0000503","2025-11-10 09:30:37","MKT","mock-trader","MOCKEXEC00000503"
"47.5","BUY","USD","GOOGL","T000504","2025-11-10","Trade","NASDAQ","5","289.18","1445.9","1.36","0.56","USD","-1447.82","292.7","ORD0000504","2025-11-10 14:22:17","LMT","mock-trader","MOCKEXEC00000504"
"-124.45","BUY","USD","NVDA","T000505","2025-11-10","Trade","ARCA","1","122.45","122.45","1.63","1.19","USD","-125.27","126.62","ORD0000505","2025-11-10 10:56:18","MKT","mock-trader","MOCKEXEC00000505"
"64.61","BUY","USD","AMZN","T000506","2025-11-11","Trade","NYSE","20","235.7","4714.0","3.48","1.58","USD","-4719.06","241.09","ORD0000506","2025-11-11 11:00:46","MKT","mock-trader","MOCKEXEC00000506"
"265.91","SELL","USD","AMZN","T000507","2025-11-11","Trade","NASDAQ","20","207.95","4159.0","2.07","0.59","USD","263.25","209.13","ORD0000507","2025-11-11 09:26:02","LMT","mock-trader","MOCKEXEC00000507"
"224.86","SELL","USD","AAPL","T000508","2025-11-11","Trade","NASDAQ","50","227.6","11380.0","2.44","0.47","USD","221.95","227.52","ORD0000508","2025-11-11 09:35:48","LMT","mock-trader","MOCKEXEC00000508"
"143.82","BUY","USD","AMZN","T000509","2025-11-11","Trade","ARCA","15","179.58","2693.7","0.32","1.33","USD","-2695.35","176.46","ORD0000509","2025-11-11 14:29:54","MKT","mock-trader","MOCKEXEC00000509"
"22.68","SELL","USD","AMD","T000510","2025-11-11","Trade","ARCA","3","231.13","693.39","2.76","1.08","USD","18.84","230.56","ORD0000510","2025-11-11 14:00:55","MKT","mock-trader","MOCKEXEC00000510"
"32.95","SELL","USD","GOOGL","T000511","2025-11-11","Trade","ARCA","50","154.91","7745.5","0.94","2.38","USD","29.63","155.59","ORD0000511","2025-11-11 15:13:50","MKT","mock-trader","MOCKEXEC00000511"
"157.33","BUY","USD","TSLA","T000512","2025-11-11","Trade","NYSE","50","439.06","21953.0","3.11","0.5","USD","-21956.61","436.91","ORD0000512","2025-11-11 13:02:23","MKT","mock-trader","MOCKEXEC00000512"
"-60.68","BUY","USD","MSFT","T000513","2025-11-11","Trade","NASDAQ","3","546.25","1638.75","0.4","1.33","USD","-1640.48","553.28","ORD0000513","2025-11-11 13:55:44","MKT","mock-trader","MOCKEXEC00000513"
"-41.43","SELL","USD","TSLA","T000514","2025-11-12","Trade","NYSE","50","386.05","19302.5","0.22","1.03","USD","-42.68","385.83","ORD0000514","2025-11-12 13:53:07","LMT","mock-trader","MOCKEXEC00000514"
"261.99","SELL","USD","AMD","T000515","2025-11-12","Trade","NYSE","2","128.25","256.5","0.31","1.13","USD","260.55","123.11","ORD0000515","2025-11-12 09:06:10","MKT","mock-trader","MOCKEXEC00000515"
"80.34","SELL","USD","NVDA","T000516","2025-11-12","Trade","NYSE","3","170.0","510.0","2.2","0.91","USD","77.23","177.51","ORD0000516","2025-11-12 13:59:08","LMT","mock-trader","MOCKEXEC00000516"
"-148.53","SELL","USD","GOOGL","T000517","2025-11-12","Trade","ARCA","1","193.73","193.73","3.05","0.77","USD","-152.35","200.89","ORD0000517","2025-11-12 14:21:26","LMT","mock-trader","MOCKEXEC00000517"
"42.63","SELL","USD","TSLA","T000518","2025-11-12","Trade","NASDAQ","50","418.38","20919.0","1.06","0.55","USD","41.02","423.01","ORD0000518","2025-11-12 10:50:16","LMT","mock-trader","MOCKEXEC00000518"
"-37.81","SELL","USD","TSLA","T000519","2025-11-12","Trade","NASDAQ","1","279.67","279.67","3.35","1.64","USD","-42.8","274.24","ORD0000519","2025-11-12 13:18:11","MKT","mock-trader","MOCKEXEC00000519"
"-21.69","BUY","USD","NVDA","T000520","2025-11-12","Trade","ARCA","2","103.29","206.58","0.44","0.84","USD","-207.86","98.24","ORD0000520","2025-11-12 13:45:02","LMT","mock-trader","MOCKEXEC00000520"
"307.73","BUY","USD","TSLA","T000521","2025-11-12","Trade","NYSE","15","339.69","5095.35","1.87","0.52","USD","-5097.74","332.09","ORD0000521","2025-11-12 12:49:09","LMT","mock-trader","MOCKEXEC00000521"
"-14.36","BUY","USD","NVDA","T000522","2025-11-12","Trade","NASDAQ","50","178.05","8902.5","2.47","1.32","USD","-8906.29","174.69","ORD0000522","2025-11-12 15:36:42","LMT","mock-trader","MOCKEXEC00000522"
"-110.29","BUY","USD","TSLA","T000523","2025-11-12","Trade","NYSE","25","430.03","10750.75","1.93","0.94","USD","-10753.62","428.46","ORD0000523","2025-11-12 15:14:28","MKT","mock-trader","MOCKEXEC00000523"
"-68.93","BUY","USD","TSLA","T000524","2025-11-12","Trade","ARCA","5","366.69","1833.45","3.27","0.88","USD","-1837.6","359.05","ORD0000524","2025-11-12 13:54:28","MKT","mock-trader","MOCKEXEC00000524"
"122.54","BUY","USD","GOOGL","T000525","2025-11-13","Trade","NYSE","25","197.66","4941.5","3.3","2.29","USD","-4947.09","195.44","ORD0000525","2025-11-13 10:45:54","LMT","mock-trader","MOCKEXEC00000525"
"-4.32","SELL","USD","GOOGL","T000526","2025-11-13","Trade","ARCA","1","192.7","192.7","3.42","2.22","USD","-9.96","186.1","ORD0000526","2025-11-13 14:56:28","LMT","mock-trader","MOCKEXEC00000526"
"305.18","SELL","USD","AMD","T000527","2025-11-13","Trade","NASDAQ","3","220.85","662.55","1.48","2.27","USD","301.43","215.08","ORD0000527","2025-11-13 13:38:05","MKT","mock-trader","MOCKEXEC00000527"
"-146.94","SELL","USD","META","T000528","2025-11-13","Trade","NYSE","50","795.99","39799.5","3.36","1.95","USD","-152.25","789.41","ORD0000528","2025-11-13 12:40:58","LMT","mock-trader","MOCKEXEC00000528"
"236.14","SELL","USD","NVDA","T000529","2025-11-13","Trade","NYSE","3","115.94","347.82","1.01","1.35","USD","233.78","121.1","ORD0000529","2025-11-13 11:53:37","LMT","mock-trader","MOCKEXEC00000529"
"-102.99","BUY","USD","AMD","T000530","2025-11-13","Trade","NYSE","1","218.68","218.68","1.05","1.69","USD","-221.42","220.86","ORD0000530","2025-11-13 09:41:42","LMT","mock-trader","MOCKEXEC00000530"
"202.36","SELL","USD","NVDA","T000531","2025-11-13","Trade","ARCA","5","102.28","511.4","1.73","2.43","USD","198.2","103.86","ORD0000531","2025-11-13 11:37:30","LMT","mock-trader","MOCKEXEC00000531"
"186.48","SELL","USD","META","T000532","2025-11-13","Trade","ARCA","2","611.96","1223.92","0.06","0.83","USD","185.59","613.27","ORD0000532","2025-11-13 10:20:29","MKT","mock-trader","MOCKEXEC00000532"
"29.76","BUY","USD","TSLA","T000533","2025-11-13","Trade","NASDAQ","1","304.53","304.53","3.19","1.05","USD","-308.77","301.17","ORD0000533","2025-11-13 13:40:59","MKT","mock-trader","MOCKEXEC00000533"
"256.22","BUY","USD","NVDA","T000534","2025-11-13","Trade","NYSE","3","143.5","430.5","2.89","1.79","USD","-435.18","140.32","ORD0000534","2025-11-13 14:44:44","MKT","mock-trader","MOCKEXEC00000534"
"-39.29","BUY","USD","TSLA","T000535","2025-11-13","Trade","NASDAQ","1","277.39","277.39","2.73","1.18","USD","-281.3","284.12","ORD0000535","2025-11-13 10:06:13","MKT","mock-trader","MOCKEXEC00000535"
"-141.8","BUY","USD","AMZN","T000536","2025-11-13","Trade","NASDAQ","20","196.05","3921.0","2.87","2.33","USD","-3926.2","195.72","ORD0000536","2025-11-13 11:44:23","LMT","mock-trader","MOCKEXEC00000536"
"227.29","BUY","USD","TSLA","T000537","2025-11-13","Trade","NASDAQ","10","255.75","2557.5","0.78","2.18","USD","-2560.46","250.03","ORD0000537","2025-11-13 10:19:08","MKT","mock-trader","MOCKEXEC00000537"
"207.35","SELL","USD","MSFT","T000538","2025-11-13","Trade","ARCA","2","365.55","731.1","2.65","0.35","USD","204.35","359.28","ORD0000538","2025-11-13 15:42:32","MKT","mock-trader","MOCKEXEC00000538"
"153.79","SELL","USD","MSFT","T000539","2025-11-14","Trade","NASDAQ","1","363.25","363.25","2.64","2.01","USD","149.14","369.97","ORD0000539","2025-11-14 10:37:57","MKT","mock-trader","MOCKEXEC00000539"
"193.1","BUY","USD","TSLA","T000540","2025-11-14","Trade","ARCA","2","279.11","558.22","0.97","1.55","USD","-560.74","276.75","ORD0000540","2025-11-14 15:32:49","MKT","mock-trader","MOCKEXEC00000540"
"177.91","BUY","USD","MSFT","T000541","2025-11-14","Trade","NASDAQ","1","455.77","455.77","3.37","0.64","USD","-459.78","459.83","ORD0000541","2025-11-14 09:46:06","LMT","mock-trader","MOCKEXEC00000541"
"-126.34","BUY","USD","TSLA","T000542","2025-11-14","Trade","NASDAQ","25","384.71","9617.75","2.92","2.46","USD","-9623.13","383.5","ORD0000542","2025-11-14 13:14:26","LMT","mock-trader","MOCKEXEC00000542"
"67.91","SELL","USD","MSFT","T000543","2025-11-14","Trade","NASDAQ","2","453.95","907.9","1.26","0.9","USD","65.75","457.5","ORD0000543","2025-11-14 09:20:31","LMT","mock-trader","MOCKEXEC00000543"
"240.55","SELL","USD","META","T000544","2025-11-14","Trade","NASDAQ","10","706.11","7061.1","0.79","1.17","USD","238.59","713.87","ORD0000544","2025-11-14 12:12:54","LMT","mock-trader","MOCKEXEC00000544"
"65.82","BUY","USD","TSLA","T000545","2025-11-14","Trade","NYSE","1","449.74","449.74","0.37","1.24","USD","-451.35","452.28","ORD0000545","2025-11-14 09:07:09","LMT","mock-trader","MOCKEXEC00000545"
"-80.46","BUY","USD","MSFT","T000546","2025-11-14","Trade","ARCA","2","422.74","845.48","0.7","2.15","USD","-848.33","421.21","ORD0000546","2025-11-14 10:53:27","LMT","mock-trader","MOCKEXEC00000546"
"153.34","SELL","USD","META","T000547","2025-11-14","Trade","NASDAQ","20","606.83","12136.6","3.33","2.47","USD","147.54","607.01","ORD0000547","2025-11-14 10:49:29","MKT","mock-trader","MOCKEXEC00000547"
"291.2","SELL","USD","META","T000548","2025-11-14","Trade","NASDAQ","25","569.25","14231.25","0.1","1.91","USD","289.19","574.53","ORD0000548","2025-11-14 12:43:01","LMT","mock-trader","MOCKEXEC00000548"
"-131.83","BUY","USD","TSLA","T000549","2025-11-14","Trade","NYSE","10","374.39","3743.9","0.27","1.94","USD","-3746.11","378.67","ORD0000549","2025-11-14 15:29:12","LMT","mock-trader","MOCKEXEC00000549"
"249.84","SELL","USD","AMD","T000550","2025-11-14","Trade","NASDAQ","50","151.54","7577.0","1.91","2.39","USD","245.54","144.05","ORD0000550","2025-11-14 12:56:58","LMT","mock-trader","MOCKEXEC00000550"
"-162.01","SELL","USD","AMD","T000551","2025-11-14","Trade","NYSE","20","166.38","3327.6","0.62","1.73","USD","-164.36","170.85","ORD0000551","2025-11-14 14:10:31","MKT","mock-trader","MOCKEXEC00000551"
"65.28","SELL","USD","GOOGL","T000552","2025-11-17","Trade","ARCA","2","235.33","470.66","1.94","1.46","USD","61.88","234.85","ORD0000552","2025-11-17 13:54:10","MKT","mock-trader","MOCKEXEC00000552"
"8.9","SELL","USD","GOOGL","T000553","2025-11-17","Trade","NASDAQ","25","238.66","5966.5","2.37","1.97","USD","4.56","235.21","ORD0000553","2025-11-17 09:01:37","MKT","mock-trader","MOCKEXEC00000553"
"132.58","SELL","USD","TSLA","T000554","2025-11-17","Trade","ARCA","1","403.04","403.04","1.33","1.21","USD","130.04","410.91","ORD0000554","2025-11-17 12:22:03","MKT","mock-trader","MOCKEXEC00000554"
"275.19","BUY","USD","AMZN","T000555","2025-11-17","Trade","NASDAQ","10","209.25","2092.5","0.23","0.94","USD","-2093.67","206.65","ORD0000555","2025-11-17 09:34:20","LMT","mock-trader","MOCKEXEC00000555"
"54.85","SELL","USD","GOOGL","T000556","2025-11-17","Trade","NYSE","10","153.06","1530.6","0.08","0.96","USD","53.81","154.19","ORD0000556","2025-11-17 11:36:06","MKT","mock-trader","MOCKEXEC00000556"
"202.45","SELL","USD","AMZN","T000557","2025-11-17","Trade","ARCA","25","200.28","5007.0","1.19","1.63","USD","199.63","198.09","ORD0000557","2025-11-17 12:12:31","MKT","mock-trader","MOCKEXEC00000557"
"318.11","SELL","USD","AMZN","T000558","2025-11-17","Trade","ARCA","10","154.75","1547.5","1.41","0.76","USD","315.94","158.64","ORD0000558","2025-11-17 09:45:54","MKT","mock-trader","MOCKEXEC00000558"
"85.53","SELL","USD","TSLA","T000559","2025-11-17","Trade","NYSE","2","363.29","726.58","1.49","1.03","USD","83.01","356.52","ORD0000559","2025-11-17 15:19:32","LMT","mock-trader","MOCKEXEC00000559"
"132.48","BUY","USD","TSLA","T000560","2025-11-17","Trade","ARCA","20","330.46","6609.2","1.59","1.97","USD","-6612.76","325.35","ORD0000560","2025-11-17 09:40:45","MKT","mock-trader","MOCKEXEC00000560"
"138.96","BUY","USD","AMD","T000561","2025-11-17","Trade","NASDAQ","25","140.19","3504.75","2.83","2.17","USD","-3509.75","146.7","ORD0000561","2025-11-17 13:46:40","MKT","mock-trader","MOCKEXEC00000561"
"162.65","BUY","USD","AMD","T000562","2025-11-18","Trade","ARCA","5","122.57","612.85","1.05","1.23","USD","-615.13","119.67","ORD0000562","2025-11-18 15:58:04","MKT","mock-trader","MOCKEXEC00000562"
"-51.78","SELL","USD","GOOGL","T000563","2025-11-18","Trade","NYSE","10","246.91","2469.1","2.1","1.16","USD","-55.04","240.73","ORD0000563","2025-11-18 10:01:15","LMT","mock-trader","MOCKEXEC00000563"
"-161.5","SELL","USD","AMD","T000564","2025-11-18","Trade","ARCA","20","197.04","3940.8","0.56","0.56","USD","-162.62","193.17","ORD0000564","2025-11-18 15:17:42","MKT","mock-trader","MOCKEXEC00000564"
"268.25","SELL","USD","AAPL","T000565","2025-11-18","Trade","ARCA","1","203.87","203.87","1.1","0.92","USD","266.23","196.89","ORD0000565","2025-11-18 12:57:23","MKT","mock-trader","MOCKEXEC00000565"
"187.24","BUY","USD","GOOGL","T000566","2025-11-18","Trade","NYSE","5","166.79","833.95","3.27","1.42","USD","-838.64","172.05","ORD0000566","2025-11-18 15:59:33","LMT","mock-trader","MOCKEXEC00000566"
"-23.29","BUY","USD","MSFT","T000567","2025-11-18","Trade","NYSE","2","504.64","1009.28","2.91","1.91","USD","-1014.1","509.53","ORD0000567","2025-11-18 14:15:59","MKT","mock-trader","MOCKEXEC00000567"
"-42.73","BUY","USD","NVDA","T000568","2025-11-18","Trade","NASDAQ","3","117.13","351.39","1.43","2.19","USD","-355.01","110.02","ORD0000568","2025-11-18 13:23:44","LMT","mock-trader","MOCKEXEC00000568"
"259.72","SELL","USD","GOOGL","T000569","2025-11-18","Trade","ARCA","5","294.5","1472.5","3.28","1.07","USD","255.37","297.95","ORD0000569","2025-11-18 15:19:01","MKT","mock-trader","MOCKEXEC00000569"
"-25.37","BUY","USD","AAPL","T000570","2025-11-18","Trade","NASDAQ","10","238.69","2386.9","3.35","1.07","USD","-2391.32","243.69","ORD0000570","2025-11-18 09:34:55","LMT","mock-trader","MOCKEXEC00000570"
"278.96","BUY","USD","GOOGL","T000571","2025-11-18","Trade","NASDAQ","20","289.13","5782.6","1.05","2.36","USD","-5786.01","293.24","ORD0000571","2025-11-18 11:13:55","LMT","mock-trader","MOCKEXEC00000571"
"-139.95","SELL","USD","TSLA","T000572","2025-11-18","Trade","NYSE","1","304.81","304.81","2.73","1.36","USD","-144.04","308.6","ORD0000572","2025-11-18 15:21:45","MKT","mock-trader","MOCKEXEC00000572"
"184.62","BUY","USD","META","T000573","2025-11-19","Trade","ARCA","15","626.26","9393.9","1.92","0.99","USD","-9396.81","629.38","ORD0000573","2025-11-19 15:03:41","MKT","mock-trader","MOCKEXEC00000573"
"134.15","BUY","USD","AMD","T000574","2025-11-19","Trade","ARCA","1","160.1","160.1","1.1","0.44","USD","-161.64","154.63","ORD0000574","2025-11-19 13:45:49","MKT","mock-trader","MOCKEXEC00000574"
"187.59","SELL","USD","GOOGL","T000575","2025-11-19","Trade","NASDAQ","25","221.75","5543.75","0.91","1.8","USD","184.88","226.98","ORD0000575","2025-11-19 15:18:12","LMT","mock-trader","MOCKEXEC00000575"
"292.38","BUY","USD","TSLA","T000576","2025-11-19","Trade","ARCA","20","425.28","8505.6","3.1","0.76","USD","-8509.46","432.45","ORD0000576","2025-11-19 13:41:39","MKT","mock-trader","MOCKEXEC00000576"
"245.92","SELL","USD","MSFT","T000577","2025-11-19","Trade","NASDAQ","5","402.36","2011.8","0.17","1.64","USD","244.11","403.97","ORD0000577","2025-11-19 10:05:23","MKT","mock-trader","MOCKEXEC00000577"
"67.07","SELL","USD","AAPL","T000578","2025-11-19","Trade","NYSE","25","257.91","6447.75","0.79","0.71","USD","65.57","265.05","ORD0000578","2025-11-19 15:50:17","LMT","mock-trader","MOCKEXEC00000578"
"120.04","BUY","USD","GOOGL","T000579","2025-11-19","Trade","NASDAQ","20","278.45","5569.0","3.48","0.89","USD","-5573.37","281.29","ORD0000579","2025-11-19 12:11:26","MKT","mock-trader","MOCKEXEC00000579"
"273.66","SELL","USD","META","T000580","2025-11-19","Trade","NYSE","5","685.3","3426.5","1.29","1.79","USD","270.58","684.63","ORD0000580","2025-11-19 09:30:08","LMT","mock-trader","MOCKEXEC00000580"
"98.5","SELL","USD","GOOGL","T000581","2025-11-20","Trade","ARCA","10","160.96","1609.6","0.18","2.34","USD","95.98","160.49","ORD0000581","2025-11-20 11:38:42","MKT","mock-trader","MOCKEXEC00000581"
"-28.75","SELL","USD","AAPL","T000582","2025-11-20","Trade","NASDAQ","50","243.38","12169.0","1.38","1.08","USD","-31.21","250.87","ORD0000582","2025-11-20 13:02:37","LMT","mock-trader","MOCKEXEC00000582"
"-114.04","SELL","USD","NVDA","T000583","2025-11-20","Trade","NASDAQ","15","170.23","2553.45","1.11","1.44","USD","-116.59","164.5","ORD0000583","2025-11-20 09:20:02","LMT","mock-trader","MOCKEXEC00000583"
"258.47","SELL","USD","META","T000584","2025-11-20","Trade","NASDAQ","20","584.88","11697.6","2.15","1.96","USD","254.36","581.1","ORD0000584","2025-11-20 11:27:57","LMT","mock-trader","MOCKEXEC00000584"
"148.71","BUY","USD","AMD","T000585","2025-11-20","Trade","NYSE","50","227.96","11398.0","2.79","0.37","USD","-11401.16","222.34","ORD0000585","2025-11-20 10:11:02","LMT","mock-trader","MOCKEXEC00000585"
"267.59","SELL","USD","NVDA","T000586","2025-11-20","Trade","NYSE","20","109.28","2185.6","1.73","1.24","USD","264.62","117.1","ORD0000586","2025-11-20 13:31:29","MKT","mock-trader","MOCKEXEC00000586"
"254.09","BUY","USD","NVDA","T000587","2025-11-20","Trade","ARCA","15","107.49","1612.35","0.63","0.63","USD","-1613.61","107.63","ORD0000587","2025-11-20 11:36:57","MKT","mock-trader","MOCKEXEC00000587"
"-56.92","BUY","USD","AAPL","T000588","2025-11-20","Trade","NASDAQ","20","264.43","5288.6","1.74","0.46","USD","-5290.8","261.69","ORD0000588","2025-11-20 11:43:43","LMT","mock-trader","MOCKEXEC00000588"
"-139.47","BUY","USD","TSLA","T000589","2025-11-20","Trade","NASDAQ","15","280.76","4211.4","2.91","1.73","USD","-4216.04","280.02","ORD0000589","2025-11-20 11:38:42","LMT","mock-trader","MOCKEXEC00000589"
"-155.66","SELL","USD","AMD","T000590","2025-11-21","Trade","NYSE","3","131.71","395.13","2.25","0.98","USD","-158.89","124.6","ORD0000590","2025-11-21 09:35:38","MKT","mock-trader","MOCKEXEC00000590"
"205.44","SELL","USD","GOOGL","T000591","2025-11-21","Trade","NYSE","3","186.01","558.03","1.4","0.3","USD","203.74","181.34","ORD0000591","2025-11-21 12:49:25","MKT","mock-trader","MOCKEXEC00000591"
"187.94","SELL","USD","MSFT","T000592","2025-11-21","Trade","NYSE","25","510.22","12755.5","3.23","2.28","USD","182.43","511.88","ORD0000592","2025-11-21 11:42:06","MKT","mock-trader","MOCKEXEC00000592"
"101.53","SELL","USD","AMD","T000593","2025-11-21","Trade","ARCA","20","171.47","3429.4","1.48","1.95","USD","98.1","176.45","ORD0000593","2025-11-21 13:11:27","LMT","mock-trader","MOCKEXEC00000593"
"51.76","BUY","USD","MSFT","T000594","2025-11-21","Trade","ARCA","50","418.35","20917.5","0.78","1.79","USD","-20920.07","412.83","ORD0000594","2025-11-21 12:33:40","MKT","mock-trader","MOCKEXEC00000594"
"220.77","SELL","USD","META","T000595","2025-11-21","Trade","ARCA","20","523.75","10475.0","1.05","2.46","USD","217.26","526.7","ORD0000595","2025-11-21 11:53:15","LMT","mock-trader","MOCKEXEC00000595"
"75.33","BUY","USD","AAPL","T000596","2025-11-24","Trade","NYSE","1","235.94","235.94","1.45","1.3","USD","-238.69","239.46","ORD0000596","2025-11-24 15:16:22","MKT","mock-trader","MOCKEXEC00000596"
"-88.9","BUY","USD","AAPL","T000597","2025-11-24","Trade","ARCA","25","212.57","5314.25","1.38","0.44","USD","-5316.07","218.6","ORD0000597","2025-11-24 11:20:37","LMT","mock-trader","MOCKEXEC00000597"
"255.67","SELL","USD","AMD","T000598","2025-11-24","Trade","ARCA","15","245.01","3675.15","0.66","0.67","USD","254.34","248.96","ORD0000598","2025-11-24 13:16:55","MKT","mock-trader","MOCKEXEC00000598"
"-173.35","BUY","USD","GOOGL","T000599","2025-11-24","Trade","ARCA","1","209.24","209.24","2.3","1.29","USD","-212.83","207.72","ORD0000599","2025-11-24 14:47:38","LMT","mock-trader","MOCKEXEC00000599"
"-136.18","SELL","USD","META","T000600","2025-11-24","Trade","NASDAQ","20","741.39","14827.8","0.47","0.68","USD","-137.33","746.45","ORD0000600","2025-11-24 14:12:54","MKT","mock-trader","MOCKEXEC00000600"
"133.03","BUY","USD","AMD","T000601","2025-11-24","Trade","NYSE","5","165.37","826.85","2.77","0.68","USD","-830.3","162.18","ORD0000601","2025-11-24 12:09:30","MKT","mock-trader","MOCKEXEC00000601"
"42.63","BUY","USD","MSFT","T000602","2025-11-24","Trade","ARCA","3","497.76","1493.28","1.7","0.29","USD","-1495.27","496.95","ORD0000602","2025-11-24 10:12:18","LMT","mock-trader","MOCKEXEC00000602"
"243.81","SELL","USD","AAPL","T000603","2025-11-24","Trade","ARCA","1","207.19","207.19","1.51","1.19","USD","241.11","207.12","ORD0000603","2025-11-24 13:38:46","LMT","mock-trader","MOCKEXEC00000603"
"115.52","SELL","USD","AAPL","T000604","2025-11-24","Trade","NASDAQ","20","234.03","4680.6","2.14","1.78","USD","111.6","239.1","ORD0000604","2025-11-24 12:14:45","MKT","mock-trader","MOCKEXEC00000604"
"266.44","SELL","USD","GOOGL","T000605","2025-11-24","Trade","ARCA","50","159.53","7976.5","1.46","1.32","USD","263.66","159.45","ORD0000605","2025-11-24 14:22:28","LMT","mock-trader","MOCKEXEC00000605"
"39.06","SELL","USD","NVDA","T000606","2025-11-25","Trade","ARCA","5","137.54","687.7","1.78","1.57","USD","35.71","140.5","ORD0000606","2025-11-25 13:54:53","LMT","mock-trader","MOCKEXEC00000606"
"236.54","SELL","USD","NVDA","T000607","2025-11-25","Trade","ARCA","20","176.78","3535.6","2.36","1.9","USD","232.28","181.52","ORD0000607","2025-11-25 15:54:10","MKT","mock-trader","MOCKEXEC00000607"
"-80.26","BUY","USD","META","T000608","2025-11-25","Trade","NASDAQ","25","538.73","13468.25","2.12","0.48","USD","-13470.85","537.39","ORD0000608","2025-11-25 12:19:15","MKT","mock-trader","MOCKEXEC00000608"
"-100.7","SELL","USD","AAPL","T000609","2025-11-25","Trade","NASDAQ","10","224.99","2249.9","2.9","2.26","USD","-105.86","217.5","ORD0000609","2025-11-25 09:21:27","MKT","mock-trader","MOCKEXEC00000609"
"-9.84","BUY","USD","MSFT","T000610","2025-11-25","Trade","ARCA","25","401.56","10039.0","1.24","0.36","USD","-10040.6","407.6","ORD0000610","2025-11-25 11:57:09","MKT","mock-trader","MOCKEXEC00000610"
"197.88","SELL","USD","AAPL","T000611","2025-11-25","Trade","ARCA","25","267.39","6684.75","3.41","2.01","USD","192.46","269.14","ORD0000611","2025-11-25 15:06:52","MKT","mock-trader","MOCKEXEC00000611"
"275.49","BUY","USD","MSFT","T000612","2025-11-26","Trade","NASDAQ","2","524.17","1048.34","0.55","0.91","USD","-1049.8","523.23","ORD0000612","2025-11-26 13:31:46","MKT","mock-trader","MOCKEXEC00000612"
"-79.05","SELL","USD","TSLA","T000613","2025-11-26","Trade","NYSE","3","274.6","823.8","3.39","1.98","USD","-84.42","266.71","ORD0000613","2025-11-26 15:51:30","LMT","mock-trader","MOCKEXEC00000613"
"197.42","BUY","USD","NVDA","T000614","2025-11-26","Trade","NASDAQ","10","129.79","1297.9","1.26","1.75","USD","-1300.91","124.22","ORD0000614","2025-11-26 15:33:26","MKT","mock-trader","MOCKEXEC00000614"
"295.92","SELL","USD","GOOGL","T000615","2025-11-26","Trade","NASDAQ","20","284.71","5694.2","1.81","1.78","USD","292.33","291.81","ORD0000615","2025-11-26 12:09:49","MKT","mock-trader","MOCKEXEC00000615"
"206.19","SELL","USD","MSFT","T000616","2025-11-26","Trade","ARCA","15","430.33","6454.95","1.52","1.13","USD","203.54","422.92","ORD0000616","2025-11-26 14:09:57","MKT","mock-trader","MOCKEXEC00000616"
"170.4","SELL","USD","META","T000617","2025-11-26","Trade","NYSE","20","765.73","15314.6","3.06","1.87","USD","165.47","762.75","ORD0000617","2025-11-26 11:00:52","MKT","mock-trader","MOCKEXEC00000617"
"132.18","SELL","USD","GOOGL","T000618","2025-11-26","Trade","NYSE","5","283.14","1415.7","2.16","1.24","USD","128.78","280.66","ORD0000618","2025-11-26 15:50:41","MKT","mock-trader","MOCKEXEC00000618"
"15.0","BUY","USD","META","T000619","2025-11-26","Trade","NASDAQ","1","661.23","661.23","2.52","2.23","USD","-665.98","661.56","ORD0000619","2025-11-26 13:18:13","LMT","mock-trader","MOCKEXEC00000619"
"218.3","BUY","USD","TSLA","T000620","2025-11-26","Trade","NASDAQ","1","255.58","255.58","2.07","0.79","USD","-258.44","259.97","ORD0000620","2025-11-26 14:27:32","MKT","mock-trader","MOCKEXEC00000620"
"-156.13","SELL","USD","TSLA","T000621","2025-11-26","Trade","NYSE","50","320.89","16044.5","2.28","0.53","USD","-158.94","317.66","ORD0000621","2025-11-26 14:00:29","MKT","mock-trader","MOCKEXEC00000621"
"212.39","SELL","USD","AMZN","T000622","2025-11-26","Trade","NASDAQ","10","178.45","1784.5","2.5","1.76","USD","208.13","181.88","ORD0000622","2025-11-26 13:47:15","LMT","mock-trader","MOCKEXEC00000622"
"175.82","SELL","USD","AMZN","T000623","2025-11-26","Trade","NYSE","25","159.8","3995.0","2.9","0.43","USD","172.49","152.8","ORD0000623","2025-11-26 10:30:13","MKT","mock-trader","MOCKEXEC00000623"
"17.39","SELL","USD","TSLA","T000624","2025-11-26","Trade","NYSE","50","353.79","17689.5","0.92","1.37","USD","15.1","352.56","ORD0000624","2025-11-26 12:44:59","LMT","mock-trader","MOCKEXEC00000624"
"175.58","BUY","USD","NVDA","T000625","2025-11-26","Trade","NYSE","50","110.17","5508.5","0.45","1.84","USD","-5510.79","115.98","ORD0000625","2025-11-26 09:44:13","LMT","mock-trader","MOCKEXEC00000625"
"24.31","SELL","USD","NVDA","T000626","2025-11-27","Trade","NYSE","2","148.13","296.26","0.42","1.54","USD","22.35","140.77","ORD0000626","2025-11-27 10:07:23","LMT","mock-trader","MOCKEXEC00000626"
"-108.57","SELL","USD","META","T000627","2025-11-27","Trade","NASDAQ","25","508.39","12709.75","2.74","1.2","USD","-112.51","515.38","ORD0000627","2025-11-27 11:56:18","MKT","mock-trader","MOCKEXEC00000627"
"-146.22","BUY","USD","AMD","T000628","2025-11-27","Trade","NYSE","2","182.13","364.26","0.16","1.33","USD","-365.75","179.09","ORD0000628","2025-11-27 12:57:21","LMT","mock-trader","MOCKEXEC00000628"
"200.84","BUY","USD","NVDA","T000629","2025-11-27","Trade","ARCA","50","150.92","7546.0","2.34","0.59","USD","-7548.93","154.57","ORD0000629","2025-11-27 09:51:39","LMT","mock-trader","MOCKEXEC00000629"
"-157.09","BUY","USD","GOOGL","T000630","2025-11-27","Trade","ARCA","20","200.85","4017.0","2.35","1.25","USD","-4020.6","197.29","ORD0000630","2025-11-27 09:55:10","MKT","mock-trader","MOCKEXEC00000630"
"297.58","BUY","USD","META","T000631","2025-11-27","Trade","NYSE","50","525.55","26277.5","1.9","1.95","USD","-26281.35","532.87","ORD0000631","2025-11-27 13:12:48","MKT","mock-trader","MOCKEXEC00000631"
"-57.36","BUY","USD","NVDA","T000632","2025-11-28","Trade","NYSE","10","162.94","1629.4","2.47","2.25","USD","-1634.12","162.05","ORD0000632","2025-11-28 15:34:38","LMT","mock-trader","MOCKEXEC00000632"
"-89.75","SELL","USD","AAPL","T000633","2025-11-28","Trade","ARCA","1","223.8","223.8","0.08","1.44","USD","-91.27","221.91","ORD0000633","2025-11-28 09:07:06","MKT","mock-trader","MOCKEXEC00000633"
"-135.19","BUY","USD","META","T000634","2025-11-28","Trade","NASDAQ","3","576.67","1730.01","1.07","1.17","USD","-1732.25","571.38","ORD0000634","2025-11-28 13:20:11","MKT","mock-trader","MOCKEXEC00000634"
"26.41","SELL","USD","META","T000635","2025-11-28","Trade","NASDAQ","2","596.01","1192.02","1.13","1.09","USD","24.19","601.25","ORD0000635","2025-11-28 09:03:12","MKT","mock-trader","MOCKEXEC00000635"
"-20.83","SELL","USD","AMD","T000636","2025-11-28","Trade","NASDAQ","2","140.39","280.78","1.94","0.4","USD","-23.17","132.85","ORD0000636","2025-11-28 14:14:58","LMT","mock-trader","MOCKEXEC00000636"
"-117.21","BUY","USD","MSFT","T000637","2025-11-28","Trade","NASDAQ","50","480.31","24015.5","1.99","1.25","USD","-24018.74","485.85","ORD0000637","2025-11-28 13:13:50","LMT","mock-trader","MOCKEXEC00000637"
"300.68","BUY","USD","NVDA","T000638","2025-11-28","Trade","ARCA","50","176.21","8810.5","1.94","0.34","USD","-8812.78","181.21","ORD0000638","2025-11-28 15:39:18","MKT","mock-trader","MOCKEXEC00000638"
"239.74","SELL","USD","AAPL","T000639","2025-12-01","Trade","NYSE","10","241.85","2418.5","1.33","1.04","USD","237.37","243.97","ORD0000639","2025-12-01 13:53:32","MKT","mock-trader","MOCKEXEC00000639"
"169.21","BUY","USD","NVDA","T000640","2025-12-01","Trade","ARCA","10","107.18","1071.8","2.91","1.88","USD","-1076.59","115.16","ORD0000640","2025-12-01 12:13:39","LMT","mock-trader","MOCKEXEC00000640"
"151.14","SELL","USD","TSLA","T000641","2025-12-01","Trade","ARCA","25","304.6","7615.0","1.13","0.72","USD","149.29","311.94","ORD0000641","2025-12-01 11:01:58","MKT","mock-trader","MOCKEXEC00000641"
"156.35","SELL","USD","AAPL","T000642","2025-12-01","Trade","NASDAQ","1","263.1","263.1","1.45","2.26","USD","152.64","266.35","ORD0000642","2025-12-01 15:25:34","MKT","mock-trader","MOCKEXEC00000642"
"226.39","SELL","USD","AAPL","T000643","2025-12-01","Trade","NASDAQ","2","224.71","449.42","2.9","1.06","USD","222.43","219.54","ORD0000643","2025-12-01 15:51:44","MKT","mock-trader","MOCKEXEC00000643"
"-69.24","SELL","USD","AMD","T000644","2025-12-01","Trade","ARCA","5","166.69","833.45","0.07","0.88","USD","-70.19","173.43","ORD0000644","2025-12-01 11:12:05","LMT","mock-trader","MOCKEXEC00000644"
"66.42","SELL","USD","AMZN","T000645","2025-12-02","Trade","NASDAQ","15","153.68","2305.2","2.46","1.61","USD","62.35","145.79","ORD0000645","2025-12-02 15:40:25","LMT","mock-trader","MOCKEXEC00000645"
"189.41","BUY","USD","AMD","T000646","2025-12-02","Trade","NASDAQ","50","129.07","6453.5","2.35","1.61","USD","-6457.46","123.88","ORD0000646","2025-12-02 13:08:47","MKT","mock-trader","MOCKEXEC00000646"
"-42.84","BUY","USD","META","T000647","2025-12-02","Trade","NYSE","50","718.67","35933.5","2.97","0.3","USD","-35936.77","726.19","ORD0000647","2025-12-02 14:34:39","LMT","mock-trader","MOCKEXEC00000647"
"-18.5","SELL","USD","AAPL","T000648","2025-12-02","Trade","NYSE","1","259.77","259.77","2.96","1.17","USD","-22.63","253.72","ORD0000648","2025-12-02 13:29:31","MKT","mock-trader","MOCKEXEC00000648"
"86.21","BUY","USD","AMZN","T000649","2025-12-02","Trade","ARCA","10","241.84","2418.4","1.11","1.13","USD","-2420.64","239.2","ORD0000649","2025-12-02 13:51:01","MKT","mock-trader","MOCKEXEC00000649"
"-15.39","BUY","USD","GOOGL","T000650","2025-12-02","Trade","ARCA","5","179.53","897.65","0.22","1.66","USD","-899.53","171.98","ORD0000650","2025-12-02 12:51:01","LMT","mock-trader","MOCKEXEC00000650"
"299.4","BUY","USD","META","T000651","2025-12-02","Trade","ARCA","2","642.07","1284.14","2.91","2.1","USD","-1289.15","642.38","ORD0000651","2025-12-02 10:04:49","LMT","mock-trader","MOCKEXEC00000651"
"-149.66","SELL","USD","MSFT","T000652","2025-12-02","Trade","NASDAQ","2","367.11","734.22","0.12","0.95","USD","-150.73","372.67","ORD0000652","2025-12-02 09:50:08","LMT","mock-trader","MOCKEXEC00000652"
"158.78","SELL","USD","AAPL","T000653","2025-12-02","Trade","NYSE","20","204.61","4092.2","1.96","0.91","USD","155.91","202.71","ORD0000653","2025-12-02 09:39:48","MKT","mock-trader","MOCKEXEC00000653"
"259.97","SELL","USD","AMD","T000654","2025-12-03","Trade","ARCA","25","219.27","5481.75","2.17","1.01","USD","256.79","226.27","ORD0000654","2025-12-03 15:01:29","LMT","mock-trader","MOCKEXEC00000654"
"176.65","BUY","USD","AMZN","T000655","2025-12-03","Trade","NYSE","2","151.23","302.46","2.08","2.14","USD","-306.68","157.7","ORD0000655","2025-12-03 10:40:32","LMT","mock-trader","MOCKEXEC00000655"
"-111.16","SELL","USD","GOOGL","T000656","2025-12-03","Trade","NYSE","25","177.89","4447.25","0.15","0.54","USD","-111.85","179.24","ORD0000656","2025-12-03 13:41:48","LMT","mock-trader","MOCKEXEC00000656"
"-8.55","BUY","USD","NVDA","T000657","2025-12-03","Trade","NASDAQ","25","124.69","3117.25","1.29","0.27","USD","-3118.81","126.07","ORD0000657","2025-12-03 14:09:03","MKT","mock-trader","MOCKEXEC00000657"
"140.28","SELL","USD","GOOGL","T000658","2025-12-03","Trade","NYSE","5","296.48","1482.4","0.7","0.4","USD","139.18","291.51","ORD0000658","2025-12-03 12:44:44","LMT","mock-trader","MOCKEXEC00000658"
"-127.58","SELL","USD","TSLA","T000659","2025-12-03","Trade","ARCA","20","315.72","6314.4","3.07","2.3","USD","-132.95","315.65","ORD0000659","2025-12-03 09:40:14","MKT","mock-trader","MOCKEXEC00000659"
"296.29","BUY","USD","AMZN","T000660","2025-12-04","Trade","NYSE","25","223.46","5586.5","1.16","1.92","USD","-5589.58","218.75","ORD0000660","2025-12-04 10:52:00","MKT","mock-trader","MOCKEXEC00000660"
"-108.8","SELL","USD","MSFT","T000661","2025-12-04","Trade","NASDAQ","1","460.94","460.94","1.54","1.67","USD","-112.01","467.54","ORD0000661","2025-12-04 11:02:01","MKT","mock-trader","MOCKEXEC00000661"
"179.42","BUY","USD","META","T000662","2025-12-04","Trade","NYSE","5","765.61","3828.05","1.19","1.5","USD","-3830.74","760.47","ORD0000662","2025-12-04 09:11:53","MKT","mock-trader","MOCKEXEC00000662"
"262.51","BUY","USD","AAPL","T000663","2025-12-04","Trade","ARCA","20","245.84","4916.8","1.18","0.72","USD","-4918.7","245.14","ORD0000663","2025-12-04 11:51:23","MKT","mock-trader","MOCKEXEC00000663"
"282.08","BUY","USD","GOOGL","T000664","2025-12-04","Trade","NYSE","2","171.66","343.32","2.78","0.68","USD","-346.78","169.71","ORD0000664","2025-12-04 11:20:38","MKT","mock-trader","MOCKEXEC00000664"
"-105.72","BUY","USD","AAPL","T000665","2025-12-04","Trade","ARCA","50","220.59","11029.5","0.87","1.67","USD","-11032.04","217.07","ORD0000665","2025-12-04 10:54:32","LMT","mock-trader","MOCKEXEC00000665"
"127.44","BUY","USD","AMZN","T000666","2025-12-04","Trade","NYSE","25","229.1","5727.5","0.59","1.12","USD","-5729.21","235.22","ORD0000666","2025-12-04 15:32:23","LMT","mock-trader","MOCKEXEC00000666"
"61.65","SELL","USD","NVDA","T000667","2025-12-04","Trade","ARCA","15","142.04","2130.6","3.35","1.32","USD","56.98","143.34","ORD0000667","2025-12-04 14:58:50","MKT","mock-trader","MOCKEXEC00000667"
"-62.81","BUY","USD","AMZN","T000668","2025-12-04","Trade","NYSE","5","195.21","976.05","0.77","1.21","USD","-978.03","193.24","ORD0000668","2025-12-04 10:59:53","LMT","mock-trader","MOCKEXEC00000668"
"79.41","BUY","USD","MSFT","T000669","2025-12-04","Trade","NYSE","2","409.01","818.02","0.81","0.34","USD","-819.17","409.21","ORD0000669","2025-12-04 11:27:28","LMT","mock-trader","MOCKEXEC00000669"
"11.19","SELL","USD","GOOGL","T000670","2025-12-04","Trade","NYSE","25","197.55","4938.75","0.63","0.78","USD","9.78","199.88","ORD0000670","2025-12-04 11:57:05","MKT","mock-trader","MOCKEXEC00000670"
"0.12","BUY","USD","META","T000671","2025-12-04","Trade","ARCA","2","535.58","1071.16","1.91","1.0","USD","-1074.07","538.38","ORD0000671","2025-12-04 11:19:47","LMT","mock-trader","MOCKEXEC00000671"
"-175.73","BUY","USD","AMZN","T000672","2025-12-04","Trade","ARCA","50","241.24","12062.0","1.05","2.1","USD","-12065.15","245.77","ORD0000672","2025-12-04 12:25:52","MKT","mock-trader","MOCKEXEC00000672"
"194.57","SELL","USD","NVDA","T000673","2025-12-05","Trade","NYSE","5","118.15","590.75","1.66","1.41","USD","191.5","122.73","ORD0000673","2025-12-05 15:29:46","LMT","mock-trader","MOCKEXEC00000673"
"290.96","SELL","USD","MSFT","T000674","2025-12-05","Trade","ARCA","5","435.76","2178.8","1.46","1.24","USD","288.26","441.41","ORD0000674","2025-12-05 09:23:08","MKT","mock-trader","MOCKEXEC00000674"
"237.15","BUY","USD","META","T000675","2025-12-05","Trade","ARCA","25","743.12","18578.0","1.19","1.19","USD","-18580.38","746.09","ORD0000675","2025-12-05 12:48:49","LMT","mock-trader","MOCKEXEC00000675"
"-103.15","BUY","USD","TSLA","T000676","2025-12-05","Trade","ARCA","1","434.43","434.43","3.33","0.99","USD","-438.75","436.51","ORD0000676","2025-12-05 13:58:38","LMT","mock-trader","MOCKEXEC00000676"
"13.22","BUY","USD","GOOGL","T000677","2025-12-05","Trade","NASDAQ","20","159.56","3191.2","1.66","0.99","USD","-3193.85","166.95","ORD0000677","2025-12-05 14:57:19","MKT","mock-trader","MOCKEXEC00000677"
"121.68","BUY","USD","MSFT","T000678","2025-12-05","Trade","NASDAQ","1","515.29","515.29","0.09","0.7","USD","-516.08","521.87","ORD0000678","2025-12-05 12:18:13","LMT","mock-trader","MOCKEXEC00000678"
"-174.48","SELL","USD","MSFT","T000679","2025-12-05","Trade","NYSE","1","423.73","423.73","1.14","2.3","USD","-177.92","421.99","ORD0000679","2025-12-05 09:08:34","LMT","mock-trader","MOCKEXEC00000679"
"-77.16","SELL","USD","MSFT","T000680","2025-12-05","Trade","ARCA","5","375.99","1879.95","1.51","1.85","USD","-80.52","375.59","ORD0000680","2025-12-05 13:36:19","MKT","mock-trader","MOCKEXEC00000680"
"-108.65","SELL","USD","AMD","T000681","2025-12-05","Trade","ARCA","5","101.12","505.6","0.22","1.15","USD","-110.02","106.04","ORD0000681","2025-12-05 13:21:58","LMT","mock-trader","MOCKEXEC00000681"
"-36.04","SELL","USD","AMD","T000682","2025-12-05","Trade","NYSE","1","210.59","210.59","3.08","1.28","USD","-40.4","213.8","ORD0000682","2025-12-05 14:50:19","MKT","mock-trader","MOCKEXEC00000682"
"186.62","BUY","USD","GOOGL","T000683","2025-12-05","Trade","ARCA","3","284.99","854.97","1.6","2.3","USD","-858.87","279.93","ORD0000683","2025-12-05 13:06:25","MKT","mock-trader","MOCKEXEC00000683"
"88.87","BUY","USD","AMZN","T000684","2025-12-05","Trade","NYSE","10","238.26","2382.6","2.33","0.4","USD","-2385.33","241.88","ORD0000684","2025-12-05 10:58:31","MKT","mock-trader","MOCKEXEC00000684"
"209.76","BUY","USD","TSLA","T000685","2025-12-05","Trade","NASDAQ","2","350.88","701.76","1.44","0.62","USD","-703.82","346.2","ORD0000685","2025-12-05 09:29:01","LMT","mock-trader","MOCKEXEC00000685"
"-174.63","SELL","USD","TSLA","T000686","2025-12-08","Trade","NYSE","5","329.33","1646.65","0.4","2.31","USD","-177.34","326.56","ORD0000686","2025-12-08 14:29:31","MKT","mock-trader","MOCKEXEC00000686"
"230.21","BUY","USD","MSFT","T000687","2025-12-08","Trade","NASDAQ","25","378.05","9451.25","2.95","0.63","USD","-9454.83","370.34","ORD0000687","2025-12-08 09:11:18","LMT","mock-trader","MOCKEXEC00000687"
"-103.25","BUY","USD","NVDA","T000688","2025-12-08","Trade","NYSE","1","154.19","154.19","1.25","0.74","USD","-156.18","146.74","ORD0000688","2025-12-08 14:34:13","MKT","mock-trader","MOCKEXEC00000688"
"119.1","SELL","USD","MSFT","T000689","2025-12-08","Trade","NASDAQ","10","438.8","4388.0","0.17","1.1","USD","117.83","434.03","ORD0000689","2025-12-08 10:23:58","MKT","mock-trader","MOCKEXEC00000689"
"-172.72","BUY","USD","MSFT","T000690","2025-12-08","Trade","ARCA","20","355.59","7111.8","2.87","1.78","USD","-7116.45","348.6","ORD0000690","2025-12-08 09:51:53","MKT","mock-trader","MOCKEXEC00000690"
"227.81","BUY","USD","NVDA","T000691","2025-12-08","Trade","NASDAQ","20","141.0","2820.0","1.13","1.66","USD","-2822.79","142.99","ORD0000691","2025-12-08 13:25:27","MKT","mock-trader","MOCKEXEC00000691"
"-172.5","BUY","USD","AMZN","T000692","2025-12-08","Trade","NYSE","15","182.34","2735.1","2.29","0.28","USD","-2737.67","177.74","ORD0000692","2025-12-08 10:04:42","LMT","mock-trader","MOCKEXEC00000692"
"203.77","BUY","USD","AAPL","T000693","2025-12-08","Trade","ARCA","5","228.78","1143.9","1.75","2.48","USD","-1148.13","232.18","ORD0000693","2025-12-08 15:59:54","MKT","mock-trader","MOCKEXEC00000693"
"168.16","BUY","USD","META","T000694","2025-12-08","Trade","ARCA","15","794.42","11916.3","2.37","2.44","USD","-11921.11","797.52","ORD0000694","2025-12-08 11:11:40","LMT","mock-trader","MOCKEXEC00000694"
"276.05","BUY","USD","AMD","T000695","2025-12-08","Trade","NASDAQ","15","102.65","1539.75","1.57","1.4","USD","-1542.72","106.52","ORD0000695","2025-12-08 13:37:45","MKT","mock-trader","MOCKEXEC00000695"
"34.25","BUY","USD","AAPL","T000696","2025-12-08","Trade","NASDAQ","10","216.55","2165.5","0.85","0.43","USD","-2166.78","210.75","ORD0000696","2025-12-08 12:18:12","LMT","mock-trader","MOCKEXEC00000696"
"119.04","BUY","USD","AMZN","T000697","2025-12-08","Trade","NASDAQ","5","242.34","1211.7","3.31","1.91","USD","-1216.92","239.6","ORD0000697","2025-12-08 11:20:41","LMT","mock-trader","MOCKEXEC00000697"
"-77.09","BUY","USD","AAPL","T000698","2025-12-09","Trade","ARCA","15","223.99","3359.85","0.19","2.31","USD","-3362.35","231.8","ORD0000698","2025-12-09 15:43:44","MKT","mock-trader","MOCKEXEC00000698"
"-176.98","SELL","USD","GOOGL","T000699","2025-12-09","Trade","NASDAQ","3","216.35","649.05","3.04","0.41","USD","-180.43","211.43","ORD0000699","2025-12-09 14:09:13","MKT","mock-trader","MOCKEXEC00000699"
"33.12","BUY","USD","NVDA","T000700","2025-12-09","Trade","NASDAQ","5","140.59","702.95","1.63","0.62","USD","-705.2","135.75","ORD0000700","2025-12-09 12:11:38","LMT","mock-trader","MOCKEXEC00000700"
"210.64","SELL","USD","META","T000701","2025-12-09","Trade","NYSE","5","581.56","2907.8","0.28","2.44","USD","207.92","579.93","ORD0000701","2025-12-09 10:30:28","LMT","mock-trader","MOCKEXEC00000701"
"33.7","SELL","USD","NVDA","T000702","2025-12-09","Trade","ARCA","1","160.95","160.95","0.29","2.29","USD","31.12","157.75","ORD0000702","2025-12-09 13:09:35","MKT","mock-trader","MOCKEXEC00000702"
"-38.39","SELL","USD","META","T000703","2025-12-09","Trade","NASDAQ","25","591.75","14793.75","1.97","1.33","USD","-41.69","589.08","ORD0000703","2025-12-09 14:30:12","MKT","mock-trader","MOCKEXEC00000703"
"7.13","BUY","USD","AAPL","T000704","2025-12-09","Trade","NYSE","50","251.13","12556.5","1.42","1.19","USD","-12559.11","249.44","ORD0000704","2025-12-09 14:23:24","LMT","mock-trader","MOCKEXEC00000704"
"-117.76","SELL","USD","MSFT","T000705","2025-12-09","Trade","ARCA","1","548.49","548.49","3.26","0.62","USD","-121.64","552.7","ORD0000705","2025-12-09 11:49:58","LMT","mock-trader","MOCKEXEC00000705"
"283.26","SELL","USD","AMD","T000706","2025-12-09","Trade","ARCA","1","197.64","197.64","2.57","0.8","USD","279.89","190.19","ORD0000706","2025-12-09 15:23:40","MKT","mock-trader","MOCKEXEC00000706"
"-106.32","SELL","USD","NVDA","T000707","2025-12-09","Trade","NASDAQ","25","175.54","4388.5","0.87","1.55","USD","-108.74","178.14","ORD0000707","2025-12-09 10:00:07","LMT","mock-trader","MOCKEXEC00000707"
"33.44","BUY","USD","MSFT","T000708","2025-12-10","Trade","ARCA","20","383.16","7663.2","2.42","1.38","USD","-7667.0","383.69","ORD0000708","2025-12-10 12:37:19","LMT","mock-trader","MOCKEXEC00000708"
"-45.49","BUY","USD","MSFT","T000709","2025-12-10","Trade","NYSE","15","512.85","7692.75","0.73","1.93","USD","-7695.41","516.03","ORD0000709","2025-12-10 09:10:52","MKT","mock-trader","MOCKEXEC00000709"
"147.26","BUY","USD","MSFT","T000710","2025-12-10","Trade","NYSE","20","454.99","9099.8","2.57","0.63","USD","-9103.0","452.98","ORD0000710","2025-12-10 14:08:12","MKT","mock-trader","MOCKEXEC00000710"
"-150.51","SELL","USD","MSFT","T000711","2025-12-10","Trade","ARCA","5","387.13","1935.65","0.64","1.96","USD","-153.11","383.28","ORD0000711","2025-12-10 15:26:28","MKT","mock-trader","MOCKEXEC00000711"
"-117.66","BUY","USD","NVDA","T000712","2025-12-10","Trade","NASDAQ","10","106.86","1068.6","0.22","0.32","USD","-1069.14","102.62","ORD0000712","2025-12-10 12:43:48","MKT","mock-trader","MOCKEXEC00000712"
"214.6","SELL","USD","AAPL","T000713","2025-12-10","Trade","NYSE","1","246.57","246.57","0.15","0.72","USD","213.73","251.24","ORD0000713","2025-12-10 12:38:33","LMT","mock-trader","MOCKEXEC00000713"
"160.93","SELL","USD","AMD","T000714","2025-12-10","Trade","NYSE","20","150.48","3009.6","1.2","0.96","USD","158.77","146.31","ORD0000714","2025-12-10 11:42:25","MKT","mock-trader","MOCKEXEC00000714"
"255.27","SELL","USD","TSLA","T000715","2025-12-10","Trade","ARCA","2","250.62","501.24","1.41","2.13","USD","251.73","257.42","ORD0000715","2025-12-10 09:38:07","LMT","mock-trader","MOCKEXEC00000715"
"149.44","SELL","USD","AMZN","T000716","2025-12-10","Trade","NASDAQ","25","211.84","5296.0","1.66","1.18","USD","146.6","206.85","ORD0000716","2025-12-10 14:52:20","LMT","mock-trader","MOCKEXEC00000716"
"62.27","SELL","USD","AAPL","T000717","2025-12-10","Trade","ARCA","25","216.35","5408.75","2.59","2.04","USD","57.64","213.92","ORD0000717","2025-12-10 12:42:54","MKT","mock-trader","MOCKEXEC00000717"
"254.93","SELL","USD","GOOGL","T000718","2025-12-10","Trade","NASDAQ","5","256.79","1283.95","3.07","2.02","USD","249.84","260.26","ORD0000718","2025-12-10 09:08:31","LMT","mock-trader","MOCKEXEC00000718"
"61.08","BUY","USD","AMD","T000719","2025-12-10","Trade","NASDAQ","25","243.26","6081.5","1.89","0.8","USD","-6084.19","237.99","ORD0000719","2025-12-10 14:44:05","LMT","mock-trader","MOCKEXEC00000719"
"-69.81","SELL","USD","NVDA","T000720","2025-12-11","Trade","ARCA","20","161.3","3226.0","0.9","1.32","USD","-72.03","167.66","ORD0000720","2025-12-11 09:42:08","LMT","mock-trader","MOCKEXEC00000720"
"203.17","SELL","USD","MSFT","T000721","2025-12-11","Trade","ARCA","5","536.36","2681.8","2.1","1.7","USD","199.37","534.39","ORD0000721","2025-12-11 14:47:47","LMT","mock-trader","MOCKEXEC00000721"
"-34.51","BUY","USD","GOOGL","T000722","2025-12-11","Trade","ARCA","5","188.86","944.3","0.39","1.02","USD","-945.71","190.34","ORD0000722","2025-12-11 10:47:07","LMT","mock-trader","MOCKEXEC00000722"
"-179.16","SELL","USD","NVDA","T000723","2025-12-11","Trade","NYSE","20","146.15","2923.0","0.22","1.46","USD","-180.84","151.7","ORD0000723","2025-12-11 12:20:49","MKT","mock-trader","MOCKEXEC00000723"
"246.18","BUY","USD","AMZN","T000724","2025-12-11","Trade","NYSE","20","150.92","3018.4","1.11","2.09","USD","-3021.6","147.67","ORD0000724","2025-12-11 10:31:43","MKT","mock-trader","MOCKEXEC00000724"
"-25.55","BUY","USD","META","T000725","2025-12-11","Trade","ARCA","1","679.66","679.66","3.47","0.53","USD","-683.66","687.61","ORD0000725","2025-12-11 14:36:30","MKT","mock-trader","MOCKEXEC00000725"
"-13.43","SELL","USD","META","T000726","2025-12-12","Trade","ARCA","1","794.34","794.34","2.9","0.72","USD","-17.05","798.06","ORD0000726","2025-12-12 15:14:44","MKT","mock-trader","MOCKEXEC00000726"
"227.51","SELL","USD","NVDA","T000727","2025-12-12","Trade","ARCA","20","123.93","2478.6","3.19","0.61","USD","223.71","116.28","ORD0000727","2025-12-12 12:21:27","LMT","mock-trader","MOCKEXEC00000727"
"183.38","SELL","USD","TSLA","T000728","2025-12-12","Trade","NASDAQ","20","264.36","5287.2","0.99","2.33","USD","180.06","267.58","ORD0000728","2025-12-12 13:25:06","LMT","mock-trader","MOCKEXEC00000728"
"108.58","SELL","USD","AAPL","T000729","2025-12-12","Trade","ARCA","25","245.82","6145.5","1.55","1.34","USD","105.69","252.18","ORD0000729","2025-12-12 10:13:51","MKT","mock-trader","MOCKEXEC00000729"
"314.24","SELL","USD","AAPL","T000730","2025-12-12","Trade","NASDAQ","2","247.48","494.96","0.52","2.39","USD","311.33","246.31","ORD0000730","2025-12-12 15:10:59","MKT","mock-trader","MOCKEXEC00000730"
"-121.33","SELL","USD","TSLA","T000731","2025-12-12","Trade","NYSE","3","439.01","1317.03","1.8","1.01","USD","-124.14","437.95","ORD0000731","2025-12-12 10:40:46","MKT","mock-trader","MOCKEXEC00000731"
"-28.66","BUY","USD","AAPL","T000732","2025-12-12","Trade","ARCA","5","227.77","1138.85","2.09","0.64","USD","-1141.58","231.69","ORD0000732","2025-12-12 15:44:50","MKT","mock-trader","MOCKEXEC00000732"
"42.56","SELL","USD","AMD","T000733","2025-12-12","Trade","ARCA","10","194.85","1948.5","0.04","0.51","USD","42.01","188.8","ORD0000733","2025-12-12 14:42:58","MKT","mock-trader","MOCKEXEC00000733"
"-132.72","SELL","USD","AAPL","T000734","2025-12-12","Trade","ARCA","10","248.56","2485.6","2.08","1.11","USD","-135.91","256.56","ORD0000734","2025-12-12 14:27:19","MKT","mock-trader","MOCKEXEC00000734"
"251.11","SELL","USD","MSFT","T000735","2025-12-12","Trade","ARCA","2","492.75","985.5","1.88","1.16","USD","248.07","495.96","ORD0000735","2025-12-12 12:35:52","LMT","mock-trader","MOCKEXEC00000735"
"268.8","BUY","USD","MSFT","T000736","2025-12-12","Trade","NYSE","5","543.14","2715.7","0.63","1.6","USD","-2717.93","538.02","ORD0000736","2025-12-12 13:28:51","MKT","mock-trader","MOCKEXEC00000736"
"-136.09","BUY","USD","AAPL","T000737","2025-12-12","Trade","NYSE","5","245.68","1228.4","0.9","1.94","USD","-1231.24","239.03","ORD0000737","2025-12-12 09:32:19","MKT","mock-trader","MOCKEXEC00000737"
"293.11","BUY","USD","GOOGL","T000738","2025-12-12","Trade","NYSE","5","195.09","975.45","1.82","2.01","USD","-979.28","197.64","ORD0000738","2025-12-12 12:08:36","LMT","mock-trader","MOCKEXEC00000738"
"-157.63","BUY","USD","TSLA","T000739","2025-12-15","Trade","ARCA","2","382.52","765.04","0.13","0.57","USD","-765.74","388.22","ORD0000739","2025-12-15 10:08:38","MKT","mock-trader","MOCKEXEC00000739"
"31.01","SELL","USD","TSLA","T000740","2025-12-15","Trade","NASDAQ","3","395.82","1187.46","1.92","0.84","USD","28.25","398.22","ORD0000740","2025-12-15 10:25:29","LMT","mock-trader","MOCKEXEC00000740"
"134.78","BUY","USD","GOOGL","T000741","2025-12-15","Trade","ARCA","50","180.56","9028.0","0.94","1.67","USD","-9030.61","182.89","ORD0000741","2025-12-15 14:23:36","MKT","mock-trader","MOCKEXEC00000741"
"36.81","BUY","USD","GOOGL","T000742","2025-12-15","Trade","ARCA","15","298.87","4483.05","0.09","1.61","USD","-4484.75","292.11","ORD0000742","2025-12-15 09:34:07","LMT","mock-trader","MOCKEXEC00000742"
"-13.24","SELL","USD","MSFT","T000743","2025-12-15","Trade","NASDAQ","2","422.56","845.12","0.96","2.2","USD","-16.4","418.17","ORD0000743","2025-12-15 09:06:24","LMT","mock-trader","MOCKEXEC00000743"
"257.76","BUY","USD","MSFT","T000744","2025-12-15","Trade","NYSE","3","455.3","1365.9","2.06","2.07","USD","-1370.03","448.83","ORD0000744","2025-12-15 11:44:36","LMT","mock-trader","MOCKEXEC00000744"
"195.94","BUY","USD","MSFT","T000745","2025-12-15","Trade","ARCA","3","413.6","1240.8","0.63","2.06","USD","-1243.49","416.44","ORD0000745","2025-12-15 15:34:35","LMT","mock-trader","MOCKEXEC00000745"
"76.78","BUY","USD","AMD","T000746","2025-12-15","Trade","ARCA","10","101.42","1014.2","0.54","0.53","USD","-1015.27","99.48","ORD0000746","2025-12-15 14:17:03","LMT","mock-trader","MOCKEXEC00000746"
"313.12","SELL","USD","AMZN","T000747","2025-12-15","Trade","NASDAQ","25","168.31","4207.75","2.79","1.38","USD","308.95","164.72","ORD0000747","2025-12-15 12:33:45","LMT","mock-trader","MOCKEXEC00000747"
"242.62","SELL","USD","MSFT","T000748","2025-12-15","Trade","NASDAQ","20","504.12","10082.4","2.22","0.42","USD","239.98","499.96","ORD0000748","2025-12-15 09:10:36","MKT","mock-trader","MOCKEXEC00000748"
"31.99","SELL","USD","META","T000749","2025-12-15","Trade","ARCA","1","788.65","788.65","1.78","1.89","USD","28.32","788.32","ORD0000749","2025-12-15 13:43:43","MKT","mock-trader","MOCKEXEC00000749"
"192.96","BUY","USD","GOOGL","T000750","2025-12-15","Trade","ARCA","5","286.63","1433.15","2.5","1.83","USD","-1437.48","290.62","ORD0000750","2025-12-15 10:47:42","MKT","mock-trader","MOCKEXEC00000750"
"-92.59","BUY","USD","AMD","T000751","2025-12-15","Trade","NYSE","50","235.57","11778.5","1.28","0.55","USD","-11780.33","233.22","ORD0000751","2025-12-15 09:27:31","MKT","mock-trader","MOCKEXEC00000751"
"-55.12","BUY","USD","TSLA","T000752","2025-12-15","Trade","NYSE","15","432.81","6492.15","1.89","1.97","USD","-6496.01","426.7","ORD0000752","2025-12-15 11:30:18","MKT","mock-trader","MOCKEXEC00000752"
"299.57","BUY","USD","GOOGL","T000753","2025-12-16","Trade","NASDAQ","10","289.37","2893.7","1.8","2.26","USD","-2897.76","296.34","ORD0000753","2025-12-16 13:54:31","LMT","mock-trader","MOCKEXEC00000753"
"-126.42","SELL","USD","AAPL","T000754","2025-12-16","Trade","NYSE","15","220.88","3313.2","1.22","1.88","USD","-129.52","219.31","ORD0000754","2025-12-16 09:06:27","MKT","mock-trader","MOCKEXEC00000754"
"63.71","BUY","USD","MSFT","T000755","2025-12-16","Trade","NYSE","20","374.77","7495.4","0.54","1.73","USD","-7497.67","370.39","ORD0000755","2025-12-16 12:23:19","LMT","mock-trader","MOCKEXEC00000755"
"148.14","SELL","USD","NVDA","T000756","2025-12-16","Trade","ARCA","2","179.15","358.3","1.54","0.56","USD","146.04","183.1","ORD0000756","2025-12-16 09:22:56","MKT","mock-trader","MOCKEXEC00000756"
"17.27","BUY","USD","MSFT","T000757","2025-12-16","Trade","NYSE","10","358.05","3580.5","2.6","2.28","USD","-3585.38","352.62","ORD0000757","2025-12-16 10:30:42","MKT","mock-trader","MOCKEXEC00000757"
"160.87","SELL","USD","GOOGL","T000758","2025-12-16","Trade","ARCA","50","224.34","11217.0","0.45","1.94","USD","158.48","228.83","ORD0000758","2025-12-16 12:32:46","LMT","mock-trader","MOCKEXEC00000758"
"-7.94","BUY","USD","MSFT","T000759","2025-12-17","Trade","ARCA","1","375.22","375.22","0.05","1.79","USD","-377.06","368.05","ORD0000759","2025-12-17 15:21:27","MKT","mock-trader","MOCKEXEC00000759"
"-138.69","SELL","USD","GOOGL","T000760","2025-12-17","Trade","NASDAQ","10","192.33","1923.3","1.5","1.64","USD","-141.83","196.0","ORD0000760","2025-12-17 10:15:17","LMT","mock-trader","MOCKEXEC00000760"
"211.36","SELL","USD","AMZN","T000761","2025-12-17","Trade","ARCA","5","197.39","986.95","0.36","1.89","USD","209.11","199.17","ORD0000761","2025-12-17 10:54:37","MKT","mock-trader","MOCKEXEC00000761"
"-43.07","BUY","USD","AMZN","T000762","2025-12-17","Trade","NASDAQ","3","190.13","570.39","0.67","0.58","USD","-571.64","182.41","ORD0000762","2025-12-17 10:05:55","LMT","mock-trader","MOCKEXEC00000762"
"33.04","SELL","USD","GOOGL","T000763","2025-12-17","Trade","NYSE","5","183.27","916.35","0.21","1.21","USD","31.62","176.1","ORD0000763","2025-12-17 09:17:23","LMT","mock-trader","MOCKEXEC00000763"
"-89.12","BUY","USD","GOOGL","T000764","2025-12-17","Trade","ARCA","15","284.27","4264.05","0.0","1.74","USD","-4265.79","281.42","ORD0000764","2025-12-17 11:30:17","MKT","mock-trader","MOCKEXEC00000764"
"1.79","BUY","USD","GOOGL","T000765","2025-12-17","Trade","NASDAQ","10","292.25","2922.5","1.07","0.47","USD","-2924.04","284.47","ORD0000765","2025-12-17 13:49:55","LMT","mock-trader","MOCKEXEC00000765"
"-60.87","SELL","USD","TSLA","T000766","2025-12-17","Trade","ARCA","50","370.94","18547.0","0.97","1.56","USD","-63.4","364.34","ORD0000766","2025-12-17 09:08:40","MKT","mock-trader","MOCKEXEC00000766"
"-142.56","BUY","USD","AMZN","T000767","2025-12-18","Trade","ARCA","25","242.55","6063.75","1.91","1.02","USD","-6066.68","246.16","ORD0000767","2025-12-18 15:12:34","MKT","mock-trader","MOCKEXEC00000767"
"175.8","BUY","USD","AAPL","T000768","2025-12-18","Trade","NYSE","5","229.27","1146.35","3.12","1.96","USD","-1151.43","234.81","ORD0000768","2025-12-18 13:22:57","LMT","mock-trader","MOCKEXEC00000768"
"81.88","SELL","USD","MSFT","T000769","2025-12-18","Trade","NYSE","2","446.56","893.12","3.33","2.03","USD","76.52","441.23","ORD0000769","2025-12-18 11:44:08","MKT","mock-trader","MOCKEXEC00000769"
"86.23","BUY","USD","AAPL","T000770","2025-12-18","Trade","NYSE","20","234.65","4693.0","1.8","0.42","USD","-4695.22","233.65","ORD0000770","2025-12-18 13:24:35","LMT","mock-trader","MOCKEXEC00000770"
"105.95","BUY","USD","META","T000771","2025-12-18","Trade","ARCA","3","501.08","1503.24","2.07","0.27","USD","-1505.58","507.94","ORD0000771","2025-12-18 13:29:32","LMT","mock-trader","MOCKEXEC00000771"
"96.08","BUY","USD","META","T000772","2025-12-18","Trade","NYSE","10","712.48","7124.8","0.6","0.35","USD","-7125.75","708.29","ORD0000772","2025-12-18 09:40:09","MKT","mock-trader","MOCKEXEC00000772"
"-179.3","BUY","USD","AAPL","T000773","2025-12-19","Trade","ARCA","5","237.42","1187.1","1.22","1.61","USD","-1189.93","235.33","ORD0000773","2025-12-19 09:45:56","LMT","mock-trader","MOCKEXEC00000773"
"-151.37","SELL","USD","NVDA","T000774","2025-12-19","Trade","NASDAQ","10","125.97","1259.7","2.86","2.1","USD","-156.33","121.48","ORD0000774","2025-12-19 11:11:16","MKT","mock-trader","MOCKEXEC00000774"
"41.09","SELL","USD","GOOGL","T000775","2025-12-19","Trade","NASDAQ","50","180.92","9046.0","1.13","0.71","USD","39.25","183.0","ORD0000775","2025-12-19 15:48:25","LMT","mock-trader","MOCKEXEC00000775"
"59.5","SELL","USD","AMZN","T000776","2025-12-19","Trade","NYSE","15","164.83","2472.45","1.74","1.28","USD","56.48","169.88","ORD0000776","2025-12-19 10:12:36","MKT","mock-trader","MOCKEXEC00000776"
"-91.13","BUY","USD","META","T000777","2025-12-19","Trade","NYSE","10","548.88","5488.8","1.38","1.62","USD","-5491.8","541.99","ORD0000777","2025-12-19 09:27:15","LMT","mock-trader","MOCKEXEC00000777"
"8.94","BUY","USD","MSFT","T000778","2025-12-19","Trade","NASDAQ","1","470.66","470.66","0.07","2.11","USD","-472.84","474.88","ORD0000778","2025-12-19 14:59:02","MKT","mock-trader","MOCKEXEC00000778"
"119.82","SELL","USD","MSFT","T000779","2025-12-19","Trade","NYSE","3","537.72","1613.16","2.77","0.27","USD","116.78","542.39","ORD0000779","2025-12-19 13:47:52","MKT","mock-trader","MOCKEXEC00000779"
"266.2","BUY","USD","AMZN","T000780","2025-12-19","Trade","ARCA","25","225.97","5649.25","2.85","0.94","USD","-5653.04","225.63","ORD0000780","2025-12-19 10:03:34","LMT","mock-trader","MOCKEXEC00000780"
"-31.63","BUY","USD","MSFT","T000781","2025-12-19","Trade","NYSE","1","370.56","370.56","1.79","2.13","USD","-374.48","364.83","ORD0000781","2025-12-19 10:01:14","LMT","mock-trader","MOCKEXEC00000781"
"259.5","SELL","USD","NVDA","T000782","2025-12-19","Trade","NASDAQ","10","118.07","1180.7","1.35","2.24","USD","255.91","123.23","ORD0000782","2025-12-19 09:31:10","MKT","mock-trader","MOCKEXEC00000782"
"-120.82","SELL","USD","META","T000783","2025-12-22","Trade","NYSE","2","684.71","1369.42","3.23","2.32","USD","-126.37","691.04","ORD0000783","2025-12-22 13:09:11","LMT","mock-trader","MOCKEXEC00000783"
"163.58","SELL","USD","NVDA","T000784","2025-12-22","Trade","ARCA","3","171.45","514.35","2.19","0.9","USD","160.49","177.46","ORD0000784","2025-12-22 11:58:31","LMT","mock-trader","MOCKEXEC00000784"
"309.02","BUY","USD","META","T000785","2025-12-22","Trade","NYSE","1","758.51","758.51","2.72","0.58","USD","-761.81","752.87","ORD0000785","2025-12-22 12:46:50","MKT","mock-trader","MOCKEXEC00000785"
"-18.47","SELL","USD","MSFT","T000786","2025-12-22","Trade","ARCA","10","378.93","3789.3","0.45","1.98","USD","-20.9","376.57","ORD0000786","2025-12-22 12:27:30","LMT","mock-trader","MOCKEXEC00000786"
"94.67","BUY","USD","TSLA","T000787","2025-12-22","Trade","ARCA","5","326.64","1633.2","1.89","1.36","USD","-1636.45","327.22","ORD0000787","2025-12-22 10:24:05","LMT","mock-trader","MOCKEXEC00000787"
"-78.36","BUY","USD","AMZN","T000788","2025-12-22","Trade","NASDAQ","5","186.17","930.85","2.98","1.07","USD","-934.9","185.75","ORD0000788","2025-12-22 10:58:07","LMT","mock-trader","MOCKEXEC00000788"
"237.63","BUY","USD","TSLA","T000789","2025-12-22","Trade","NASDAQ","10","342.08","3420.8","1.93","2.35","USD","-3425.08","340.82","ORD0000789","2025-12-22 10:52:14","MKT","mock-trader","MOCKEXEC00000789"
"32.35","SELL","USD","NVDA","T000790","2025-12-23","Trade","NASDAQ","1","155.69","155.69","0.19","0.49","USD","31.67","157.0","ORD0000790","2025-12-23 12:53:38","MKT","mock-trader","MOCKEXEC00000790"
"-141.47","SELL","USD","NVDA","T000791","2025-12-23","Trade","NASDAQ","3","106.32","318.96","1.99","2.08","USD","-145.54","100.72","ORD0000791","2025-12-23 10:30:47","LMT","mock-trader","MOCKEXEC00000791"
"142.42","SELL","USD","AMD","T000792","2025-12-23","Trade","NASDAQ","15","166.6","2499.0","0.05","0.5","USD","141.87","159.56","ORD0000792","2025-12-23 14:02:38","MKT","mock-trader","MOCKEXEC00000792"
"257.99","SELL","USD","AAPL","T000793","2025-12-23","Trade","NASDAQ","20","247.59","4951.8","1.94","2.12","USD","253.93","254.3","ORD0000793","2025-12-23 13:19:45","LMT","mock-trader","MOCKEXEC00000793"
"308.96","SELL","USD","NVDA","T000794","2025-12-23","Trade","ARCA","2","141.72","283.44","0.44","0.73","USD","307.79","143.62","ORD0000794","2025-12-23 10:25:11","MKT","mock-trader","MOCKEXEC00000794"
"22.55","SELL","USD","AMD","T000795","2025-12-23","Trade","NASDAQ","15","197.9","2968.5","1.33","0.37","USD","20.85","195.84","ORD0000795","2025-12-23 12:12:17","MKT","mock-trader","MOCKEXEC00000795"
"-38.9","SELL","USD","MSFT","T000796","2025-12-23","Trade","NASDAQ","15","355.61","5334.15","1.9","0.4","USD","-41.2","357.16","ORD0000796","2025-12-23 15:58:19","MKT","mock-trader","MOCKEXEC00000796"
"102.4","SELL","USD","AMZN","T000797","2025-12-24","Trade","NASDAQ","2","247.67","495.34","1.97","2.03","USD","98.4","240.4","ORD0000797","2025-12-24 11:05:19","LMT","mock-trader","MOCKEXEC00000797"
"195.92","SELL","USD","META","T000798","2025-12-24","Trade","ARCA","50","558.47","27923.5","2.54","2.44","USD","190.94","561.71","ORD0000798","2025-12-24 09:21:26","MKT","mock-trader","MOCKEXEC00000798"
"254.41","BUY","USD","NVDA","T000799","2025-12-24","Trade","NASDAQ","20","138.16","2763.2","0.13","0.61","USD","-2763.94","141.08","ORD0000799","2025-12-24 09:56:40","MKT","mock-trader","MOCKEXEC00000799"
"70.81","BUY","USD","AMZN","T000800","2025-12-24","Trade","NASDAQ","3","249.34","748.02","3.47","1.62","USD","-753.11","249.71","ORD0000800","2025-12-24 15:21:28","LMT","mock-trader","MOCKEXEC00000800"
"176.38","SELL","USD","META","T000801","2025-12-24","Trade","ARCA","20","512.0","10240.0","2.39","0.79","USD","173.2","519.95","ORD0000801","2025-12-24 13:04:09","LMT","mock-trader","MOCKEXEC00000801"
"-25.23","BUY","USD","MSFT","T000802","2025-12-24","Trade","NYSE","3","503.26","1509.78","3.04","2.04","USD","-1514.86","509.58","ORD0000802","2025-12-24 12:06:29","MKT","mock-trader","MOCKEXEC00000802"
"-3.32","BUY","USD","NVDA","T000803","2025-12-25","Trade","NYSE","10","146.12","1461.2","0.25","1.85","USD","-1463.3","145.49","ORD0000803","2025-12-25 12:16:48","MKT","mock-trader","MOCKEXEC00000803"
"-36.69","SELL","USD","MSFT","T000804","2025-12-25","Trade","ARCA","1","422.69","422.69","1.43","1.64","USD","-39.76","425.58","ORD0000804","2025-12-25 12:23:32","LMT","mock-trader","MOCKEXEC00000804"
"-48.59","BUY","USD","TSLA","T000805","2025-12-25","Trade","NASDAQ","20","351.19","7023.8","3.06","1.79","USD","-7028.65","353.12","ORD0000805","2025-12-25 14:03:47","MKT","mock-trader","MOCKEXEC00000805"
"105.07","BUY","USD","NVDA","T000806","2025-12-25","Trade","NYSE","10","130.07","1300.7","2.99","0.75","USD","-1304.44","136.06","ORD0000806","2025-12-25 14:05:22","LMT","mock-trader","MOCKEXEC00000806"
"-125.83","BUY","USD","AMD","T000807","2025-12-25","Trade","NYSE","2","127.04","254.08","3.36","1.14","USD","-258.58","125.97","ORD0000807","2025-12-25 12:21:04","LMT","mock-trader","MOCKEXEC00000807"
"47.29","BUY","USD","AMD","T000808","2025-12-25","Trade","NASDAQ","25","117.15","2928.75","1.91","2.38","USD","-2933.04","111.48","ORD0000808","2025-12-25 10:20:36","LMT","mock-trader","MOCKEXEC00000808"
"-73.29","SELL","USD","AAPL","T000809","2025-12-25","Trade","ARCA","20","268.5","5370.0","0.74","0.3","USD","-74.33","272.64","ORD0000809","2025-12-25 12:17:16","MKT","mock-trader","MOCKEXEC00000809"
"-139.15","BUY","USD","MSFT","T000810","2025-12-25","Trade","NYSE","2","404.78","809.56","3.06","1.27","USD","-813.89","403.5","ORD0000810","2025-12-25 10:42:57","MKT","mock-trader","MOCKEXEC00000810"
"196.59","BUY","USD","AAPL","T000811","2025-12-25","Trade","NASDAQ","20","223.94","4478.8","0.58","1.04","USD","-4480.42","222.65","ORD0000811","2025-12-25 12:34:44","LMT","mock-trader","MOCKEXEC00000811"
"266.89","SELL","USD","TSLA","T000812","2025-12-25","Trade","ARCA","1","362.18","362.18","0.69","1.88","USD","264.32","363.44","ORD0000812","2025-12-25 10:20:42","LMT","mock-trader","MOCKEXEC00000812"
"-21.8","SELL","USD","NVDA","T000813","2025-12-26","Trade","NASDAQ","3","139.96","419.88","2.77","1.77","USD","-26.34","136.16","ORD0000813","2025-12-26 14:00:28","LMT","mock-trader","MOCKEXEC00000813"
"-86.17","BUY","USD","MSFT","T000814","2025-12-26","Trade","NASDAQ","5","499.14","2495.7","2.44","1.99","USD","-2500.13","500.76","ORD0000814","2025-12-26 10:22:13","MKT","mock-trader","MOCKEXEC00000814"
"-26.52","SELL","USD","TSLA","T000815","2025-12-26","Trade","NYSE","1","310.39","310.39","2.87","0.53","USD","-29.92","310.38","ORD0000815","2025-12-26 12:26:26","LMT","mock-trader","MOCKEXEC00000815"
"49.41","SELL","USD","GOOGL","T000816","2025-12-26","Trade","ARCA","2","288.95","577.9","1.31","1.49","USD","46.61","283.55","ORD0000816","2025-12-26 12:24:18","LMT","mock-trader","MOCKEXEC00000816"
"-128.09","BUY","USD","META","T000817","2025-12-26","Trade","ARCA","2","741.78","1483.56","2.27","1.64","USD","-1487.47","740.36","ORD0000817","2025-12-26 12:47:48","MKT","mock-trader","MOCKEXEC00000817"
"-74.06","BUY","USD","AMD","T000818","2025-12-26","Trade","NYSE","10","227.76","2277.6","2.72","1.49","USD","-2281.81","221.59","ORD0000818","2025-12-26 15:30:07","LMT","mock-trader","MOCKEXEC00000818"
"73.78","BUY","USD","GOOGL","T000819","2025-12-29","Trade","ARCA","15","267.33","4009.95","0.94","1.73","USD","-4012.62","264.25","ORD0000819","2025-12-29 15:58:26","MKT","mock-trader","MOCKEXEC00000819"
"-103.31","SELL","USD","AAPL","T000820","2025-12-29","Trade","NASDAQ","1","201.09","201.09","1.31","2.09","USD","-106.71","206.21","ORD0000820","2025-12-29 13:20:21","LMT","mock-trader","MOCKEXEC00000820"
"16.66","SELL","USD","AMZN","T000821","2025-12-29","Trade","NASDAQ","5","211.63","1058.15","0.18","2.35","USD","14.13","210.5","ORD0000821","2025-12-29 14:24:46","LMT","mock-trader","MOCKEXEC00000821"
"175.01","BUY","USD","TSLA","T000822","2025-12-29","Trade","ARCA","20","296.19","5923.8","0.44","0.52","USD","-5924.76","297.42","ORD0000822","2025-12-29 12:53:48","LMT","mock-trader","MOCKEXEC00000822"
"-167.18","SELL","USD","NVDA","T000823","2025-12-29","Trade","NASDAQ","5","107.46","537.3","0.04","1.98","USD","-169.2","101.91","ORD0000823","2025-12-29 13:45:34","LMT","mock-trader","MOCKEXEC00000823"
"208.79","BUY","USD","AAPL","T000824","2025-12-29","Trade","NASDAQ","25","244.41","6110.25","0.65","1.72","USD","-6112.62","239.96","ORD0000824","2025-12-29 10:34:53","LMT","mock-trader","MOCKEXEC00000824"
"-108.12","BUY","USD","META","T000825","2025-12-29","Trade","ARCA","10","524.89","5248.9","0.08","2.47","USD","-5251.45","530.76","ORD0000825","2025-12-29 09:29:59","MKT","mock-trader","MOCKEXEC00000825"
"-89.69","BUY","USD","MSFT","T000826","2025-12-29","Trade","NYSE","10","402.4","4024.0","0.27","2.15","USD","-4026.42","409.0","ORD0000826","2025-12-29 10:25:06","MKT","mock-trader","MOCKEXEC00000826"
"-141.84","BUY","USD","GOOGL","T000827","2025-12-29","Trade","NASDAQ","25","293.88","7347.0","2.41","1.09","USD","-7350.5","290.9","ORD0000827","2025-12-29 12:51:10","LMT","mock-trader","MOCKEXEC00000827"
"-8.59","BUY","USD","AAPL","T000828","2025-12-29","Trade","ARCA","1","208.2","208.2","1.21","2.49","USD","-211.9","209.8","ORD0000828","2025-12-29 09:10:33","LMT","mock-trader","MOCKEXEC00000828"
"79.0","BUY","USD","MSFT","T000829","2025-12-29","Trade","NASDAQ","1","457.19","457.19","2.66","0.74","USD","-460.59","455.03","ORD0000829","2025-12-29 10:01:20","MKT","mock-trader","MOCKEXEC00000829"
"-80.38","BUY","USD","MSFT","T000830","2025-12-29","Trade","NYSE","10","404.73","4047.3","0.32","1.84","USD","-4049.46","407.16","ORD0000830","2025-12-29 12:47:51","LMT","mock-trader","MOCKEXEC00000830"
"163.53","BUY","USD","GOOGL","T000831","2025-12-30","Trade","ARCA","10","175.94","1759.4","3.11","0.88","USD","-1763.39","174.23","ORD0000831","2025-12-30 13:50:49","LMT","mock-trader","MOCKEXEC00000831"
"43.08","BUY","USD","NVDA","T000832","2025-12-30","Trade","NYSE","25","134.68","3367.0","2.09","0.86","USD","-3369.95","131.78","ORD0000832","2025-12-30 09:38:24","MKT","mock-trader","MOCKEXEC00000832"
"264.72","SELL","USD","TSLA","T000833","2025-12-30","Trade","ARCA","2","339.88","679.76","3.35","0.82","USD","260.55","338.44","ORD0000833","2025-12-30 13:52:56","LMT","mock-trader","MOCKEXEC00000833"
"-18.66","BUY","USD","GOOGL","T000834","2025-12-30","Trade","NASDAQ","2","176.99","353.98","2.77","1.05","USD","-357.8","170.15","ORD0000834","2025-12-30 14:23:23","LMT","mock-trader","MOCKEXEC00000834"
"178.4","BUY","USD","MSFT","T000835","2025-12-30","Trade","NYSE","15","487.66","7314.9","0.75","1.53","USD","-7317.18","484.8","ORD0000835","2025-12-30 10:35:04","LMT","mock-trader","MOCKEXEC00000835"
"178.13","BUY","USD","AMZN","T000836","2025-12-30","Trade","NYSE","2","206.1","412.2","3.31","2.07","USD","-417.58","208.84","ORD0000836","2025-12-30 13:57:41","LMT","mock-trader","MOCKEXEC00000836"
"221.36","SELL","USD","TSLA","T000837","2025-12-30","Trade","ARCA","5","289.42","1447.1","1.75","2.48","USD","217.13","288.16","ORD0000837","2025-12-30 09:28:10","LMT","mock-trader","MOCKEXEC00000837"
"141.83","BUY","USD","GOOGL","T000838","2025-12-30","Trade","NYSE","1","192.76","192.76","3.0","2.47","USD","-198.23","199.35","ORD0000838","2025-12-30 11:08:53","MKT","mock-trader","MOCKEXEC00000838"
"-132.44","SELL","USD","AAPL","T000839","2025-12-30","Trade","NASDAQ","1","204.86","204.86","2.81","1.88","USD","-137.13","201.25","ORD0000839","2025-12-30 15:22:25","LMT","mock-trader","MOCKEXEC00000839"
"311.98","BUY","USD","AMD","T000840","2025-12-30","Trade","NASDAQ","20","144.77","2895.4","1.73","1.69","USD","-2898.82","151.34","ORD0000840","2025-12-30 15:23:39","MKT","mock-trader","MOCKEXEC00000840"
"316.77","BUY","USD","AMZN","T000841","2025-12-30","Trade","NYSE","1","163.87","163.87","3.01","1.88","USD","-168.76","159.49","ORD0000841","2025-12-30 09:12:46","MKT","mock-trader","MOCKEXEC00000841"
"293.57","SELL","USD","AAPL","T000842","2025-12-30","Trade","ARCA","1","207.76","207.76","0.26","0.99","USD","292.32","209.56","ORD0000842","2025-12-30 15:24:17","MKT","mock-trader","MOCKEXEC00000842"
"250.95","SELL","USD","NVDA","T000843","2025-12-30","Trade","ARCA","2","110.1","220.2","2.64","2.25","USD","246.06","117.55","ORD0000843","2025-12-30 12:40:28","MKT","mock-trader","MOCKEXEC00000843"
"-19.04","SELL","USD","AMZN","T000844","2025-12-30","Trade","NYSE","25","247.63","6190.75","2.56","0.76","USD","-22.36","243.85","ORD0000844","2025-12-30 11:45:05","MKT","mock-trader","MOCKEXEC00000844"
"-173.44","BUY","USD","MSFT","T000845","2025-12-31","Trade","ARCA","25","362.05","9051.25","0.76","2.09","USD","-9054.1","357.06","ORD0000845","2025-12-31 09:21:13","LMT","mock-trader","MOCKEXEC00000845"
"-127.17","SELL","USD","META","T000846","2025-12-31","Trade","ARCA","3","754.34","2263.02","0.46","2.31","USD","-129.94","752.51","ORD0000846","2025-12-31 12:55:39","MKT","mock-trader","MOCKEXEC00000846"
"-97.9","BUY","USD","GOOGL","T000847","2025-12-31","Trade","NASDAQ","2","191.68","383.36","1.08","2.21","USD","-386.65","194.05","ORD0000847","2025-12-31 10:29:56","MKT","mock-trader","MOCKEXEC00000847"
"-165.71","BUY","USD","AMZN","T000848","2025-12-31","Trade","NYSE","25","168.7","4217.5","2.32","1.27","USD","-4221.09","164.95","ORD0000848","2025-12-31 13:05:22","MKT","mock-trader","MOCKEXEC00000848"
"-13.13","SELL","USD","NVDA","T000849","2025-12-31","Trade","NYSE","50","134.47","6723.5","1.54","1.08","USD","-15.75","127.26","ORD0000849","2025-12-31 12:46:59","MKT","mock-trader","MOCKEXEC00000849"
"-42.04","BUY","USD","META","T000850","2025-12-31","Trade","NASDAQ","20","552.99","11059.8","2.13","1.42","USD","-11063.35","546.74","ORD0000850","2025-12-31 09:41:15","MKT","mock-trader","MOCKEXEC00000850"
"-60.62","BUY","USD","MSFT","T000851","2025-12-31","Trade","NYSE","1","465.05","465.05","1.86","0.87","USD","-467.78","471.17","ORD0000851","2025-12-31 14:45:25","LMT","mock-trader","MOCKEXEC00000851"
"-94.49","BUY","USD","MSFT","T000852","2025-12-31","Trade","NASDAQ","10","449.03","4490.3","0.71","1.68","USD","-4492.69","452.32","ORD0000852","2025-12-31 11:46:00","MKT","mock-trader","MOCKEXEC00000852"
"160.72","SELL","USD","AMD","T000853","2025-12-31","Trade","NYSE","5","125.53","627.65","0.58","1.0","USD","159.14","124.81","ORD0000853","2025-12-31 09:42:30","LMT","mock-trader","MOCKEXEC00000853"
"200.13","SELL","USD","NVDA","T000854","2026-01-01","Trade","NASDAQ","2","113.66","227.32","0.03","1.04","USD","199.06","113.24","ORD0000854","2026-01-01 09:31:55","LMT","mock-trader","MOCKEXEC00000854"
"315.21","BUY","USD","MSFT","T000855","2026-01-01","Trade","NASDAQ","1","463.45","463.45","2.92","1.43","USD","-467.8","458.13","ORD0000855","2026-01-01 10:49:06","LMT","mock-trader","MOCKEXEC00000855"
"314.9","SELL","USD","TSLA","T000856","2026-01-01","Trade","NYSE","25","396.96","9924.0","0.9","1.34","USD","312.66","394.79","ORD0000856","2026-01-01 09:52:22","LMT","mock-trader","MOCKEXEC00000856"
"184.11","BUY","USD","AMD","T000857","2026-01-01","Trade","NYSE","10","202.87","2028.7","0.07","2.45","USD","-2031.22","208.57","ORD0000857","2026-01-01 14:09:22","MKT","mock-trader","MOCKEXEC00000857"
"-135.36","SELL","USD","AMZN","T000858","2026-01-01","Trade","ARCA","15","170.63","2559.45","3.22","1.1","USD","-139.68","164.36","ORD0000858","2026-01-01 11:56:40","LMT","mock-trader","MOCKEXEC00000858"
"15.51","SELL","USD","NVDA","T000859","2026-01-01","Trade","ARCA","15","171.04","2565.6","1.46","2.49","USD","11.56","167.99","ORD0000859","2026-01-01 09:37:33","LMT","mock-trader","MOCKEXEC00000859"
"304.73","SELL","USD","GOOGL","T000860","2026-01-02","Trade","ARCA","15","193.26","2898.9","1.75","1.79","USD","301.19","192.72","ORD0000860","2026-01-02 10:33:18","MKT","mock-trader","MOCKEXEC00000860"
"-32.64","SELL","USD","META","T000861","2026-01-02","Trade","NYSE","10","519.38","5193.8","1.59","0.74","USD","-34.97","524.59","ORD0000861","2026-01-02 09:03:31","MKT","mock-trader","MOCKEXEC00000861"
"-111.14","SELL","USD","GOOGL","T000862","2026-01-02","Trade","NASDAQ","1","157.49","157.49","3.08","2.02","USD","-116.24","157.52","ORD0000862","2026-01-02 15:35:09","LMT","mock-trader","MOCKEXEC00000862"
"-139.64","BUY","USD","NVDA","T000863","2026-01-02","Trade","NYSE","20","146.82","2936.4","0.77","1.31","USD","-2938.48","144.49","ORD0000863","2026-01-02 15:43:40","LMT","mock-trader","MOCKEXEC00000863"
"118.52","BUY","USD","GOOGL","T000864","2026-01-02","Trade","ARCA","10","288.03","2880.3","0.61","1.23","USD","-2882.14","294.04","ORD0000864","2026-01-02 15:37:08","MKT","mock-trader","MOCKEXEC00000864"
"-29.47","BUY","USD","META","T000865","2026-01-02","Trade","NYSE","20","666.29","13325.8","0.3","1.52","USD","-13327.62","668.34","ORD0000865","2026-01-02 13:11:24","MKT","mock-trader","MOCKEXEC00000865"
"162.58","SELL","USD","NVDA","T000866","2026-01-02","Trade","ARCA","15","140.31","2104.65","1.25","1.05","USD","160.28","139.77","ORD0000866","2026-01-02 12:29:01","MKT","mock-trader","MOCKEXEC00000866"
"110.16","BUY","USD","MSFT","T000867","2026-01-05","Trade","NYSE","10","507.33","5073.3","1.31","1.65","USD","-5076.26","513.73","ORD0000867","2026-01-05 11:03:48","MKT","mock-trader","MOCKEXEC00000867"
"257.46","BUY","USD","GOOGL","T000868","2026-01-05","Trade","NYSE","25","271.12","6778.0","1.61","0.37","USD","-6779.98","264.0","ORD0000868","2026-01-05 15:41:06","MKT","mock-trader","MOCKEXEC00000868"
"-119.28","SELL","USD","META","T000869","2026-01-05","Trade","NASDAQ","15","759.29","11389.35","2.05","1.4","USD","-122.73","762.76","ORD0000869","2026-01-05 14:13:33","LMT","mock-trader","MOCKEXEC00000869"
"-24.55","BUY","USD","NVDA","T000870","2026-01-05","Trade","NASDAQ","3","124.07","372.21","3.46","0.26","USD","-375.93","123.83","ORD0000870","2026-01-05 14:12:07","MKT","mock-trader","MOCKEXEC00000870"
"-77.85","BUY","USD","NVDA","T000871","2026-01-05","Trade","NYSE","50","107.75","5387.5","1.66","2.12","USD","-5391.28","106.85","ORD0000871","2026-01-05 09:59:07","LMT","mock-trader","MOCKEXEC00000871"
"93.36","BUY","USD","AMD","T000872","2026-01-05","Trade","NASDAQ","5","226.26","1131.3","2.88","1.78","USD","-1135.96","232.01","ORD0000872","2026-01-05 13:07:27","MKT","mock-trader","MOCKEXEC00000872"
"190.83","BUY","USD","NVDA","T000873","2026-01-05","Trade","NYSE","5","113.66","568.3","1.91","1.32","USD","-571.53","110.3","ORD0000873","2026-01-05 14:06:37","LMT","mock-trader","MOCKEXEC00000873"
"-126.33","SELL","USD","META","T000874","2026-01-05","Trade","NYSE","20","709.3","14186.0","1.46","1.21","USD","-129.0","701.75","ORD0000874","2026-01-05 12:07:36","MKT","mock-trader","MOCKEXEC00000874"
"273.53","BUY","USD","META","T000875","2026-01-05","Trade","NYSE","25","512.79","12819.75","3.37","1.3","USD","-12824.42","516.36","ORD0000875","2026-01-05 11:00:10","MKT","mock-trader","MOCKEXEC00000875"
"147.96","SELL","USD","TSLA","T000876","2026-01-05","Trade","NASDAQ","50","262.55","13127.5","1.23","1.87","USD","144.86","259.98","ORD0000876","2026-01-05 14:54:50","LMT","mock-trader","MOCKEXEC00000876"
"142.57","SELL","USD","META","T000877","2026-01-05","Trade","ARCA","2","774.85","1549.7","1.32","1.31","USD","139.94","777.39","ORD0000877","2026-01-05 13:45:59","LMT","mock-trader","MOCKEXEC00000877"
"234.94","SELL","USD","NVDA","T000878","2026-01-05","Trade","NASDAQ","15","146.76","2201.4","0.24","0.32","USD","234.38","150.49","ORD0000878","2026-01-05 10:06:42","LMT","mock-trader","MOCKEXEC00000878"
"260.38","BUY","USD","TSLA","T000879","2026-01-06","Trade","NYSE","5","271.09","1355.45","2.55","1.11","USD","-1359.11","278.66","ORD0000879","2026-01-06 09:03:39","MKT","mock-trader","MOCKEXEC00000879"
"123.27","BUY","USD","AAPL","T000880","2026-01-06","Trade","NASDAQ","25","253.43","6335.75","2.94","2.33","USD","-6341.02","250.57","ORD0000880","2026-01-06 14:28:24","MKT","mock-trader","MOCKEXEC00000880"
"-36.96","SELL","USD","AMZN","T000881","2026-01-06","Trade","NASDAQ","25","193.75","4843.75","0.7","0.61","USD","-38.27","198.77","ORD0000881","2026-01-06 15:50:12","MKT","mock-trader","MOCKEXEC00000881"
"266.65","BUY","USD","MSFT","T000882","2026-01-06","Trade","ARCA","1","512.0","512.0","1.26","1.17","USD","-514.43","512.75","ORD0000882","2026-01-06 09:21:11","LMT","mock-trader","MOCKEXEC00000882"
"-1.76","BUY","USD","AMZN","T000883","2026-01-06","Trade","NYSE","25","200.09","5002.25","3.15","2.17","USD","-5007.57","204.92","ORD0000883","2026-01-06 12:27:40","MKT","mock-trader","MOCKEXEC00000883"
"-121.04","BUY","USD","MSFT","T000884","2026-01-06","Trade","NYSE","50","409.65","20482.5","0.81","1.6","USD","-20484.91","406.94","ORD0000884","2026-01-06 10:52:18","LMT","mock-trader","MOCKEXEC00000884"
"-142.61","BUY","USD","TSLA","T000885","2026-01-06","Trade","ARCA","3","443.62","1330.86","2.01","2.17","USD","-1335.04","450.53","ORD0000885","2026-01-06 13:19:25","MKT","mock-trader","MOCKEXEC00000885"
"-163.86","SELL","USD","MSFT","T000886","2026-01-06","Trade","ARCA","10","480.65","4806.5","1.47","0.7","USD","-166.03","486.86","ORD0000886","2026-01-06 09:08:13","LMT","mock-trader","MOCKEXEC00000886"
"294.0","BUY","USD","AAPL","T000887","2026-01-06","Trade","NYSE","25","205.1","5127.5","3.17","1.83","USD","-5132.5","209.35","ORD0000887","2026-01-06 09:22:04","MKT","mock-trader","MOCKEXEC00000887"
"-127.97","BUY","USD","AMD","T000888","2026-01-06","Trade","NASDAQ","10","208.5","2085.0","1.74","0.76","USD","-2087.5","206.1","ORD0000888","2026-01-06 12:19:50","MKT","mock-trader","MOCKEXEC00000888"
"250.15","BUY","USD","AAPL","T000889","2026-01-06","Trade","NYSE","5","237.39","1186.95","2.39","1.91","USD","-1191.25","238.23","ORD0000889","2026-01-06 09:24:49","MKT","mock-trader","MOCKEXEC00000889"
"38.98","SELL","USD","GOOGL","T000890","2026-01-06","Trade","NASDAQ","50","170.67","8533.5","3.14","2.46","USD","33.38","168.55","ORD0000890","2026-01-06 10:21:27","MKT","mock-trader","MOCKEXEC00000890"
"193.74","BUY","USD","AMZN","T000891","2026-01-06","Trade","ARCA","1","172.71","172.71","3.11","2.03","USD","-177.85","173.8","ORD0000891","2026-01-06 15:00:55","MKT","mock-trader","MOCKEXEC00000891"
"-38.7","BUY","USD","MSFT","T000892","2026-01-07","Trade","NYSE","3","437.71","1313.13","1.1","1.61","USD","-1315.84","443.96","ORD0000892","2026-01-07 11:08:38","LMT","mock-trader","MOCKEXEC00000892"
"91.82","BUY","USD","MSFT","T000893","2026-01-07","Trade","ARCA","2","400.04","800.08","1.73","1.9","USD","-803.71","397.75","ORD0000893","2026-01-07 15:14:28","LMT","mock-trader","MOCKEXEC00000893"
"-46.23","SELL","USD","TSLA","T000894","2026-01-07","Trade","NYSE","5","355.37","1776.85","2.44","1.38","USD","-50.05","348.23","ORD0000894","2026-01-07 12:45:39","LMT","mock-trader","MOCKEXEC00000894"
"80.5","BUY","USD","MSFT","T000895","2026-01-07","Trade","NASDAQ","3","518.29","1554.87","1.07","1.49","USD","-1557.43","512.25","ORD0000895","2026-01-07 14:52:50","MKT","mock-trader","MOCKEXEC00000895"
"-169.36","SELL","USD","AMZN","T000896","2026-01-07","Trade","NASDAQ","25","245.3","6132.5","2.93","0.86","USD","-173.15","246.71","ORD0000896","2026-01-07 11:52:05","LMT","mock-trader","MOCKEXEC00000896"
"12.33","SELL","USD","GOOGL","T000897","2026-01-07","Trade","ARCA","1","279.42","279.42","0.16","0.71","USD","11.46","274.37","ORD0000897","2026-01-07 12:34:03","LMT","mock-trader","MOCKEXEC00000897"
"273.72","BUY","USD","TSLA","T000898","2026-01-08","Trade","ARCA","15","434.54","6518.1","2.84","1.58","USD","-6522.52","438.66","ORD0000898","2026-01-08 11:46:53","LMT","mock-trader","MOCKEXEC00000898"
"296.24","BUY","USD","GOOGL","T000899","2026-01-08","Trade","ARCA","2","232.99","465.98","3.26","0.9","USD","-470.14","240.84","ORD0000899","2026-01-08 13:29:27","LMT","mock-trader","MOCKEXEC00000899"
"282.33","SELL","USD","NVDA","T000900","2026-01-08","Trade","ARCA","25","159.65","3991.25","0.46","0.28","USD","281.59","164.44","ORD0000900","2026-01-08 11:05:15","LMT","mock-trader","MOCKEXEC00000900"
"0.85","SELL","USD","TSLA","T000901","2026-01-08","Trade","NYSE","1","373.11","373.11","2.31","2.01","USD","-3.47","378.07","ORD0000901","2026-01-08 13:00:07","LMT","mock-trader","MOCKEXEC00000901"
"39.95","BUY","USD","META","T000902","2026-01-08","Trade","NYSE","25","638.82","15970.5","1.63","2.42","USD","-15974.55","638.5","ORD0000902","2026-01-08 15:35:13","MKT","mock-trader","MOCKEXEC00000902"
"-147.98","SELL","USD","MSFT","T000903","2026-01-08","Trade","NASDAQ","50","412.81","20640.5","0.63","1.97","USD","-150.58","409.23","ORD0000903","2026-01-08 15:31:08","MKT","mock-trader","MOCKEXEC00000903"
"-87.87","BUY","USD","AAPL","T000904","2026-01-09","Trade","NASDAQ","2","245.82","491.64","1.77","1.24","USD","-494.65","242.9","ORD0000904","2026-01-09 13:45:14","LMT","mock-trader","MOCKEXEC00000904"
"-157.63","BUY","USD","META","T000905","2026-01-09","Trade","NASDAQ","15","662.13","9931.95","0.82","0.5","USD","-9933.27","662.24","ORD0000905","2026-01-09 09:32:04","MKT","mock-trader","MOCKEXEC00000905"
"33.24","SELL","USD","TSLA","T000906","2026-01-09","Trade","ARCA","20","264.28","5285.6","0.99","0.31","USD","31.94","265.99","ORD0000906","2026-01-09 11:21:26","LMT","mock-trader","MOCKEXEC00000906"
"-157.69","SELL","USD","AMD","T000907","2026-01-09","Trade","NYSE","1","124.05","124.05","3.26","2.3","USD","-163.25","116.46","ORD0000907","2026-01-09 13:13:51","LMT","mock-trader","MOCKEXEC00000907"
"-104.96","SELL","USD","AMZN","T000908","2026-01-09","Trade","ARCA","1","215.71","215.71","2.67","1.71","USD","-109.34","222.99","ORD0000908","2026-01-09 10:36:32","LMT","mock-trader","MOCKEXEC00000908"
"80.17","BUY","USD","MSFT","T000909","2026-01-09","Trade","NYSE","25","481.84","12046.0","1.11","0.69","USD","-12047.8","483.04","ORD0000909","2026-01-09 10:21:15","MKT","mock-trader","MOCKEXEC00000909"
"42.5","SELL","USD","AMD","T000910","2026-01-09","Trade","NYSE","2","203.96","407.92","3.35","1.17","USD","37.98","197.24","ORD0000910","2026-01-09 13:32:04","LMT","mock-trader","MOCKEXEC00000910"
"233.91","SELL","USD","AMZN","T000911","2026-01-09","Trade","ARCA","20","172.98","3459.6","3.45","2.33","USD","228.13","168.9","ORD0000911","2026-01-09 12:43:37","MKT","mock-trader","MOCKEXEC00000911"
"24.25","SELL","USD","META","T000912","2026-01-12","Trade","NASDAQ","15","535.39","8030.85","1.77","0.58","USD","21.9","535.3","ORD0000912","2026-01-12 15:12:57","LMT","mock-trader","MOCKEXEC00000912"
"202.75","BUY","USD","AAPL","T000913","2026-01-12","Trade","NYSE","2","229.3","458.6","2.49","1.31","USD","-462.4","222.92","ORD0000913","2026-01-12 15:02:53","MKT","mock-trader","MOCKEXEC00000913"
"84.65","BUY","USD","NVDA","T000914","2026-01-12","Trade","ARCA","3","141.19","423.57","1.36","1.2","USD","-426.13","135.23","ORD0000914","2026-01-12 14:35:15","LMT","mock-trader","MOCKEXEC00000914"
"128.31","SELL","USD","MSFT","T000915","2026-01-12","Trade","NYSE","15","468.3","7024.5","3.48","0.35","USD","124.48","472.12","ORD0000915","2026-01-12 11:28:58","LMT","mock-trader","MOCKEXEC00000915"
"186.72","SELL","USD","GOOGL","T000916","2026-01-12","Trade","NASDAQ","25","255.02","6375.5","2.53","1.58","USD","182.61","260.14","ORD0000916","2026-01-12 13:05:09","LMT","mock-trader","MOCKEXEC00000916"
"74.33","SELL","USD","AMD","T000917","2026-01-12","Trade","NASDAQ","15","165.79","2486.85","2.06","2.38","USD","69.89","159.34","ORD0000917","2026-01-12 11:31:21","LMT","mock-trader","MOCKEXEC00000917"
"-90.79","SELL","USD","META","T000918","2026-01-12","Trade","ARCA","20","595.57","11911.4","0.5","2.08","USD","-93.37","599.32","ORD0000918","2026-01-12 14:13:27","LMT","mock-trader","MOCKEXEC00000918"
"-120.72","BUY","USD","TSLA","T000919","2026-01-12","Trade","ARCA","15","306.96","4604.4","0.96","1.24","USD","-4606.6","313.13","ORD0000919","2026-01-12 11:58:16","MKT","mock-trader","MOCKEXEC00000919"
"96.08","SELL","USD","AMZN","T000920","2026-01-12","Trade","ARCA","3","159.6","478.8","1.78","0.63","USD","93.67","161.17","ORD0000920","2026-01-12 09:57:34","MKT","mock-trader","MOCKEXEC00000920"
"-39.08","SELL","USD","AAPL","T000921","2026-01-12","Trade","NYSE","1","225.87","225.87","3.32","1.21","USD","-43.61","224.99","ORD0000921","2026-01-12 10:53:29","MKT","mock-trader","MOCKEXEC00000921"
"252.25","SELL","USD","AMD","T000922","2026-01-13","Trade","ARCA","25","139.46","3486.5","3.48","1.9","USD","246.87","133.32","ORD0000922","2026-01-13 11:51:05","MKT","mock-trader","MOCKEXEC00000922"
"-41.95","SELL","USD","MSFT","T000923","2026-01-13","Trade","NASDAQ","3","451.41","1354.23","2.21","1.4","USD","-45.56","455.84","ORD0000923","2026-01-13 14:44:20","LMT","mock-trader","MOCKEXEC00000923"
"150.57","SELL","USD","MSFT","T000924","2026-01-13","Trade","ARCA","5","518.29","2591.45","3.07","0.33","USD","147.17","520.44","ORD0000924","2026-01-13 09:15:08","LMT","mock-trader","MOCKEXEC00000924"
"62.25","BUY","USD","AMZN","T000925","2026-01-13","Trade","ARCA","10","197.01","1970.1","0.65","1.37","USD","-1972.12","191.12","ORD0000925","2026-01-13 14:56:05","MKT","mock-trader","MOCKEXEC00000925"
"125.61","SELL","USD","AAPL","T000926","2026-01-13","Trade","ARCA","2","234.35","468.7","2.48","0.34","USD","122.79","237.36","ORD0000926","2026-01-13 13:24:40","MKT","mock-trader","MOCKEXEC00000926"
"-89.97","SELL","USD","TSLA","T000927","2026-01-13","Trade","ARCA","50","381.39","19069.5","1.05","0.77","USD","-91.79","378.06","ORD0000927","2026-01-13 12:31:50","LMT","mock-trader","MOCKEXEC00000927"
"-123.82","SELL","USD","TSLA","T000928","2026-01-13","Trade","ARCA","10","269.31","2693.1","3.08","1.95","USD","-128.85","265.91","ORD0000928","2026-01-13 12:20:15","LMT","mock-trader","MOCKEXEC00000928"
"-6.21","SELL","USD","NVDA","T000929","2026-01-14","Trade","NYSE","15","152.85","2292.75","1.39","0.54","USD","-8.14","158.96","ORD0000929","2026-01-14 15:51:55","LMT","mock-trader","MOCKEXEC00000929"
"-72.45","BUY","USD","AMZN","T000930","2026-01-14","Trade","NYSE","10","176.79","1767.9","2.98","1.17","USD","-1772.05","177.79","ORD0000930","2026-01-14 11:16:43","LMT","mock-trader","MOCKEXEC00000930"
"276.18","SELL","USD","GOOGL","T000931","2026-01-14","Trade","NYSE","20","209.8","4196.0","0.94","1.89","USD","273.35","207.24","ORD0000931","2026-01-14 15:02:19","LMT","mock-trader","MOCKEXEC00000931"
"132.64","BUY","USD","AMZN","T000932","2026-01-14","Trade","ARCA","50","170.62","8531.0","3.32","1.63","USD","-8535.95","167.89","ORD0000932","2026-01-14 13:34:01","MKT","mock-trader","MOCKEXEC00000932"
"203.42","BUY","USD","GOOGL","T000933","2026-01-14","Trade","NASDAQ","15","286.83","4302.45","1.94","1.72","USD","-4306.11","287.13","ORD0000933","2026-01-14 11:34:12","LMT","mock-trader","MOCKEXEC00000933"
"-14.25","SELL","USD","AMZN","T000934","2026-01-14","Trade","ARCA","3","241.07","723.21","0.75","1.9","USD","-16.9","248.11","ORD0000934","2026-01-14 09:54:01","MKT","mock-trader","MOCKEXEC00000934"
"-29.27","SELL","USD","GOOGL","T000935","2026-01-14","Trade","NYSE","1","173.54","173.54","0.81","1.99","USD","-32.07","169.5","ORD0000935","2026-01-14 11:47:07","LMT","mock-trader","MOCKEXEC00000935"
"181.06","BUY","USD","META","T000936","2026-01-15","Trade","NASDAQ","2","522.17","1044.34","2.67","1.18","USD","-1048.19","514.41","ORD0000936","2026-01-15 15:34:38","MKT","mock-trader","MOCKEXEC00000936"
"32.58","BUY","USD","GOOGL","T000937","2026-01-15","Trade","ARCA","10","267.72","2677.2","2.6","0.93","USD","-2680.73","267.06","ORD0000937","2026-01-15 09:16:41","LMT","mock-trader","MOCKEXEC00000937"
"303.44","SELL","USD","GOOGL","T000938","2026-01-15","Trade","NYSE","20","163.96","3279.2","1.96","1.34","USD","300.14","170.48","ORD0000938","2026-01-15 13:32:15","MKT","mock-trader","MOCKEXEC00000938"
"177.29","SELL","USD","AMD","T000939","2026-01-15","Trade","NYSE","15","214.41","3216.15","1.58","1.55","USD","174.16","206.81","ORD0000939","2026-01-15 15:14:28","LMT","mock-trader","MOCKEXEC00000939"
"134.96","SELL","USD","MSFT","T000940","2026-01-15","Trade","NASDAQ","15","378.75","5681.25","0.29","1.51","USD","133.16","374.07","ORD0000940","2026-01-15 12:37:15","MKT","mock-trader","MOCKEXEC00000940"
"103.32","SELL","USD","GOOGL","T000941","2026-01-15","Trade","NASDAQ","50","258.45","12922.5","0.81","1.98","USD","100.53","254.48","ORD0000941","2026-01-15 11:47:21","MKT","mock-trader","MOCKEXEC00000941"
"-75.39","SELL","USD","TSLA","T000942","2026-01-15","Trade","NYSE","1","303.63","303.63","1.97","1.35","USD","-78.71","303.63","ORD0000942","2026-01-15 14:15:20","LMT","mock-trader","MOCKEXEC00000942"
"7.84","BUY","USD","MSFT","T000943","2026-01-15","Trade","NASDAQ","20","489.85","9797.0","2.65","0.61","USD","-9800.26","493.82","ORD0000943","2026-01-15 10:12:28","MKT","mock-trader","MOCKEXEC00000943"
"194.5","BUY","USD","AMD","T000944","2026-01-16","Trade","ARCA","50","173.08","8654.0","1.91","1.15","USD","-8657.06","169.83","ORD0000944","2026-01-16 12:18:46","LMT","mock-trader","MOCKEXEC00000944"
"81.63","SELL","USD","TSLA","T000945","2026-01-16","Trade","NYSE","3","278.3","834.9","0.72","1.63","USD","79.28","281.73","ORD0000945","2026-01-16 13:38:16","LMT","mock-trader","MOCKEXEC00000945"
"177.54","SELL","USD","AMZN","T000946","2026-01-16","Trade","NYSE","3","166.42","499.26","1.66","0.96","USD","174.92","161.29","ORD0000946","2026-01-16 12:04:00","MKT","mock-trader","MOCKEXEC00000946"
"-132.64","BUY","USD","AMZN","T000947","2026-01-16","Trade","NASDAQ","50","195.86","9793.0","2.19","1.59","USD","-9796.78","188.93","ORD0000947","2026-01-16 14:35:56","LMT","mock-trader","MOCKEXEC00000947"
"275.76","BUY","USD","AAPL","T000948","2026-01-16","Trade","NYSE","10","219.89","2198.9","1.49","1.89","USD","-2202.28","217.77","ORD0000948","2026-01-16 15:25:59","MKT","mock-trader","MOCKEXEC00000948"
"-40.01","BUY","USD","MSFT","T000949","2026-01-16","Trade","NYSE","2","496.13","992.26","0.92","0.48","USD","-993.66","500.88","ORD0000949","2026-01-16 13:41:49","LMT","mock-trader","MOCKEXEC00000949"
"211.68","SELL","USD","META","T000950","2026-01-16","Trade","NYSE","5","550.43","2752.15","3.46","0.46","USD","207.76","555.28","ORD0000950","2026-01-16 10:09:10","MKT","mock-trader","MOCKEXEC00000950"
"223.62","BUY","USD","TSLA","T000951","2026-01-16","Trade","ARCA","1","277.39","277.39","1.49","1.31","USD","-280.19","274.23","ORD0000951","2026-01-16 15:07:15","LMT","mock-trader","MOCKEXEC00000951"
"239.32","SELL","USD","GOOGL","T000952","2026-01-16","Trade","NYSE","25","203.25","5081.25","1.11","0.43","USD","237.78","204.94","ORD0000952","2026-01-16 10:10:40","MKT","mock-trader","MOCKEXEC00000952"
"-54.73","SELL","USD","GOOGL","T000953","2026-01-16","Trade","NYSE","25","254.26","6356.5","0.42","2.27","USD","-57.42","256.69","ORD0000953","2026-01-16 10:01:55","LMT","mock-trader","MOCKEXEC00000953"
"258.15","SELL","USD","TSLA","T000954","2026-01-16","Trade","NYSE","5","373.39","1866.95","3.22","0.68","USD","254.25","371.38","ORD0000954","2026-01-16 14:00:12","LMT","mock-trader","MOCKEXEC00000954"
"275.52","BUY","USD","AMZN","T000955","2026-01-16","Trade","NYSE","10","182.85","1828.5","3.21","1.38","USD","-1833.09","175.06","ORD0000955","2026-01-16 11:02:41","LMT","mock-trader","MOCKEXEC00000955"
"305.57","SELL","USD","AAPL","T000956","2026-01-19","Trade","NYSE","10","243.77","2437.7","2.88","2.19","USD","300.5","250.61","ORD0000956","2026-01-19 13:40:29","MKT","mock-trader","MOCKEXEC00000956"
"126.46","BUY","USD","AMD","T000957","2026-01-19","Trade","NYSE","1","155.43","155.43","2.5","1.84","USD","-159.77","150.26","ORD0000957","2026-01-19 15:08:05","MKT","mock-trader","MOCKEXEC00000957"
"248.95","SELL","USD","AAPL","T000958","2026-01-19","Trade","ARCA","1","222.0","222.0","0.97","2.17","USD","245.81","224.48","ORD0000958","2026-01-19 14:01:21","LMT","mock-trader","MOCKEXEC00000958"
"152.25","SELL","USD","NVDA","T000959","2026-01-19","Trade","ARCA","50","101.13","5056.5","1.46","1.75","USD","149.04","94.11","ORD0000959","2026-01-19 10:52:48","MKT","mock-trader","MOCKEXEC00000959"
"-42.24","BUY","USD","META","T000960","2026-01-19","Trade","NASDAQ","3","633.02","1899.06","0.7","1.39","USD","-1901.15","627.79","ORD0000960","2026-01-19 14:53:53","LMT","mock-trader","MOCKEXEC00000960"
"104.09","SELL","USD","META","T000961","2026-01-19","Trade","NASDAQ","2","602.44","1204.88","2.44","1.52","USD","100.13","601.85","ORD0000961","2026-01-19 09:58:05","MKT","mock-trader","MOCKEXEC00000961"
"214.37","SELL","USD","NVDA","T000962","2026-01-19","Trade","ARCA","1","161.34","161.34","0.76","1.09","USD","212.52","154.64","ORD0000962","2026-01-19 14:15:19","MKT","mock-trader","MOCKEXEC00000962"
"-36.46","SELL","USD","NVDA","T000963","2026-01-19","Trade","NASDAQ","1","130.34","130.34","0.98","1.52","USD","-38.96","128.96","ORD0000963","2026-01-19 15:12:17","MKT","mock-trader","MOCKEXEC00000963"
"64.94","SELL","USD","META","T000964","2026-01-19","Trade","ARCA","25","579.36","14484.0","2.03","1.03","USD","61.88","581.63","ORD0000964","2026-01-19 12:53:40","MKT","mock-trader","MOCKEXEC00000964"
"-74.67","SELL","USD","AAPL","T000965","2026-01-19","Trade","NYSE","3","237.66","712.98","2.46","1.03","USD","-78.16","242.63","ORD0000965","2026-01-19 15:18:13","LMT","mock-trader","MOCKEXEC00000965"
"-49.58","BUY","USD","MSFT","T000966","2026-01-19","Trade","ARCA","10","393.65","3936.5","3.23","1.41","USD","-3941.14","395.75","ORD0000966","2026-01-19 12:08:29","LMT","mock-trader","MOCKEXEC00000966"
"-127.69","SELL","USD","TSLA","T000967","2026-01-19","Trade","ARCA","1","314.47","314.47","1.26","2.28","USD","-131.23","309.01","ORD0000967","2026-01-19 12:21:21","MKT","mock-trader","MOCKEXEC00000967"
"-86.92","SELL","USD","TSLA","T000968","2026-01-20","Trade","ARCA","3","343.37","1030.11","0.08","2.07","USD","-89.07","342.67","ORD0000968","2026-01-20 13:44:27","LMT","mock-trader","MOCKEXEC00000968"
"120.47","BUY","USD","AMD","T000969","2026-01-20","Trade","ARCA","10","208.51","2085.1","1.69","1.15","USD","-2087.94","201.15","ORD0000969","2026-01-20 10:48:59","MKT","mock-trader","MOCKEXEC00000969"
"20.38","SELL","USD","GOOGL","T000970","2026-01-20","Trade","NASDAQ","10","293.1","2931.0","0.1","1.4","USD","18.88","299.86","ORD0000970","2026-01-20 13:44:33","MKT","mock-trader","MOCKEXEC00000970"
"-25.36","SELL","USD","NVDA","T000971","2026-01-20","Trade","ARCA","1","177.63","177.63","2.68","2.05","USD","-30.09","176.97","ORD0000971","2026-01-20 10:29:00","MKT","mock-trader","MOCKEXEC00000971"
"-87.7","BUY","USD","AMZN","T000972","2026-01-20","Trade","NYSE","10","180.75","1807.5","3.0","1.23","USD","-1811.73","184.34","ORD0000972","2026-01-20 10:43:35","MKT","mock-trader","MOCKEXEC00000972"
"94.91","BUY","USD","AMD","T000973","2026-01-20","Trade","ARCA","15","114.99","1724.85","1.38","0.73","USD","-1726.96","114.55","ORD0000973","2026-01-20 12:53:29","MKT","mock-trader","MOCKEXEC00000973"
"287.63","SELL","USD","MSFT","T000974","2026-01-20","Trade","NYSE","3","413.67","1241.01","1.4","0.99","USD","285.24","410.2","ORD0000974","2026-01-20 14:46:55","LMT","mock-trader","MOCKEXEC00000974"
"305.11","SELL","USD","MSFT","T000975","2026-01-20","Trade","NYSE","25","483.98","12099.5","0.09","2.24","USD","302.78","478.83","ORD0000975","2026-01-20 10:23:23","MKT","mock-trader","MOCKEXEC00000975"
"-157.88","BUY","USD","MSFT","T000976","2026-01-21","Trade","NYSE","3","449.99","1349.97","1.06","0.46","USD","-1351.49","448.14","ORD0000976","2026-01-21 10:27:09","LMT","mock-trader","MOCKEXEC00000976"
"297.51","SELL","USD","GOOGL","T000977","2026-01-21","Trade","NASDAQ","1","189.15","189.15","0.63","1.15","USD","295.73","189.43","ORD0000977","2026-01-21 09:29:51","LMT","mock-trader","MOCKEXEC00000977"
"-115.63","SELL","USD","MSFT","T000978","2026-01-21","Trade","NYSE","1","382.18","382.18","1.77","1.79","USD","-119.19","374.37","ORD0000978","2026-01-21 14:42:25","MKT","mock-trader","MOCKEXEC00000978"
"-122.02","SELL","USD","META","T000979","2026-01-21","Trade","NYSE","10","722.62","7226.2","2.82","2.29","USD","-127.13","722.65","ORD0000979","2026-01-21 15:30:45","LMT","mock-trader","MOCKEXEC00000979"
"11.74","BUY","USD","MSFT","T000980","2026-01-21","Trade","NASDAQ","20","456.34","9126.8","2.36","0.59","USD","-9129.75","453.73","ORD0000980","2026-01-21 14:37:16","LMT","mock-trader","MOCKEXEC00000980"
"-119.22","BUY","USD","GOOGL","T000981","2026-01-21","Trade","NYSE","25","192.26","4806.5","1.71","1.08","USD","-4809.29","198.49","ORD0000981","2026-01-21 14:23:16","LMT","mock-trader","MOCKEXEC00000981"
"-33.38","BUY","USD","META","T000982","2026-01-21","Trade","NYSE","50","580.17","29008.5","1.46","1.26","USD","-29011.22","576.93","ORD0000982","2026-01-21 09:38:07","MKT","mock-trader","MOCKEXEC00000982"
"-132.71","BUY","USD","GOOGL","T000983","2026-01-21","Trade","ARCA","3","162.61","487.83","2.54","1.67","USD","-492.04","161.51","ORD0000983","2026-01-21 11:22:29","MKT","mock-trader","MOCKEXEC00000983"
"-160.86","BUY","USD","AMD","T000984","2026-01-21","Trade","ARCA","2","148.99","297.98","2.13","1.88","USD","-301.99","153.99","ORD0000984","2026-01-21 09:24:32","MKT","mock-trader","MOCKEXEC00000984"
"-88.03","SELL","USD","TSLA","T000985","2026-01-21","Trade","NYSE","20","330.15","6603.0","2.61","1.87","USD","-92.51","334.03","ORD0000985","2026-01-21 09:53:58","MKT","mock-trader","MOCKEXEC00000985"
"89.58","SELL","USD","AMZN","T000986","2026-01-21","Trade","NYSE","10","211.56","2115.6","2.78","1.81","USD","84.99","204.34","ORD0000986","2026-01-21 13:30:13","LMT","mock-trader","MOCKEXEC00000986"
"122.31","SELL","USD","NVDA","T000987","2026-01-21","Trade","NYSE","50","153.72","7686.0","3.18","1.78","USD","117.35","150.08","ORD0000987","2026-01-21 12:13:01","MKT","mock-trader","MOCKEXEC00000987"
"-67.59","SELL","USD","META","T000988","2026-01-22","Trade","NYSE","15","529.14","7937.1","2.48","0.75","USD","-70.82","530.92","ORD0000988","2026-01-22 14:45:38","LMT","mock-trader","MOCKEXEC00000988"
"-173.72","SELL","USD","TSLA","T000989","2026-01-22","Trade","NYSE","25","435.97","10899.25","1.19","1.03","USD","-175.94","435.08","ORD0000989","2026-01-22 12:54:47","MKT","mock-trader","MOCKEXEC00000989"
"150.35","SELL","USD","NVDA","T000990","2026-01-22","Trade","ARCA","10","132.24","1322.4","2.0","0.43","USD","147.92","132.02","ORD0000990","2026-01-22 11:05:13","LMT","mock-trader","MOCKEXEC00000990"
"53.69","SELL","USD","META","T000991","2026-01-22","Trade","NASDAQ","15","635.45","9531.75","0.55","1.57","USD","51.57","637.44","ORD0000991","2026-01-22 13:27:26","LMT","mock-trader","MOCKEXEC00000991"
"-114.15","BUY","USD","AMD","T000992","2026-01-22","Trade","ARCA","20","238.18","4763.6","2.12","2.16","USD","-4767.88","231.73","ORD0000992","2026-01-22 10:13:07","LMT","mock-trader","MOCKEXEC00000992"
"-3.99","BUY","USD","NVDA","T000993","2026-01-22","Trade","NASDAQ","20","144.01","2880.2","0.76","2.28","USD","-2883.24","140.47","ORD0000993","2026-01-22 15:23:40","LMT","mock-trader","MOCKEXEC00000993"
"51.96","BUY","USD","GOOGL","T000994","2026-01-22","Trade","NASDAQ","20","224.22","4484.4","2.89","1.26","USD","-4488.55","231.0","ORD0000994","2026-01-22 10:25:18","LMT","mock-trader","MOCKEXEC00000994"
"146.55","BUY","USD","AMD","T000995","2026-01-22","Trade","ARCA","2","157.5","315.0","3.41","1.17","USD","-319.58","159.68","ORD0000995","2026-01-22 13:14:08","MKT","mock-trader","MOCKEXEC00000995"
"-96.77","BUY","USD","GOOGL","T000996","2026-01-22","Trade","ARCA","15","241.47","3622.05","2.19","1.79","USD","-3626.03","248.7","ORD0000996","2026-01-22 09:47:38","LMT","mock-trader","MOCKEXEC00000996"
"257.33","BUY","USD","AMZN","T000997","2026-01-22","Trade","NASDAQ","25","186.91","4672.75","0.61","2.36","USD","-4675.72","193.65","ORD0000997","2026-01-22 11:08:18","MKT","mock-trader","MOCKEXEC00000997"
"41.83","SELL","USD","AMD","T000998","2026-01-23","Trade","ARCA","5","202.55","1012.75","0.85","0.65","USD","40.33","201.93","ORD0000998","2026-01-23 14:07:51","LMT","mock-trader","MOCKEXEC00000998"
"-145.08","BUY","USD","NVDA","T000999","2026-01-23","Trade","NYSE","25","157.76","3944.0","2.62","1.78","USD","-3948.4","156.26","ORD0000999","2026-01-23 13:30:55","MKT","mock-trader","MOCKEXEC00000999"
"208.3","SELL","USD","GOOGL","T001000","2026-01-23","Trade","NASDAQ","50","168.15","8407.5","2.26","1.45","USD","204.59","160.53","ORD0001000","2026-01-23 12:52:46","LMT","mock-trader","MOCKEXEC00001000"
"283.69","BUY","USD","GOOGL","T001001","2026-01-23","Trade","NYSE","15","209.91","3148.65","2.2","1.24","USD","-3152.09","214.51","ORD0001001","2026-01-23 09:09:54","MKT","mock-trader","MOCKEXEC00001001"
"-109.02","SELL","USD","NVDA","T001002","2026-01-23","Trade","NASDAQ","20","152.52","3050.4","0.85","1.34","USD","-111.21","148.75","ORD0001002","2026-01-23 11:41:44","LMT","mock-trader","MOCKEXEC00001002"
"164.6","BUY","USD","AMD","T001003","2026-01-23","Trade","NASDAQ","10","151.37","1513.7","1.16","1.26","USD","-1516.12","147.5","ORD0001003","2026-01-23 11:38:02","MKT","mock-trader","MOCKEXEC00001003"
"101.77","BUY","USD","META","T001004","2026-01-23","Trade","NYSE","5","764.05","3820.25","2.5","0.94","USD","-3823.69","767.5","ORD0001004","2026-01-23 13:40:19","LMT","mock-trader","MOCKEXEC00001004"
"-33.83","BUY","USD","META","T001005","2026-01-23","Trade","NASDAQ","3","543.96","1631.88","1.34","1.68","USD","-1634.9","536.41","ORD0001005","2026-01-23 10:37:19","MKT","mock-trader","MOCKEXEC00001005"
"318.06","SELL","USD","META","T001006","2026-01-23","Trade","ARCA","50","723.64","36182.0","1.42","1.64","USD","315.0","718.37","ORD0001006","2026-01-23 11:41:09","LMT","mock-trader","MOCKEXEC00001006"
"255.39","SELL","USD","TSLA","T001007","2026-01-26","Trade","NASDAQ","25","379.68","9492.0","1.69","1.34","USD","252.36","377.76","ORD0001007","2026-01-26 14:04:21","LMT","mock-trader","MOCKEXEC00001007"
"209.01","BUY","USD","AMZN","T001008","2026-01-26","Trade","ARCA","3","177.83","533.49","2.76","1.71","USD","-537.96","175.53","ORD0001008","2026-01-26 12:36:58","MKT","mock-trader","MOCKEXEC00001008"
"19.25","BUY","USD","AMZN","T001009","2026-01-26","Trade","ARCA","15","216.42","3246.3","0.35","0.99","USD","-3247.64","209.5","ORD0001009","2026-01-26 13:34:54","MKT","mock-trader","MOCKEXEC00001009"
"-51.96","SELL","USD","AAPL","T001010","2026-01-26","Trade","ARCA","50","217.36","10868.0","2.59","1.8","USD","-56.35","219.77","ORD0001010","2026-01-26 10:14:44","LMT","mock-trader","MOCKEXEC00001010"
"-134.32","BUY","USD","NVDA","T001011","2026-01-26","Trade","NASDAQ","10","144.16","1441.6","0.67","2.12","USD","-1444.39","137.18","ORD0001011","2026-01-26 10:33:19","MKT","mock-trader","MOCKEXEC00001011"
"88.47","BUY","USD","AMZN","T001012","2026-01-26","Trade","NYSE","25","196.43","4910.75","2.73","0.97","USD","-4914.45","198.57","ORD0001012","2026-01-26 10:30:07","MKT","mock-trader","MOCKEXEC00001012"
"-72.5","BUY","USD","AMD","T001013","2026-01-26","Trade","ARCA","2","181.36","362.72","1.71","1.53","USD","-365.96","182.67","ORD0001013","2026-01-26 15:57:07","LMT","mock-trader","MOCKEXEC00001013"
"23.58","SELL","USD","AMZN","T001014","2026-01-26","Trade","ARCA","1","175.17","175.17","0.95","1.67","USD","20.96","172.43","ORD0001014","2026-01-26 12:32:18","LMT","mock-trader","MOCKEXEC00001014"
"100.63","BUY","USD","META","T001015","2026-01-26","Trade","NYSE","15","582.59","8738.85","1.08","1.24","USD","-8741.17","590.23","ORD0001015","2026-01-26 10:31:00","LMT","mock-trader","MOCKEXEC00001015"
"36.01","BUY","USD","AMD","T001016","2026-01-26","Trade","NASDAQ","3","109.83","329.49","1.07","2.33","USD","-332.89","108.92","ORD0001016","2026-01-26 14:43:34","MKT","mock-trader","MOCKEXEC00001016"
"-27.31","BUY","USD","MSFT","T001017","2026-01-26","Trade","ARCA","5","411.44","2057.2","2.68","1.31","USD","-2061.19","414.4","ORD0001017","2026-01-26 13:13:36","MKT","mock-trader","MOCKEXEC00001017"
"212.91","BUY","USD","TSLA","T001018","2026-01-26","Trade","ARCA","5","403.28","2016.4","2.98","1.62","USD","-2021.0","397.79","ORD0001018","2026-01-26 13:30:41","LMT","mock-trader","MOCKEXEC00001018"
"248.12","BUY","USD","META","T001019","2026-01-26","Trade","NYSE","10","641.59","6415.9","1.06","0.58","USD","-6417.54","638.93","ORD0001019","2026-01-26 11:53:47","LMT","mock-trader","MOCKEXEC00001019"
"-177.16","SELL","USD","META","T001020","2026-01-26","Trade","NYSE","20","728.81","14576.2","3.29","0.37","USD","-180.82","727.35","ORD0001020","2026-01-26 14:51:08","LMT","mock-trader","MOCKEXEC00001020"
"6.74","BUY","USD","AMZN","T001021","2026-01-27","Trade","NASDAQ","10","179.48","1794.8","1.13","2.03","USD","-1797.96","176.69","ORD0001021","2026-01-27 13:47:12","LMT","mock-trader","MOCKEXEC00001021"
"-17.26","BUY","USD","META","T001022","2026-01-27","Trade","NYSE","2","572.94","1145.88","1.68","1.87","USD","-1149.43","572.46","ORD0001022","2026-01-27 09:49:42","LMT","mock-trader","MOCKEXEC00001022"
"-151.94","SELL","USD","AMZN","T001023","2026-01-27","Trade","NASDAQ","20","155.93","3118.6","1.2","1.46","USD","-154.6","154.94","ORD0001023","2026-01-27 11:07:30","MKT","mock-trader","MOCKEXEC00001023"
"114.9","SELL","USD","TSLA","T001024","2026-01-27","Trade","ARCA","3","424.79","1274.37","2.01","1.51","USD","111.38","423.8","ORD0001024","2026-01-27 11:36:34","LMT","mock-trader","MOCKEXEC00001024"
"-146.0","BUY","USD","META","T001025","2026-01-27","Trade","NYSE","3","731.63","2194.89","2.75","1.85","USD","-2199.49","728.65","ORD0001025","2026-01-27 15:23:57","MKT","mock-trader","MOCKEXEC00001025"
"1.1","SELL","USD","NVDA","T001026","2026-01-27","Trade","NASDAQ","25","118.21","2955.25","0.7","2.44","USD","-2.04","114.35","ORD0001026","2026-01-27 13:47:59","MKT","mock-trader","MOCKEXEC00001026"
"219.05","SELL","USD","GOOGL","T001027","2026-01-28","Trade","NYSE","20","270.91","5418.2","2.91","0.39","USD","215.75","278.74","ORD0001027","2026-01-28 11:01:36","MKT","mock-trader","MOCKEXEC00001027"
"137.19","SELL","USD","TSLA","T001028","2026-01-28","Trade","NASDAQ","10","364.96","3649.6","2.57","1.52","USD","133.1","372.55","ORD0001028","2026-01-28 15:07:34","MKT","mock-trader","MOCKEXEC00001028"
"35.47","BUY","USD","AMD","T001029","2026-01-28","Trade","NYSE","2","215.07","430.14","0.97","1.27","USD","-432.38","221.16","ORD0001029","2026-01-28 14:09:41","MKT","mock-trader","MOCKEXEC00001029"
"166.29","SELL","USD","NVDA","T001030","2026-01-28","Trade","ARCA","25","142.22","3555.5","2.87","1.22","USD","162.2","134.56","ORD0001030","2026-01-28 13:18:00","LMT","mock-trader","MOCKEXEC00001030"
"-104.75","BUY","USD","AAPL","T001031","2026-01-28","Trade","ARCA","5","222.57","1112.85","2.99","1.56","USD","-1117.4","226.85","ORD0001031","2026-01-28 13:29:41","MKT","mock-trader","MOCKEXEC00001031"
"-76.93","BUY","USD","TSLA","T001032","2026-01-28","Trade","NASDAQ","5","404.6","2023.0","0.64","0.31","USD","-2023.95","406.23","ORD0001032","2026-01-28 15:02:49","LMT","mock-trader","MOCKEXEC00001032"
"149.08","SELL","USD","MSFT","T001033","2026-01-28","Trade","NASDAQ","15","535.69","8035.35","0.71","0.62","USD","147.75","543.55","ORD0001033","2026-01-28 10:59:58","LMT","mock-trader","MOCKEXEC00001033"
"7.56","SELL","USD","NVDA","T001034","2026-01-29","Trade","NYSE","2","166.73","333.46","1.55","1.92","USD","4.09","170.57","ORD0001034","2026-01-29 12:03:28","LMT","mock-trader","MOCKEXEC00001034"
"-117.68","BUY","USD","AMZN","T001035","2026-01-29","Trade","NASDAQ","20","209.02","4180.4","3.39","1.39","USD","-4185.18","210.27","ORD0001035","2026-01-29 13:07:10","MKT","mock-trader","MOCKEXEC00001035"
"-74.84","SELL","USD","AMD","T001036","2026-01-29","Trade","NASDAQ","15","162.27","2434.05","0.32","1.39","USD","-76.55","161.92","ORD0001036","2026-01-29 13:07:29","MKT","mock-trader","MOCKEXEC00001036"
"-129.97","SELL","USD","GOOGL","T001037","2026-01-29","Trade","NASDAQ","20","294.24","5884.8","1.26","0.95","USD","-132.18","287.28","ORD0001037","2026-01-29 15:41:19","MKT","mock-trader","MOCKEXEC00001037"
"-42.64","SELL","USD","GOOGL","T001038","2026-01-29","Trade","NASDAQ","1","292.7","292.7","2.27","0.98","USD","-45.89","286.95","ORD0001038","2026-01-29 10:11:36","MKT","mock-trader","MOCKEXEC00001038"
"-149.41","BUY","USD","NVDA","T001039","2026-01-29","Trade","NASDAQ","25","160.98","4024.5","2.81","2.2","USD","-4029.51","163.56","ORD0001039","2026-01-29 11:39:26","LMT","mock-trader","MOCKEXEC00001039"
"282.48","BUY","USD","NVDA","T001040","2026-01-30","Trade","NYSE","3","129.21","387.63","2.75","0.32","USD","-390.7","124.48","ORD0001040","2026-01-30 12:40:23","LMT","mock-trader","MOCKEXEC00001040"
"55.25","BUY","USD","AAPL","T001041","2026-01-30","Trade","ARCA","15","201.99","3029.85","2.57","0.57","USD","-3032.99","200.51","ORD0001041","2026-01-30 13:24:48","MKT","mock-trader","MOCKEXEC00001041"
"-68.65","BUY","USD","NVDA","T001042","2026-01-30","Trade","ARCA","1","127.89","127.89","1.47","0.4","USD","-129.76","135.39","ORD0001042","2026-01-30 12:26:54","LMT","mock-trader","MOCKEXEC00001042"
"269.77","BUY","USD","NVDA","T001043","2026-01-30","Trade","NASDAQ","10","138.1","1381.0","0.9","0.98","USD","-1382.88","138.74","ORD0001043","2026-01-30 13:42:45","LMT","mock-trader","MOCKEXEC00001043"
"-115.1","BUY","USD","AMD","T001044","2026-01-30","Trade","NYSE","3","132.9","398.7","3.3","0.76","USD","-402.76","126.22","ORD0001044","2026-01-30 09:45:25","MKT","mock-trader","MOCKEXEC00001044"
"149.68","BUY","USD","AMZN","T001045","2026-01-30","Trade","NYSE","10","168.46","1684.6","1.15","2.44","USD","-1688.19","171.15","ORD0001045","2026-01-30 13:33:36","MKT","mock-trader","MOCKEXEC00001045"
"109.68","SELL","USD","TSLA","T001046","2026-01-30","Trade","NASDAQ","15","382.24","5733.6","3.27","0.33","USD","106.08","388.74","ORD0001046","2026-01-30 12:40:03","MKT","mock-trader","MOCKEXEC00001046"
"-61.09","BUY","USD","AAPL","T001047","2026-01-30","Trade","ARCA","1","258.48","258.48","1.39","0.28","USD","-260.15","258.17","ORD0001047","2026-01-30 15:22:12","LMT","mock-trader","MOCKEXEC00001047"
"-121.09","SELL","USD","AMZN","T001048","2026-02-02","Trade","NYSE","10","204.59","2045.9","0.98","1.98","USD","-124.05","211.37","ORD0001048","2026-02-02 11:57:11","LMT","mock-trader","MOCKEXEC00001048"
"-8.81","SELL","USD","AMD","T001049","2026-02-02","Trade","NASDAQ","2","200.2","400.4","1.82","0.39","USD","-11.02","198.05","ORD0001049","2026-02-02 14:01:34","MKT","mock-trader","MOCKEXEC00001049"
"176.35","SELL","USD","AMZN","T001050","2026-02-02","Trade","ARCA","2","162.03","324.06","0.44","1.03","USD","174.88","161.27","ORD0001050","2026-02-02 13:05:55","MKT","mock-trader","MOCKEXEC00001050"
"-69.07","BUY","USD","GOOGL","T001051","2026-02-02","Trade","ARCA","3","276.0","828.0","0.06","1.9","USD","-829.96","273.66","ORD0001051","2026-02-02 13:49:09","MKT","mock-trader","MOCKEXEC00001051"
"-100.63","BUY","USD","TSLA","T001052","2026-02-02","Trade","ARCA","50","283.35","14167.5","2.38","1.68","USD","-14171.56","289.09","ORD0001052","2026-02-02 10:53:59","MKT","mock-trader","MOCKEXEC00001052"
"304.57","BUY","USD","GOOGL","T001053","2026-02-02","Trade","NYSE","10","157.34","1573.4","1.4","1.13","USD","-1575.93","157.69","ORD0001053","2026-02-02 12:57:30","LMT","mock-trader","MOCKEXEC00001053"
"174.17","SELL","USD","NVDA","T001054","2026-02-02","Trade","NYSE","1","105.99","105.99","2.34","0.72","USD","171.11","109.73","ORD0001054","2026-02-02 13:04:03","MKT","mock-trader","MOCKEXEC00001054"
"223.49","SELL","USD","NVDA","T001055","2026-02-02","Trade","ARCA","3","161.17","483.51","3.33","0.8","USD","219.36","165.75","ORD0001055","2026-02-02 14:26:25","MKT","mock-trader","MOCKEXEC00001055"
"294.53","SELL","USD","AMZN","T001056","2026-02-02","Trade","NASDAQ","2","172.63","345.26","0.49","1.15","USD","292.89","176.25","ORD0001056","2026-02-02 13:43:09","LMT","mock-trader","MOCKEXEC00001056"
"-121.35","SELL","USD","NVDA","T001057","2026-02-02","Trade","NYSE","15","100.86","1512.9","1.09","0.48","USD","-122.92","102.92","ORD0001057","2026-02-02 12:14:42","LMT","mock-trader","MOCKEXEC00001057"
"309.5","SELL","USD","MSFT","T001058","2026-02-02","Trade","NYSE","3","364.08","1092.24","3.19","1.02","USD","305.29","360.43","ORD0001058","2026-02-02 09:24:53","MKT","mock-trader","MOCKEXEC00001058"
"165.72","SELL","USD","AMD","T001059","2026-02-02","Trade","ARCA","3","231.44","694.32","2.78","1.96","USD","160.98","227.03","ORD0001059","2026-02-02 09:05:46","LMT","mock-trader","MOCKEXEC00001059"
"139.03","SELL","USD","AMZN","T001060","2026-02-02","Trade","ARCA","20","192.17","3843.4","3.03","0.88","USD","135.12","195.75","ORD0001060","2026-02-02 11:57:16","LMT","mock-trader","MOCKEXEC00001060"
"176.55","SELL","USD","META","T001061","2026-02-03","Trade","NASDAQ","2","503.88","1007.76","1.7","1.57","USD","173.28","499.42","ORD0001061","2026-02-03 12:42:17","LMT","mock-trader","MOCKEXEC00001061"
"115.17","SELL","USD","GOOGL","T001062","2026-02-03","Trade","NYSE","1","240.25","240.25","2.78","2.4","USD","109.99","241.46","ORD0001062","2026-02-03 09:48:15","LMT","mock-trader","MOCKEXEC00001062"
"40.12","BUY","USD","GOOGL","T001063","2026-02-03","Trade","ARCA","15","247.06","3705.9","1.61","2.19","USD","-3709.7","239.66","ORD0001063","2026-02-03 12:52:51","LMT","mock-trader","MOCKEXEC00001063"
"292.97","BUY","USD","AAPL","T001064","2026-02-03","Trade","NYSE","3","201.69","605.07","0.35","2.32","USD","-607.74","206.52","ORD0001064","2026-02-03 14:29:54","LMT","mock-trader","MOCKEXEC00001064"
"211.85","SELL","USD","TSLA","T001065","2026-02-03","Trade","NASDAQ","5","305.33","1526.65","1.14","1.82","USD","208.89","307.49","ORD0001065","2026-02-03 15:50:10","LMT","mock-trader","MOCKEXEC00001065"
"248.32","SELL","USD","GOOGL","T001066","2026-02-03","Trade","NYSE","3","276.71","830.13","1.17","1.64","USD","245.51","280.55","ORD0001066","2026-02-03 15:14:20","MKT","mock-trader","MOCKEXEC00001066"
"139.74","SELL","USD","MSFT","T001067","2026-02-03","Trade","NYSE","15","474.36","7115.4","2.65","0.7","USD","136.39","480.06","ORD0001067","2026-02-03 12:22:21","LMT","mock-trader","MOCKEXEC00001067"
"-85.11","BUY","USD","NVDA","T001068","2026-02-03","Trade","ARCA","15","101.27","1519.05","1.09","1.39","USD","-1521.53","103.55","ORD0001068","2026-02-03 11:48:35","MKT","mock-trader","MOCKEXEC00001068"
"175.83","BUY","USD","GOOGL","T001069","2026-02-03","Trade","ARCA","5","164.0","820.0","3.2","1.74","USD","-824.94","169.64","ORD0001069","2026-02-03 10:45:21","LMT","mock-trader","MOCKEXEC00001069"
"298.04","BUY","USD","GOOGL","T001070","2026-02-03","Trade","NASDAQ","20","165.54","3310.8","2.85","2.25","USD","-3315.9","162.24","ORD0001070","2026-02-03 13:05:20","LMT","mock-trader","MOCKEXEC00001070"
"316.34","BUY","USD","AAPL","T001071","2026-02-03","Trade","NASDAQ","50","210.85","10542.5","0.09","0.76","USD","-10543.35","213.97","ORD0001071","2026-02-03 10:15:56","LMT","mock-trader","MOCKEXEC00001071"
"302.3","BUY","USD","AMZN","T001072","2026-02-03","Trade","NASDAQ","1","179.68","179.68","3.0","1.34","USD","-184.02","178.7","ORD0001072","2026-02-03 13:35:36","LMT","mock-trader","MOCKEXEC00001072"
"310.96","SELL","USD","GOOGL","T001073","2026-02-04","Trade","NYSE","10","256.01","2560.1","2.81","0.84","USD","307.31","253.93","ORD0001073","2026-02-04 10:20:34","MKT","mock-trader","MOCKEXEC00001073"
"109.48","SELL","USD","NVDA","T001074","2026-02-04","Trade","NYSE","5","163.64","818.2","0.34","2.31","USD","106.83","171.41","ORD0001074","2026-02-04 14:30:34","MKT","mock-trader","MOCKEXEC00001074"
"-68.02","SELL","USD","AMZN","T001075","2026-02-04","Trade","NYSE","50","232.11","11605.5","0.94","2.13","USD","-71.09","231.47","ORD0001075","2026-02-04 12:31:37","MKT","mock-trader","MOCKEXEC00001075"
"145.14","BUY","USD","NVDA","T001076","2026-02-04","Trade","NASDAQ","50","135.88","6794.0","3.14","1.32","USD","-6798.46","139.18","ORD0001076","2026-02-04 09:43:22","LMT","mock-trader","MOCKEXEC00001076"
"202.18","BUY","USD","META","T001077","2026-02-04","Trade","ARCA","25","629.25","15731.25","0.47","1.14","USD","-15732.86","631.84","ORD0001077","2026-02-04 11:34:44","LMT","mock-trader","MOCKEXEC00001077"
"-107.88","BUY","USD","TSLA","T001078","2026-02-04","Trade","ARCA","50","439.25","21962.5","1.89","1.78","USD","-21966.17","436.28","ORD0001078","2026-02-04 09:39:03","LMT","mock-trader","MOCKEXEC00001078"
"185.19","BUY","USD","MSFT","T001079","2026-02-04","Trade","NASDAQ","2","455.95","911.9","2.56","0.81","USD","-915.27","457.57","ORD0001079","2026-02-04 15:11:53","MKT","mock-trader","MOCKEXEC00001079"
"293.07","BUY","USD","AMD","T001080","2026-02-04","Trade","NYSE","15","113.37","1700.55","2.01","2.39","USD","-1704.95","111.57","ORD0001080","2026-02-04 12:24:44","MKT","mock-trader","MOCKEXEC00001080"
"173.63","BUY","USD","NVDA","T001081","2026-02-05","Trade","NYSE","10","128.41","1284.1","3.08","1.37","USD","-1288.55","123.36","ORD0001081","2026-02-05 12:12:14","MKT","mock-trader","MOCKEXEC00001081"
"-169.8","SELL","USD","TSLA","T001082","2026-02-05","Trade","NASDAQ","2","354.77","709.54","2.12","2.46","USD","-174.38","347.72","ORD0001082","2026-02-05 11:06:10","MKT","mock-trader","MOCKEXEC00001082"
"220.02","SELL","USD","AAPL","T001083","2026-02-05","Trade","ARCA","20","221.44","4428.8","1.99","1.09","USD","216.94","214.55","ORD0001083","2026-02-05 10:12:40","LMT","mock-trader","MOCKEXEC00001083"
"161.59","BUY","USD","NVDA","T001084","2026-02-05","Trade","NASDAQ","15","107.76","1616.4","0.54","1.09","USD","-1618.03","102.59","ORD0001084","2026-02-05 12:45:54","MKT","mock-trader","MOCKEXEC00001084"
"264.12","BUY","USD","AMD","T001085","2026-02-05","Trade","ARCA","1","240.29","240.29","2.78","0.52","USD","-243.59","247.24","ORD0001085","2026-02-05 11:06:22","MKT","mock-trader","MOCKEXEC00001085"
"-102.37","BUY","USD","NVDA","T001086","2026-02-05","Trade","NYSE","25","115.45","2886.25","2.15","1.01","USD","-2889.41","114.72","ORD0001086","2026-02-05 14:35:53","LMT","mock-trader","MOCKEXEC00001086"
"-109.31","BUY","USD","MSFT","T001087","2026-02-05","Trade","NYSE","15","399.24","5988.6","3.36","1.35","USD","-5993.31","403.94","ORD0001087","2026-02-05 09:22:03","MKT","mock-trader","MOCKEXEC00001087"
"171.1","SELL","USD","MSFT","T001088","2026-02-05","Trade","NYSE","50","462.6","23130.0","1.83","1.95","USD","167.32","464.89","ORD0001088","2026-02-05 11:20:08","MKT","mock-trader","MOCKEXEC00001088"
"-138.81","SELL","USD","META","T001089","2026-02-05","Trade","NYSE","20","630.54","12610.8","0.08","0.48","USD","-139.37","631.52","ORD0001089","2026-02-05 13:24:19","LMT","mock-trader","MOCKEXEC00001089"
"-26.44","BUY","USD","AAPL","T001090","2026-02-05","Trade","NASDAQ","5","266.27","1331.35","2.06","2.28","USD","-1335.69","266.95","ORD0001090","2026-02-05 14:20:47","MKT","mock-trader","MOCKEXEC00001090"
"302.09","SELL","USD","AAPL","T001091","2026-02-05","Trade","NASDAQ","20","213.18","4263.6","0.18","2.11","USD","299.8","219.16","ORD0001091","2026-02-05 14:32:33","LMT","mock-trader","MOCKEXEC00001091"
"266.18","BUY","USD","AMZN","T001092","2026-02-06","Trade","ARCA","25","245.0","6125.0","2.49","0.41","USD","-6127.9","240.26","ORD0001092","2026-02-06 10:36:40","MKT","mock-trader","MOCKEXEC00001092"
"-121.83","SELL","USD","AAPL","T001093","2026-02-06","Trade","NYSE","5","263.02","1315.1","1.02","2.28","USD","-125.13","265.57","ORD0001093","2026-02-06 15:21:11","MKT","mock-trader","MOCKEXEC00001093"
"119.38","SELL","USD","TSLA","T001094","2026-02-06","Trade","ARCA","1","281.19","281.19","2.18","0.83","USD","116.37","287.94","ORD0001094","2026-02-06 14:36:45","LMT","mock-trader","MOCKEXEC00001094"
"27.94","SELL","USD","AMZN","T001095","2026-02-06","Trade","NYSE","20","219.03","4380.6","1.45","0.88","USD","25.61","225.45","ORD0001095","2026-02-06 15:49:31","MKT","mock-trader","MOCKEXEC00001095"
"164.75","BUY","USD","GOOGL","T001096","2026-02-06","Trade","NASDAQ","25","169.33","4233.25","0.25","0.51","USD","-4234.01","163.87","ORD0001096","2026-02-06 15:31:04","LMT","mock-trader","MOCKEXEC00001096"
"-36.78","SELL","USD","NVDA","T001097","2026-02-06","Trade","NASDAQ","20","122.78","2455.6","2.99","0.84","USD","-40.61","126.96","ORD0001097","2026-02-06 12:52:56","MKT","mock-trader","MOCKEXEC00001097"
"-162.15","BUY","USD","AMD","T001098","2026-02-09","Trade","ARCA","3","177.73","533.19","1.68","0.5","USD","-535.37","170.34","ORD0001098","2026-02-09 12:11:05","MKT","mock-trader","MOCKEXEC00001098"
"-108.62","SELL","USD","AMZN","T001099","2026-02-09","Trade","NASDAQ","15","193.81","2907.15","2.09","0.34","USD","-111.05","200.75","ORD0001099","2026-02-09 15:12:49","LMT","mock-trader","MOCKEXEC00001099"
"295.21","BUY","USD","AAPL","T001100","2026-02-09","Trade","NYSE","3","223.89","671.67","3.23","1.04","USD","-675.94","219.1","ORD0001100","2026-02-09 14:03:25","MKT","mock-trader","MOCKEXEC00001100"
"-82.83","BUY","USD","META","T001101","2026-02-09","Trade","ARCA","5","555.19","2775.95","2.3","1.24","USD","-2779.49","561.13","ORD0001101","2026-02-09 09:53:15","LMT","mock-trader","MOCKEXEC00001101"
"-151.64","BUY","USD","NVDA","T001102","2026-02-09","Trade","ARCA","50","177.13","8856.5","2.4","1.17","USD","-8860.07","177.68","ORD0001102","2026-02-09 13:46:10","LMT","mock-trader","MOCKEXEC00001102"
"162.16","BUY","USD","TSLA","T001103","2026-02-09","Trade","NASDAQ","3","430.3","1290.9","0.02","0.26","USD","-1291.18","423.23","ORD0001103","2026-02-09 12:49:36","MKT","mock-trader","MOCKEXEC00001103"
"275.41","BUY","USD","AAPL","T001104","2026-02-09","Trade","ARCA","1","245.42","245.42","3.28","1.7","USD","-250.4","241.94","ORD0001104","2026-02-09 13:24:28","MKT","mock-trader","MOCKEXEC00001104"
"138.35","SELL","USD","AMD","T001105","2026-02-09","Trade","NYSE","15","247.02","3705.3","1.68","2.27","USD","134.4","246.29","ORD0001105","2026-02-09 11:14:09","MKT","mock-trader","MOCKEXEC00001105"
"-169.53","SELL","USD","GOOGL","T001106","2026-02-09","Trade","NASDAQ","3","205.21","615.63","2.82","0.57","USD","-172.92","204.57","ORD0001106","2026-02-09 14:56:34","LMT","mock-trader","MOCKEXEC00001106"
"30.57","SELL","USD","NVDA","T001107","2026-02-09","Trade","NYSE","5","175.35","876.75","1.46","1.9","USD","27.21","174.45","ORD0001107","2026-02-09 12:29:23","LMT","mock-trader","MOCKEXEC00001107"
"-71.52","BUY","USD","GOOGL","T001108","2026-02-09","Trade","NYSE","50","180.89","9044.5","0.67","0.69","USD","-9045.86","186.87","ORD0001108","2026-02-09 14:50:39","LMT","mock-trader","MOCKEXEC00001108"
"-109.33","SELL","USD","GOOGL","T001109","2026-02-09","Trade","ARCA","10","182.03","1820.3","0.38","1.72","USD","-111.43","178.84","ORD0001109","2026-02-09 15:49:55","LMT","mock-trader","MOCKEXEC00001109"
"264.96","BUY","USD","AAPL","T001110","2026-02-09","Trade","NASDAQ","5","223.64","1118.2","2.31","2.36","USD","-1122.87","222.55","ORD0001110","2026-02-09 12:01:44","LMT","mock-trader","MOCKEXEC00001110"
"107.53","SELL","USD","NVDA","T001111","2026-02-09","Trade","NASDAQ","3","151.3","453.9","2.8","0.59","USD","104.14","148.36","ORD0001111","2026-02-09 10:55:47","LMT","mock-trader","MOCKEXEC00001111"
"-175.67","BUY","USD","AAPL","T001112","2026-02-10","Trade","NYSE","2","206.0","412.0","3.02","0.37","USD","-415.39","211.64","ORD0001112","2026-02-10 11:59:57","MKT","mock-trader","MOCKEXEC00001112"
"1.47","BUY","USD","NVDA","T001113","2026-02-10","Trade","NASDAQ","10","167.25","1672.5","3.18","1.56","USD","-1677.24","172.5","ORD0001113","2026-02-10 12:21:45","LMT","mock-trader","MOCKEXEC00001113"
"260.28","BUY","USD","META","T001114","2026-02-10","Trade","ARCA","50","547.94","27397.0","0.57","0.52","USD","-27398.09","554.5","ORD0001114","2026-02-10 12:10:35","LMT","mock-trader","MOCKEXEC00001114"
"-106.68","BUY","USD","META","T001115","2026-02-10","Trade","NYSE","2","699.16","1398.32","1.56","1.95","USD","-1401.83","693.33","ORD0001115","2026-02-10 12:30:24","MKT","mock-trader","MOCKEXEC00001115"
"-89.08","SELL","USD","AAPL","T001116","2026-02-10","Trade","NYSE","25","240.94","6023.5","3.13","2.43","USD","-94.64","248.09","ORD0001116","2026-02-10 13:22:56","MKT","mock-trader","MOCKEXEC00001116"
"-29.95","BUY","USD","TSLA","T001117","2026-02-10","Trade","ARCA","3","276.99","830.97","1.38","0.59","USD","-832.94","284.88","ORD0001117","2026-02-10 15:42:12","LMT","mock-trader","MOCKEXEC00001117"
"219.66","BUY","USD","META","T001118","2026-02-10","Trade","NYSE","15","680.84","10212.6","0.06","2.25","USD","-10214.91","679.52","ORD0001118","2026-02-10 10:23:54","MKT","mock-trader","MOCKEXEC00001118"
"-96.56","BUY","USD","META","T001119","2026-02-10","Trade","NYSE","25","595.57","14889.25","2.27","1.83","USD","-14893.35","591.78","ORD0001119","2026-02-10 12:21:02","LMT","mock-trader","MOCKEXEC00001119"
"256.02","SELL","USD","MSFT","T001120","2026-02-10","Trade","NYSE","50","356.27","17813.5","3.24","0.27","USD","252.51","357.45","ORD0001120","2026-02-10 11:24:12","LMT","mock-trader","MOCKEXEC00001120"
"-12.18","BUY","USD","GOOGL","T001121","2026-02-10","Trade","NASDAQ","10","254.53","2545.3","2.81","2.17","USD","-2550.28","259.08","ORD0001121","2026-02-10 12:45:21","LMT","mock-trader","MOCKEXEC00001121"
"-138.35","BUY","USD","META","T001122","2026-02-10","Trade","NASDAQ","25","584.49","14612.25","1.57","1.76","USD","-14615.58","589.38","ORD0001122","2026-02-10 11:55:32","MKT","mock-trader","MOCKEXEC00001122"
"-147.52","BUY","USD","MSFT","T001123","2026-02-11","Trade","NASDAQ","2","385.42","770.84","2.0","0.78","USD","-773.62","378.82","ORD0001123","2026-02-11 09:00:46","LMT","mock-trader","MOCKEXEC00001123"
"-14.55","BUY","USD","MSFT","T001124","2026-02-11","Trade","ARCA","25","476.2","11905.0","2.33","1.63","USD","-11908.96","469.1","ORD0001124","2026-02-11 10:12:58","MKT","mock-trader","MOCKEXEC00001124"
"215.8","BUY","USD","NVDA","T001125","2026-02-11","Trade","NASDAQ","2","100.31","200.62","0.82","0.36","USD","-201.8","93.58","ORD0001125","2026-02-11 11:40:33","LMT","mock-trader","MOCKEXEC00001125"
"185.78","SELL","USD","AMZN","T001126","2026-02-11","Trade","NASDAQ","3","196.92","590.76","2.07","2.19","USD","181.52","196.0","ORD0001126","2026-02-11 13:00:05","MKT","mock-trader","MOCKEXEC00001126"
"-85.33","BUY","USD","META","T001127","2026-02-11","Trade","NASDAQ","50","672.63","33631.5","0.43","1.96","USD","-33633.89","667.64","ORD0001127","2026-02-11 15:20:48","MKT","mock-trader","MOCKEXEC00001127"
"-37.3","SELL","USD","GOOGL","T001128","2026-02-11","Trade","ARCA","20","226.0","4520.0","1.49","2.11","USD","-40.9","229.77","ORD0001128","2026-02-11 13:00:41","LMT","mock-trader","MOCKEXEC00001128"
"66.96","BUY","USD","META","T001129","2026-02-11","Trade","ARCA","2","518.49","1036.98","3.16","0.39","USD","-1040.53","522.58","ORD0001129","2026-02-11 12:05:43","LMT","mock-trader","MOCKEXEC00001129"
"278.17","BUY","USD","AAPL","T001130","2026-02-11","Trade","ARCA","15","241.17","3617.55","1.27","1.78","USD","-3620.6","244.02","ORD0001130","2026-02-11 09:36:16","LMT","mock-trader","MOCKEXEC00001130"
"201.71","SELL","USD","TSLA","T001131","2026-02-12","Trade","ARCA","15","349.94","5249.1","1.1","2.5","USD","198.11","344.98","ORD0001131","2026-02-12 13:10:02","LMT","mock-trader","MOCKEXEC00001131"
"218.13","SELL","USD","GOOGL","T001132","2026-02-12","Trade","NASDAQ","25","198.66","4966.5","3.31","1.16","USD","213.66","204.56","ORD0001132","2026-02-12 12:28:09","LMT","mock-trader","MOCKEXEC00001132"
"10.73","BUY","USD","GOOGL","T001133","2026-02-12","Trade","ARCA","3","268.24","804.72","3.05","0.59","USD","-808.36","266.09","ORD0001133","2026-02-12 12:50:52","MKT","mock-trader","MOCKEXEC00001133"
"15.65","BUY","USD","NVDA","T001134","2026-02-12","Trade","ARCA","5","107.59","537.95","0.52","1.01","USD","-539.48","99.94","ORD0001134","2026-02-12 12:10:19","LMT","mock-trader","MOCKEXEC00001134"
"69.57","BUY","USD","AMZN","T001135","2026-02-12","Trade","NASDAQ","25","210.68","5267.0","1.52","2.17","USD","-5270.69","210.48","ORD0001135","2026-02-12 14:03:22","MKT","mock-trader","MOCKEXEC00001135"
"79.38","SELL","USD","TSLA","T001136","2026-02-12","Trade","NYSE","10","278.3","2783.0","1.73","0.74","USD","76.91","278.15","ORD0001136","2026-02-12 11:40:10","LMT","mock-trader","MOCKEXEC00001136"
"-9.45","BUY","USD","GOOGL","T001137","2026-02-12","Trade","NASDAQ","3","229.45","688.35","1.31","1.8","USD","-691.46","223.5","ORD0001137","2026-02-12 13:30:04","LMT","mock-trader","MOCKEXEC00001137"
"-16.9","SELL","USD","TSLA","T001138","2026-02-12","Trade","ARCA","5","291.89","1459.45","0.82","2.21","USD","-19.93","288.89","ORD0001138","2026-02-12 12:50:17","LMT","mock-trader","MOCKEXEC00001138"
"210.8","BUY","USD","TSLA","T001139","2026-02-12","Trade","NASDAQ","3","443.09","1329.27","2.0","2.3","USD","-1333.57","446.42","ORD0001139","2026-02-12 13:15:52","LMT","mock-trader","MOCKEXEC00001139"
"-132.21","BUY","USD","AMD","T001140","2026-02-12","Trade","ARCA","15","176.64","2649.6","2.63","1.65","USD","-2653.88","169.94","ORD0001140","2026-02-12 12:29:38","LMT","mock-trader","MOCKEXEC00001140"
"215.64","SELL","USD","MSFT","T001141","2026-02-12","Trade","NASDAQ","20","505.49","10109.8","0.97","0.57","USD","214.1","511.05","ORD0001141","2026-02-12 09:30:15","MKT","mock-trader","MOCKEXEC00001141"
"211.84","SELL","USD","TSLA","T001142","2026-02-12","Trade","ARCA","25","362.38","9059.5","3.35","1.34","USD","207.15","359.41","ORD0001142","2026-02-12 13:12:52","MKT","mock-trader","MOCKEXEC00001142"
"-82.53","SELL","USD","MSFT","T001143","2026-02-12","Trade","NASDAQ","1","497.1","497.1","2.8","0.89","USD","-86.22","501.75","ORD0001143","2026-02-12 12:44:52","LMT","mock-trader","MOCKEXEC00001143"
"145.82","BUY","USD","AMZN","T001144","2026-02-13","Trade","NYSE","10","152.53","1525.3","2.67","0.43","USD","-1528.4","151.97","ORD0001144","2026-02-13 10:28:40","MKT","mock-trader","MOCKEXEC00001144"
"47.97","SELL","USD","AMD","T001145","2026-02-13","Trade","NASDAQ","2","240.54","481.08","0.69","1.61","USD","45.67","237.1","ORD0001145","2026-02-13 13:08:20","MKT","mock-trader","MOCKEXEC00001145"
"-109.12","SELL","USD","AAPL","T001146","2026-02-13","Trade","NYSE","50","233.4","11670.0","2.91","1.09","USD","-113.12","225.81","ORD0001146","2026-02-13 12:41:20","MKT","mock-trader","MOCKEXEC00001146"
"198.25","BUY","USD","TSLA","T001147","2026-02-13","Trade","NASDAQ","10","314.8","3148.0","0.14","1.4","USD","-3149.54","318.36","ORD0001147","2026-02-13 14:08:31","MKT","mock-trader","MOCKEXEC00001147"
"290.06","BUY","USD","NVDA","T001148","2026-02-13","Trade","NYSE","2","141.82","283.64","0.82","1.95","USD","-286.41","149.38","ORD0001148","2026-02-13 11:05:26","MKT","mock-trader","MOCKEXEC00001148"
"28.18","SELL","USD","AMD","T001149","2026-02-13","Trade","NYSE","50","109.32","5466.0","2.76","1.81","USD","23.61","110.09","ORD0001149","2026-02-13 09:52:13","MKT","mock-trader","MOCKEXEC00001149"
"142.38","SELL","USD","MSFT","T001150","2026-02-13","Trade","NASDAQ","5","397.85","1989.25","1.95","0.37","USD","140.06","403.34","ORD0001150","2026-02-13 10:30:02","MKT","mock-trader","MOCKEXEC00001150"
"-18.52","BUY","USD","AMZN","T001151","2026-02-13","Trade","NASDAQ","3","200.06","600.18","2.65","1.76","USD","-604.59","192.37","ORD0001151","2026-02-13 15:18:31","LMT","mock-trader","MOCKEXEC00001151"
"-75.58","BUY","USD","MSFT","T001152","2026-02-13","Trade","ARCA","5","467.93","2339.65","2.04","0.27","USD","-2341.96","471.16","ORD0001152","2026-02-13 13:56:23","MKT","mock-trader","MOCKEXEC00001152"
"277.6","BUY","USD","GOOGL","T001153","2026-02-13","Trade","NASDAQ","3","230.43","691.29","2.6","0.88","USD","-694.77","231.33","ORD0001153","2026-02-13 13:24:10","LMT","mock-trader","MOCKEXEC00001153"
"145.23","SELL","USD","AMZN","T001154","2026-02-16","Trade","NYSE","10","189.26","1892.6","1.58","1.25","USD","142.4","196.74","ORD0001154","2026-02-16 14:32:49","MKT","mock-trader","MOCKEXEC00001154"
"-126.64","BUY","USD","NVDA","T001155","2026-02-16","Trade","ARCA","1","131.0","131.0","3.27","0.71","USD","-134.98","135.16","ORD0001155","2026-02-16 14:47:19","MKT","mock-trader","MOCKEXEC00001155"
"133.06","SELL","USD","META","T001156","2026-02-16","Trade","NASDAQ","25","516.31","12907.75","1.98","2.24","USD","128.84","512.35","ORD0001156","2026-02-16 13:01:19","MKT","mock-trader","MOCKEXEC00001156"
"179.97","SELL","USD","NVDA","T001157","2026-02-16","Trade","NYSE","5","139.97","699.85","2.52","1.28","USD","176.17","138.22","ORD0001157","2026-02-16 15:10:58","LMT","mock-trader","MOCKEXEC00001157"
"262.21","BUY","USD","META","T001158","2026-02-16","Trade","NYSE","2","684.91","1369.82","2.98","1.64","USD","-1374.44","690.62","ORD0001158","2026-02-16 11:59:00","LMT","mock-trader","MOCKEXEC00001158"
"-72.35","BUY","USD","GOOGL","T001159","2026-02-16","Trade","ARCA","2","158.03","316.06","0.67","1.2","USD","-317.93","164.05","ORD0001159","2026-02-16 09:17:26","MKT","mock-trader","MOCKEXEC00001159"
"-48.64","BUY","USD","META","T001160","2026-02-16","Trade","ARCA","2","590.62","1181.24","3.26","2.25","USD","-1186.75","595.43","ORD0001160","2026-02-16 10:07:58","MKT","mock-trader","MOCKEXEC00001160"
"182.4","BUY","USD","AMD","T001161","2026-02-16","Trade","ARCA","1","116.89","116.89","1.59","2.24","USD","-120.72","120.01","ORD0001161","2026-02-16 11:17:01","LMT","mock-trader","MOCKEXEC00001161"
"159.01","BUY","USD","MSFT","T001162","2026-02-16","Trade","ARCA","5","363.03","1815.15","0.1","1.37","USD","-1816.62","368.32","ORD0001162","2026-02-16 12:11:00","MKT","mock-trader","MOCKEXEC00001162"
"-78.65","SELL","USD","MSFT","T001163","2026-02-16","Trade","NYSE","10","493.77","4937.7","0.94","1.76","USD","-81.35","501.18","ORD0001163","2026-02-16 10:15:44","MKT","mock-trader","MOCKEXEC00001163"
"64.26","SELL","USD","AAPL","T001164","2026-02-16","Trade","NYSE","50","266.65","13332.5","0.81","2.16","USD","61.29","259.41","ORD0001164","2026-02-16 11:05:38","LMT","mock-trader","MOCKEXEC00001164"
"90.38","SELL","USD","NVDA","T001165","2026-02-17","Trade","NYSE","15","158.1","2371.5","1.12","1.69","USD","87.57","156.61","ORD0001165","2026-02-17 13:25:23","LMT","mock-trader","MOCKEXEC00001165"
"23.91","BUY","USD","META","T001166","2026-02-17","Trade","NYSE","25","702.71","17567.75","3.36","0.44","USD","-17571.55","698.76","ORD0001166","2026-02-17 10:21:59","LMT","mock-trader","MOCKEXEC00001166"
"279.15","BUY","USD","AMD","T001167","2026-02-17","Trade","NASDAQ","1","151.52","151.52","3.44","0.58","USD","-155.54","148.99","ORD0001167","2026-02-17 14:53:47","MKT","mock-trader","MOCKEXEC00001167"
"260.36","SELL","USD","AMZN","T001168","2026-02-17","Trade","ARCA","2","232.34","464.68","3.47","1.47","USD","255.42","232.65","ORD0001168","2026-02-17 13:00:16","MKT","mock-trader","MOCKEXEC00001168"
"185.93","SELL","USD","AMZN","T001169","2026-02-17","Trade","NASDAQ","25","161.69","4042.25","2.79","1.48","USD","181.66","160.01","ORD0001169","2026-02-17 14:52:25","LMT","mock-trader","MOCKEXEC00001169"
"46.83","BUY","USD","GOOGL","T001170","2026-02-17","Trade","ARCA","5","246.07","1230.35","2.92","2.26","USD","-1235.53","241.08","ORD0001170","2026-02-17 09:57:50","MKT","mock-trader","MOCKEXEC00001170"
"-26.72","BUY","USD","AMD","T001171","2026-02-17","Trade","NASDAQ","2","204.24","408.48","2.65","0.93","USD","-412.06","199.59","ORD0001171","2026-02-17 14:06:52","MKT","mock-trader","MOCKEXEC00001171"
"-87.14","BUY","USD","AAPL","T001172","2026-02-17","Trade","ARCA","10","208.48","2084.8","2.72","0.41","USD","-2087.93","204.53","ORD0001172","2026-02-17 09:27:22","LMT","mock-trader","MOCKEXEC00001172"
"-75.78","SELL","USD","AAPL","T001173","2026-02-17","Trade","ARCA","15","227.14","3407.1","1.5","1.58","USD","-78.86","226.8","ORD0001173","2026-02-17 13:37:02","LMT","mock-trader","MOCKEXEC00001173"
"-52.11","SELL","USD","AAPL","T001174","2026-02-17","Trade","ARCA","15","224.6","3369.0","1.66","2.05","USD","-55.82","228.65","ORD0001174","2026-02-17 15:06:27","LMT","mock-trader","MOCKEXEC00001174"
"63.72","BUY","USD","AMD","T001175","2026-02-17","Trade","ARCA","20","105.8","2116.0","3.17","1.32","USD","-2120.49","106.5","ORD0001175","2026-02-17 09:15:46","MKT","mock-trader","MOCKEXEC00001175"
"312.0","SELL","USD","AMD","T001176","2026-02-17","Trade","ARCA","15","136.21","2043.15","0.12","0.95","USD","310.93","140.64","ORD0001176","2026-02-17 15:28:13","LMT","mock-trader","MOCKEXEC00001176"
"157.62","BUY","USD","MSFT","T001177","2026-02-17","Trade","ARCA","3","468.69","1406.07","0.1","1.39","USD","-1407.56","461.8","ORD0001177","2026-02-17 10:29:17","LMT","mock-trader","MOCKEXEC00001177"
"65.55","SELL","USD","AAPL","T001178","2026-02-18","Trade","NYSE","2","248.88","497.76","3.16","0.91","USD","61.48","243.48","ORD0001178","2026-02-18 11:38:21","MKT","mock-trader","MOCKEXEC00001178"
"-55.48","BUY","USD","NVDA","T001179","2026-02-18","Trade","NASDAQ","5","138.57","692.85","1.36","1.93","USD","-696.14","141.03","ORD0001179","2026-02-18 10:49:24","LMT","mock-trader","MOCKEXEC00001179"
"111.78","BUY","USD","NVDA","T001180","2026-02-18","Trade","NASDAQ","15","169.25","2538.75","1.73","1.86","USD","-2542.34","174.18","ORD0001180","2026-02-18 09:06:10","MKT","mock-trader","MOCKEXEC00001180"
"169.46","SELL","USD","AAPL","T001181","2026-02-18","Trade","NYSE","25","225.67","5641.75","0.07","1.43","USD","167.96","228.77","ORD0001181","2026-02-18 14:34:06","LMT","mock-trader","MOCKEXEC00001181"
"31.13","SELL","USD","AAPL","T001182","2026-02-18","Trade","ARCA","20","239.01","4780.2","0.23","0.84","USD","30.06","246.19","ORD0001182","2026-02-18 11:30:25","MKT","mock-trader","MOCKEXEC00001182"
"105.21","BUY","USD","NVDA","T001183","2026-02-18","Trade","NYSE","1","112.96","112.96","2.33","1.25","USD","-116.54","120.9","ORD0001183","2026-02-18 11:35:16","MKT","mock-trader","MOCKEXEC00001183"
"-63.88","SELL","USD","NVDA","T001184","2026-02-18","Trade","ARCA","2","144.77","289.54","0.52","0.55","USD","-64.95","147.99","ORD0001184","2026-02-18 09:23:03","MKT","mock-trader","MOCKEXEC00001184"
"260.19","SELL","USD","MSFT","T001185","2026-02-18","Trade","ARCA","50","351.77","17588.5","0.48","2.32","USD","257.39","357.54","ORD0001185","2026-02-18 15:13:12","LMT","mock-trader","MOCKEXEC00001185"
"13.93","SELL","USD","AMD","T001186","2026-02-18","Trade","ARCA","5","114.86","574.3","2.22","1.47","USD","10.24","119.72","ORD0001186","2026-02-18 10:42:08","MKT","mock-trader","MOCKEXEC00001186"
"-143.7","SELL","USD","MSFT","T001187","2026-02-18","Trade","NYSE","50","547.97","27398.5","0.58","1.66","USD","-145.94","546.59","ORD0001187","2026-02-18 14:23:14","LMT","mock-trader","MOCKEXEC00001187"
"210.32","SELL","USD","AAPL","T001188","2026-02-18","Trade","NASDAQ","1","260.95","260.95","0.1","1.76","USD","208.46","267.84","ORD0001188","2026-02-18 12:28:38","MKT","mock-trader","MOCKEXEC00001188"
"80.63","SELL","USD","AMD","T001189","2026-02-18","Trade","NASDAQ","3","136.2","408.6","1.74","0.42","USD","78.47","137.8","ORD0001189","2026-02-18 12:04:35","MKT","mock-trader","MOCKEXEC00001189"
"52.25","SELL","USD","AAPL","T001190","2026-02-18","Trade","NYSE","10","227.53","2275.3","2.82","2.31","USD","47.12","224.39","ORD0001190","2026-02-18 13:38:20","LMT","mock-trader","MOCKEXEC00001190"
"122.6","SELL","USD","AMD","T001191","2026-02-18","Trade","NYSE","50","238.52","11926.0","2.31","1.54","USD","118.75","238.03","ORD0001191","2026-02-18 09:44:31","MKT","mock-trader","MOCKEXEC00001191"
"-66.08","SELL","USD","META","T001192","2026-02-19","Trade","NASDAQ","10","678.33","6783.3","3.24","0.98","USD","-70.3","674.16","ORD0001192","2026-02-19 10:22:19","LMT","mock-trader","MOCKEXEC00001192"
"154.84","SELL","USD","GOOGL","T001193","2026-02-19","Trade","NYSE","10","239.66","2396.6","0.66","1.63","USD","152.55","244.25","ORD0001193","2026-02-19 15:49:44","MKT","mock-trader","MOCKEXEC00001193"
"110.87","SELL","USD","TSLA","T001194","2026-02-19","Trade","ARCA","5","409.61","2048.05","0.61","1.88","USD","108.38","415.63","ORD0001194","2026-02-19 14:15:13","LMT","mock-trader","MOCKEXEC00001194"
"62.17","SELL","USD","NVDA","T001195","2026-02-19","Trade","NASDAQ","15","119.65","1794.75","0.95","1.53","USD","59.69","120.25","ORD0001195","2026-02-19 10:16:38","LMT","mock-trader","MOCKEXEC00001195"
"-178.37","SELL","USD","MSFT","T001196","2026-02-19","Trade","ARCA","50","546.77","27338.5","0.66","2.35","USD","-181.38","553.61","ORD0001196","2026-02-19 12:59:35","LMT","mock-trader","MOCKEXEC00001196"
"33.85","BUY","USD","GOOGL","T001197","2026-02-19","Trade","NASDAQ","10","157.65","1576.5","3.44","1.59","USD","-1581.53","157.27","ORD0001197","2026-02-19 12:20:07","MKT","mock-trader","MOCKEXEC00001197"
"-144.86","SELL","USD","MSFT","T001198","2026-02-19","Trade","ARCA","1","358.21","358.21","0.38","1.45","USD","-146.69","352.25","ORD0001198","2026-02-19 09:59:47","LMT","mock-trader","MOCKEXEC00001198"
"-11.2","BUY","USD","AMZN","T001199","2026-02-19","Trade","ARCA","1","150.99","150.99","2.19","0.87","USD","-154.05","149.87","ORD0001199","2026-02-19 10:14:39","LMT","mock-trader","MOCKEXEC00001199"
"112.06","BUY","USD","TSLA","T001200","2026-02-19","Trade","ARCA","3","254.59","763.77","2.67","0.64","USD","-767.08","262.05","ORD0001200","2026-02-19 12:13:34","MKT","mock-trader","MOCKEXEC00001200"
"-117.72","BUY","USD","NVDA","T001201","2026-02-19","Trade","NASDAQ","10","164.76","1647.6","0.86","1.16","USD","-1649.62","160.63","ORD0001201","2026-02-19 13:10:57","MKT","mock-trader","MOCKEXEC00001201"
"37.6","BUY","USD","MSFT","T001202","2026-02-20","Trade","NASDAQ","5","484.23","2421.15","3.01","2.16","USD","-2426.32","483.37","ORD0001202","2026-02-20 10:06:54","LMT","mock-trader","MOCKEXEC00001202"
"12.24","SELL","USD","AMD","T001203","2026-02-20","Trade","ARCA","3","210.87","632.61","2.15","1.11","USD","8.98","211.53","ORD0001203","2026-02-20 11:13:56","LMT","mock-trader","MOCKEXEC00001203"
"73.78","SELL","USD","GOOGL","T001204","2026-02-20","Trade","ARCA","15","153.11","2296.65","1.36","1.24","USD","71.18","148.4","ORD0001204","2026-02-20 10:45:04","LMT","mock-trader","MOCKEXEC00001204"
"-3.37","SELL","USD","NVDA","T001205","2026-02-20","Trade","NYSE","5","117.43","587.15","0.96","1.86","USD","-6.19","123.81","ORD0001205","2026-02-20 12:38:56","MKT","mock-trader","MOCKEXEC00001205"
"-169.06","BUY","USD","AMZN","T001206","2026-02-20","Trade","NYSE","25","221.31","5532.75","2.0","1.06","USD","-5535.81","213.64","ORD0001206","2026-02-20 12:46:28","MKT","mock-trader","MOCKEXEC00001206"
"3.3","SELL","USD","GOOGL","T001207","2026-02-20","Trade","ARCA","15","184.28","2764.2","3.49","1.33","USD","-1.52","178.98","ORD0001207","2026-02-20 15:37:41","MKT","mock-trader","MOCKEXEC00001207"
"-65.71","SELL","USD","AAPL","T001208","2026-02-20","Trade","NASDAQ","15","203.36","3050.4","2.47","0.61","USD","-68.79","205.21","ORD0001208","2026-02-20 13:03:16","LMT","mock-trader","MOCKEXEC00001208"
"37.95","BUY","USD","AMD","T001209","2026-02-20","Trade","NASDAQ","10","121.25","1212.5","3.05","0.67","USD","-1216.22","119.8","ORD0001209","2026-02-20 10:33:04","MKT","mock-trader","MOCKEXEC00001209"
"291.01","BUY","USD","AAPL","T001210","2026-02-20","Trade","NASDAQ","10","238.36","2383.6","3.13","0.78","USD","-2387.51","243.28","ORD0001210","2026-02-20 10:38:45","MKT","mock-trader","MOCKEXEC00001210"
"209.53","SELL","USD","MSFT","T001211","2026-02-20","Trade","NASDAQ","3","456.79","1370.37","1.94","1.08","USD","206.51","451.65","ORD0001211","2026-02-20 13:59:11","MKT","mock-trader","MOCKEXEC00001211"
"70.46","SELL","USD","NVDA","T001212","2026-02-23","Trade","NASDAQ","50","165.06","8253.0","3.13","1.14","USD","66.19","159.73","ORD0001212","2026-02-23 12:09:54","MKT","mock-trader","MOCKEXEC00001212"
"-92.43","SELL","USD","TSLA","T001213","2026-02-23","Trade","NYSE","25","299.16","7479.0","0.38","0.81","USD","-93.62","301.4","ORD0001213","2026-02-23 15:02:04","MKT","mock-trader","MOCKEXEC00001213"
"64.98","SELL","USD","AAPL","T001214","2026-02-23","Trade","ARCA","25","237.02","5925.5","2.64","1.49","USD","60.85","240.64","ORD0001214","2026-02-23 13:29:41","LMT","mock-trader","MOCKEXEC00001214"
"-96.55","SELL","USD","GOOGL","T001215","2026-02-23","Trade","NYSE","50","290.53","14526.5","3.0","0.53","USD","-100.08","283.11","ORD0001215","2026-02-23 09:38:23","MKT","mock-trader","MOCKEXEC00001215"
"-168.06","SELL","USD","GOOGL","T001216","2026-02-23","Trade","NASDAQ","20","194.93","3898.6","1.71","1.94","USD","-171.71","190.38","ORD0001216","2026-02-23 15:40:48","LMT","mock-trader","MOCKEXEC00001216"
"-171.81","SELL","USD","NVDA","T001217","2026-02-23","Trade","NYSE","20","119.56","2391.2","0.79","1.24","USD","-173.84","119.35","ORD0001217","2026-02-23 12:45:29","MKT","mock-trader","MOCKEXEC00001217"
"-57.32","BUY","USD","AMD","T001218","2026-02-23","Trade","NYSE","20","243.94","4878.8","0.51","1.69","USD","-4881.0","237.56","ORD0001218","2026-02-23 11:03:22","LMT","mock-trader","MOCKEXEC00001218"
"76.28","BUY","USD","GOOGL","T001219","2026-02-23","Trade","NYSE","10","203.22","2032.2","1.67","2.35","USD","-2036.22","209.12","ORD0001219","2026-02-23 12:04:22","MKT","mock-trader","MOCKEXEC00001219"
"-107.03","BUY","USD","META","T001220","2026-02-23","Trade","NYSE","1","797.63","797.63","2.49","0.86","USD","-800.98","790.02","ORD0001220","2026-02-23 10:40:33","MKT","mock-trader","MOCKEXEC00001220"
"50.15","SELL","USD","AMD","T001221","2026-02-23","Trade","NYSE","15","219.78","3296.7","2.18","0.89","USD","47.08","212.59","ORD0001221","2026-02-23 13:37:07","LMT","mock-trader","MOCKEXEC00001221"
"103.18","BUY","USD","GOOGL","T001222","2026-02-23","Trade","ARCA","50","259.3","12965.0","0.24","2.43","USD","-12967.67","266.23","ORD0001222","2026-02-23 12:21:42","LMT","mock-trader","MOCKEXEC00001222"
"11.94","BUY","USD","NVDA","T001223","2026-02-24","Trade","ARCA","5","107.46","537.3","1.38","0.34","USD","-539.02","104.31","ORD0001223","2026-02-24 10:12:26","MKT","mock-trader","MOCKEXEC00001223"
"-52.43","BUY","USD","GOOGL","T001224","2026-02-24","Trade","ARCA","20","232.06","4641.2","3.21","0.25","USD","-4644.66","225.12","ORD0001224","2026-02-24 15:02:16","LMT","mock-trader","MOCKEXEC00001224"
"-97.2","BUY","USD","MSFT","T001225","2026-02-24","Trade","ARCA","25","533.03","13325.75","2.35","0.51","USD","-13328.61","535.74","ORD0001225","2026-02-24 15:57:21","LMT","mock-trader","MOCKEXEC00001225"
"270.66","SELL","USD","AMD","T001226","2026-02-24","Trade","ARCA","50","182.19","9109.5","2.6","1.67","USD","266.39","179.41","ORD0001226","2026-02-24 10:42:43","LMT","mock-trader","MOCKEXEC00001226"
"-43.91","BUY","USD","AMZN","T001227","2026-02-24","Trade","NYSE","1","193.39","193.39","3.29","0.93","USD","-197.61","200.95","ORD0001227","2026-02-24 12:03:37","LMT","mock-trader","MOCKEXEC00001227"
"211.74","BUY","USD","MSFT","T001228","2026-02-24","Trade","ARCA","50","394.73","19736.5","3.08","0.81","USD","-19740.39","401.21","ORD0001228","2026-02-24 09:44:34","LMT","mock-trader","MOCKEXEC00001228"
"-30.46","SELL","USD","GOOGL","T001229","2026-02-24","Trade","NYSE","20","234.99","4699.8","0.85","1.65","USD","-32.96","242.17","ORD0001229","2026-02-24 14:04:49","MKT","mock-trader","MOCKEXEC00001229"
"56.59","SELL","USD","GOOGL","T001230","2026-02-24","Trade","NYSE","20","173.11","3462.2","0.11","2.36","USD","54.12","167.0","ORD0001230","2026-02-24 10:31:56","LMT","mock-trader","MOCKEXEC00001230"
"-36.77","SELL","USD","AMZN","T001231","2026-02-24","Trade","NASDAQ","20","234.95","4699.0","2.14","0.62","USD","-39.53","229.5","ORD0001231","2026-02-24 11:37:24","MKT","mock-trader","MOCKEXEC00001231"
"34.27","BUY","USD","MSFT","T001232","2026-02-24","Trade","NASDAQ","1","380.01","380.01","3.14","2.35","USD","-385.5","384.71","ORD0001232","2026-02-24 14:41:09","MKT","mock-trader","MOCKEXEC00001232"
"241.79","BUY","USD","NVDA","T001233","2026-02-25","Trade","NASDAQ","3","123.31","369.93","2.38","2.32","USD","-374.63","126.51","ORD0001233","2026-02-25 14:36:05","MKT","mock-trader","MOCKEXEC00001233"
"111.43","SELL","USD","META","T001234","2026-02-25","Trade","NYSE","2","511.68","1023.36","3.46","1.63","USD","106.34","516.82","ORD0001234","2026-02-25 10:50:10","LMT","mock-trader","MOCKEXEC00001234"
"83.04","SELL","USD","MSFT","T001235","2026-02-25","Trade","NASDAQ","10","473.09","4730.9","2.91","0.89","USD","79.24","466.13","ORD0001235","2026-02-25 13:54:16","MKT","mock-trader","MOCKEXEC00001235"
"246.08","BUY","USD","AMD","T001236","2026-02-25","Trade","NYSE","10","104.81","1048.1","2.33","1.81","USD","-1052.24","109.77","ORD0001236","2026-02-25 11:32:19","LMT","mock-trader","MOCKEXEC00001236"
"-74.73","BUY","USD","GOOGL","T001237","2026-02-25","Trade","NASDAQ","10","249.94","2499.4","1.61","1.83","USD","-2502.84","242.53","ORD0001237","2026-02-25 09:37:56","MKT","mock-trader","MOCKEXEC00001237"
"-143.28","SELL","USD","MSFT","T001238","2026-02-25","Trade","NYSE","3","379.87","1139.61","2.7","1.8","USD","-147.78","381.14","ORD0001238","2026-02-25 14:30:27","MKT","mock-trader","MOCKEXEC00001238"
"2.1","BUY","USD","META","T001239","2026-02-25","Trade","NYSE","25","696.85","17421.25","1.37","1.03","USD","-17423.65","689.63","ORD0001239","2026-02-25 15:54:51","LMT","mock-trader","MOCKEXEC00001239"
"18.74","SELL","USD","NVDA","T001240","2026-02-25","Trade","NYSE","25","152.67","3816.75","2.48","0.98","USD","15.28","146.8","ORD0001240","2026-02-25 11:47:45","LMT","mock-trader","MOCKEXEC00001240"
"27.9","BUY","USD","NVDA","T001241","2026-02-25","Trade","ARCA","3","176.34","529.02","1.7","2.47","USD","-533.19","170.71","ORD0001241","2026-02-25 10:15:32","LMT","mock-trader","MOCKEXEC00001241"
"205.43","BUY","USD","META","T001242","2026-02-25","Trade","NASDAQ","3","625.36","1876.08","2.21","1.85","USD","-1880.14","630.16","ORD0001242","2026-02-25 11:21:00","LMT","mock-trader","MOCKEXEC00001242"
"149.33","BUY","USD","AMZN","T001243","2026-02-25","Trade","ARCA","3","183.25","549.75","2.58","1.39","USD","-553.72","183.74","ORD0001243","2026-02-25 13:37:39","MKT","mock-trader","MOCKEXEC00001243"
"115.49","BUY","USD","GOOGL","T001244","2026-02-25","Trade","NYSE","25","294.62","7365.5","1.02","2.49","USD","-7369.01","293.92","ORD0001244","2026-02-25 11:21:01","MKT","mock-trader","MOCKEXEC00001244"
"124.38","SELL","USD","AMD","T001245","2026-02-25","Trade","ARCA","25","237.12","5928.0","0.81","0.96","USD","122.61","238.57","ORD0001245","2026-02-25 12:16:19","MKT","mock-trader","MOCKEXEC00001245"
"-65.39","SELL","USD","META","T001246","2026-02-26","Trade","NASDAQ","10","501.29","5012.9","0.78","2.1","USD","-68.27","497.11","ORD0001246","2026-02-26 09:27:03","LMT","mock-trader","MOCKEXEC00001246"
"186.38","BUY","USD","GOOGL","T001247","2026-02-26","Trade","ARCA","50","280.28","14014.0","2.68","2.02","USD","-14018.7","284.58","ORD0001247","2026-02-26 14:03:31","MKT","mock-trader","MOCKEXEC00001247"
"14.51","BUY","USD","META","T001248","2026-02-26","Trade","NASDAQ","5","777.69","3888.45","2.54","0.65","USD","-3891.64","780.19","ORD0001248","2026-02-26 09:43:27","LMT","mock-trader","MOCKEXEC00001248"
"285.54","SELL","USD","AMZN","T001249","2026-02-26","Trade","NYSE","1","159.95","159.95","2.56","0.63","USD","282.35","156.63","ORD0001249","2026-02-26 11:26:10","MKT","mock-trader","MOCKEXEC00001249"
"-35.61","SELL","USD","NVDA","T001250","2026-02-26","Trade","NASDAQ","2","161.21","322.42","3.49","1.81","USD","-40.91","163.43","ORD0001250","2026-02-26 09:09:55","MKT","mock-trader","MOCKEXEC00001250"
"-123.31","BUY","USD","AMZN","T001251","2026-02-26","Trade","ARCA","10","246.51","2465.1","1.58","0.52","USD","-2467.2","250.77","ORD0001251","2026-02-26 15:34:29","MKT","mock-trader","MOCKEXEC00001251"
"-133.98","SELL","USD","AMD","T001252","2026-02-26","Trade","ARCA","2","153.44","306.88","0.62","2.06","USD","-136.66","154.16","ORD0001252","2026-02-26 11:46:01","MKT","mock-trader","MOCKEXEC00001252"
"81.04","BUY","USD","MSFT","T001253","2026-02-26","Trade","NASDAQ","3","418.42","1255.26","2.41","0.69","USD","-1258.36","426.28","ORD0001253","2026-02-26 15:40:22","LMT","mock-trader","MOCKEXEC00001253"
"207.93","SELL","USD","GOOGL","T001254","2026-02-26","Trade","ARCA","2","271.09","542.18","1.41","0.63","USD","205.89","273.03","ORD0001254","2026-02-26 12:49:37","MKT","mock-trader","MOCKEXEC00001254"
"4.44","SELL","USD","AMD","T001255","2026-02-27","Trade","ARCA","20","148.33","2966.6","3.15","0.33","USD","0.96","143.34","ORD0001255","2026-02-27 13:22:01","LMT","mock-trader","MOCKEXEC00001255"
"251.0","SELL","USD","TSLA","T001256","2026-02-27","Trade","ARCA","1","443.92","443.92","0.3","2.15","USD","248.55","445.43","ORD0001256","2026-02-27 13:49:07","MKT","mock-trader","MOCKEXEC00001256"
"182.95","SELL","USD","AMD","T001257","2026-02-27","Trade","NASDAQ","50","249.42","12471.0","1.19","1.66","USD","180.1","241.94","ORD0001257","2026-02-27 15:40:20","LMT","mock-trader","MOCKEXEC00001257"
"-152.54","SELL","USD","GOOGL","T001258","2026-02-27","Trade","NASDAQ","1","278.8","278.8","1.05","2.42","USD","-156.01","272.99","ORD0001258","2026-02-27 11:52:24","LMT","mock-trader","MOCKEXEC00001258"
"1.89","SELL","USD","TSLA","T001259","2026-02-27","Trade","NASDAQ","2","445.03","890.06","1.74","1.91","USD","-1.76","443.54","ORD0001259","2026-02-27 09:18:20","MKT","mock-trader","MOCKEXEC00001259"
"307.32","BUY","USD","NVDA","T001260","2026-02-27","Trade","NASDAQ","15","109.07","1636.05","2.69","0.97","USD","-1639.71","103.05","ORD0001260","2026-02-27 13:13:37","MKT","mock-trader","MOCKEXEC00001260"
"95.1","SELL","USD","AAPL","T001261","2026-02-27","Trade","ARCA","10","258.9","2589.0","1.89","2.18","USD","91.03","263.89","ORD0001261","2026-02-27 13:59:36","LMT","mock-trader","MOCKEXEC00001261"
"-159.63","BUY","USD","META","T001262","2026-02-27","Trade","NASDAQ","20","725.69","14513.8","3.22","1.2","USD","-14518.22","728.22","ORD0001262","2026-02-27 11:47:03","MKT","mock-trader","MOCKEXEC00001262"
"-158.74","BUY","USD","MSFT","T001263","2026-02-27","Trade","NASDAQ","2","528.28","1056.56","2.83","1.16","USD","-1060.55","521.99","ORD0001263","2026-02-27 10:37:35","MKT","mock-trader","MOCKEXEC00001263"
"-171.58","BUY","USD","NVDA","T001264","2026-03-02","Trade","ARCA","2","150.47","300.94","0.76","1.84","USD","-303.54","145.18","ORD0001264","2026-03-02 15:55:43","MKT","mock-trader","MOCKEXEC00001264"
"108.35","BUY","USD","GOOGL","T001265","2026-03-02","Trade","NASDAQ","50","281.26","14063.0","2.55","2.14","USD","-14067.69","281.14","ORD0001265","2026-03-02 10:03:27","LMT","mock-trader","MOCKEXEC00001265"
"306.86","SELL","USD","AMZN","T001266","2026-03-02","Trade","NASDAQ","15","163.62","2454.3","1.44","1.55","USD","303.87","159.93","ORD0001266","2026-03-02 13:54:56","LMT","mock-trader","MOCKEXEC00001266"
"22.77","SELL","USD","META","T001267","2026-03-02","Trade","ARCA","1","793.34","793.34","0.67","0.82","USD","21.28","787.39","ORD0001267","2026-03-02 10:52:41","MKT","mock-trader","MOCKEXEC00001267"
"-55.0","BUY","USD","AMZN","T001268","2026-03-02","Trade","ARCA","1","173.09","173.09","0.16","0.41","USD","-173.66","171.41","ORD0001268","2026-03-02 10:17:07","MKT","mock-trader","MOCKEXEC00001268"
"-9.32","BUY","USD","AMZN","T001269","2026-03-02","Trade","NYSE","1","191.34","191.34","1.56","0.58","USD","-193.48","193.71","ORD0001269","2026-03-02 09:55:23","LMT","mock-trader","MOCKEXEC00001269"
"248.88","SELL","USD","GOOGL","T001270","2026-03-02","Trade","NASDAQ","25","249.47","6236.75","0.51","1.13","USD","247.24","244.48","ORD0001270","2026-03-02 14:54:42","LMT","mock-trader","MOCKEXEC00001270"
"-178.47","SELL","USD","AMD","T001271","2026-03-02","Trade","ARCA","20","107.34","2146.8","1.62","0.39","USD","-180.48","113.56","ORD0001271","2026-03-02 09:47:29","LMT","mock-trader","MOCKEXEC00001271"
"-109.65","SELL","USD","AMZN","T001272","2026-03-02","Trade","NASDAQ","2","238.13","476.26","0.98","1.21","USD","-111.84","230.35","ORD0001272","2026-03-02 15:48:33","LMT","mock-trader","MOCKEXEC00001272"
"164.22","SELL","USD","TSLA","T001273","2026-03-02","Trade","NYSE","5","339.87","1699.35","0.96","1.32","USD","161.94","338.12","ORD0001273","2026-03-02 10:30:14","MKT","mock-trader","MOCKEXEC00001273"
"313.25","BUY","USD","AAPL","T001274","2026-03-02","Trade","ARCA","25","226.92","5673.0","1.93","1.69","USD","-5676.62","221.24","ORD0001274","2026-03-02 11:46:23","LMT","mock-trader","MOCKEXEC00001274"
"103.58","SELL","USD","META","T001275","2026-03-03","Trade","ARCA","20","506.09","10121.8","3.1","0.79","USD","99.69","502.62","ORD0001275","2026-03-03 15:15:48","MKT","mock-trader","MOCKEXEC00001275"
"-16.31","BUY","USD","AMD","T001276","2026-03-03","Trade","NASDAQ","3","243.79","731.37","2.41","1.5","USD","-735.28","244.88","ORD0001276","2026-03-03 09:30:12","MKT","mock-trader","MOCKEXEC00001276"
"-44.03","SELL","USD","META","T001277","2026-03-03","Trade","NYSE","10","708.81","7088.1","0.7","1.15","USD","-45.88","714.28","ORD0001277","2026-03-03 13:36:36","MKT","mock-trader","MOCKEXEC00001277"
"-17.64","SELL","USD","GOOGL","T001278","2026-03-03","Trade","NASDAQ","5","283.54","1417.7","3.0","1.05","USD","-21.69","287.68","ORD0001278","2026-03-03 13:21:31","LMT","mock-trader","MOCKEXEC00001278"
"-111.5","BUY","USD","AAPL","T001279","2026-03-03","Trade","NASDAQ","2","239.56","479.12","1.44","0.35","USD","-480.91","239.03","ORD0001279","2026-03-03 13:47:04","LMT","mock-trader","MOCKEXEC00001279"
"-131.57","BUY","USD","NVDA","T001280","2026-03-03","Trade","NYSE","5","117.48","587.4","0.9","2.32","USD","-590.62","116.03","ORD0001280","2026-03-03 11:41:37","MKT","mock-trader","MOCKEXEC00001280"
"-133.24","SELL","USD","MSFT","T001281","2026-03-03","Trade","NYSE","5","472.35","2361.75","0.88","1.6","USD","-135.72","476.29","ORD0001281","2026-03-03 15:15:02","LMT","mock-trader","MOCKEXEC00001281"
"-71.82","BUY","USD","NVDA","T001282","2026-03-04","Trade","ARCA","25","165.37","4134.25","1.44","0.99","USD","-4136.68","158.79","ORD0001282","2026-03-04 13:14:59","LMT","mock-trader","MOCKEXEC00001282"
"196.66","SELL","USD","AAPL","T001283","2026-03-04","Trade","ARCA","15","265.43","3981.45","1.95","0.62","USD","194.09","269.25","ORD0001283","2026-03-04 14:36:01","LMT","mock-trader","MOCKEXEC00001283"
"-157.4","BUY","USD","AMZN","T001284","2026-03-04","Trade","ARCA","3","173.42","520.26","0.63","2.11","USD","-523.0","168.58","ORD0001284","2026-03-04 11:29:03","LMT","mock-trader","MOCKEXEC00001284"
"276.12","BUY","USD","AMZN","T001285","2026-03-04","Trade","NYSE","1","161.79","161.79","0.71","1.66","USD","-164.16","167.87","ORD0001285","2026-03-04 11:53:43","MKT","mock-trader","MOCKEXEC00001285"
"-94.31","BUY","USD","MSFT","T001286","2026-03-04","Trade","NASDAQ","25","425.62","10640.5","0.12","0.64","USD","-10641.26","431.11","ORD0001286","2026-03-04 12:06:05","MKT","mock-trader","MOCKEXEC00001286"
"-65.37","BUY","USD","MSFT","T001287","2026-03-04","Trade","ARCA","20","371.69","7433.8","2.84","0.85","USD","-7437.49","372.01","ORD0001287","2026-03-04 13:56:43","LMT","mock-trader","MOCKEXEC00001287"
"-72.21","BUY","USD","AMD","T001288","2026-03-04","Trade","NYSE","50","199.08","9954.0","1.57","0.64","USD","-9956.21","204.47","ORD0001288","2026-03-04 12:17:20","MKT","mock-trader","MOCKEXEC00001288"
"206.28","BUY","USD","AAPL","T001289","2026-03-04","Trade","NASDAQ","20","220.69","4413.8","1.63","0.45","USD","-4415.88","221.99","ORD0001289","2026-03-04 15:44:08","MKT","mock-trader","MOCKEXEC00001289"
"110.33","SELL","USD","MSFT","T001290","2026-03-04","Trade","NASDAQ","20","531.87","10637.4","2.58","0.55","USD","107.2","532.16","ORD0001290","2026-03-04 13:56:14","MKT","mock-trader","MOCKEXEC00001290"
"-138.22","BUY","USD","AAPL","T001291","2026-03-04","Trade","NASDAQ","5","237.73","1188.65","1.84","0.46","USD","-1190.95","233.91","ORD0001291","2026-03-04 13:08:52","MKT","mock-trader","MOCKEXEC00001291"
"215.01","SELL","USD","GOOGL","T001292","2026-03-04","Trade","ARCA","5","170.96","854.8","2.45","0.45","USD","212.11","165.33","ORD0001292","2026-03-04 12:04:27","MKT","mock-trader","MOCKEXEC00001292"
"316.38","SELL","USD","TSLA","T001293","2026-03-04","Trade","ARCA","3","386.27","1158.81","1.18","0.32","USD","314.88","378.45","ORD0001293","2026-03-04 09:49:42","MKT","mock-trader","MOCKEXEC00001293"
"191.1","BUY","USD","AAPL","T001294","2026-03-04","Trade","NYSE","15","211.54","3173.1","2.23","0.43","USD","-3175.76","214.55","ORD0001294","2026-03-04 12:51:06","LMT","mock-trader","MOCKEXEC00001294"
"-23.58","BUY","USD","AAPL","T001295","2026-03-04","Trade","NYSE","3","269.19","807.57","2.35","2.04","USD","-811.96","269.25","ORD0001295","2026-03-04 11:48:18","MKT","mock-trader","MOCKEXEC00001295"
"275.13","SELL","USD","NVDA","T001296","2026-03-05","Trade","NASDAQ","10","139.29","1392.9","0.27","0.65","USD","274.21","143.5","ORD0001296","2026-03-05 13:39:50","LMT","mock-trader","MOCKEXEC00001296"
"53.66","SELL","USD","GOOGL","T001297","2026-03-05","Trade","ARCA","1","226.07","226.07","0.15","0.36","USD","53.15","228.66","ORD0001297","2026-03-05 10:24:22","LMT","mock-trader","MOCKEXEC00001297"
"-105.02","SELL","USD","MSFT","T001298","2026-03-05","Trade","NASDAQ","50","405.02","20251.0","1.32","0.53","USD","-106.87","403.63","ORD0001298","2026-03-05 15:17:32","LMT","mock-trader","MOCKEXEC00001298"
"-94.88","BUY","USD","TSLA","T001299","2026-03-05","Trade","NASDAQ","15","312.03","4680.45","2.02","1.89","USD","-4684.36","312.87","ORD0001299","2026-03-05 09:40:30","LMT","mock-trader","MOCKEXEC00001299"
"127.1","BUY","USD","AMZN","T001300","2026-03-05","Trade","ARCA","20","210.21","4204.2","1.61","1.05","USD","-4206.86","218.19","ORD0001300","2026-03-05 15:39:49","MKT","mock-trader","MOCKEXEC00001300"
"-156.51","BUY","USD","NVDA","T001301","2026-03-05","Trade","ARCA","1","121.42","121.42","0.43","1.13","USD","-122.98","126.78","ORD0001301","2026-03-05 09:56:35","MKT","mock-trader","MOCKEXEC00001301"
"56.82","SELL","USD","META","T001302","2026-03-05","Trade","ARCA","3","664.24","1992.72","3.08","0.81","USD","52.93","659.34","ORD0001302","2026-03-05 14:48:12","MKT","mock-trader","MOCKEXEC00001302"
"-109.25","BUY","USD","META","T001303","2026-03-06","Trade","ARCA","3","701.9","2105.7","1.4","1.78","USD","-2108.88","705.52","ORD0001303","2026-03-06 13:36:41","LMT","mock-trader","MOCKEXEC00001303"
"259.72","SELL","USD","GOOGL","T001304","2026-03-06","Trade","NASDAQ","3","153.11","459.33","2.65","0.54","USD","256.53","156.67","ORD0001304","2026-03-06 15:33:27","MKT","mock-trader","MOCKEXEC00001304"
"-159.61","SELL","USD","META","T001305","2026-03-06","Trade","NYSE","2","638.59","1277.18","1.37","2.38","USD","-163.36","640.7","ORD0001305","2026-03-06 10:22:48","LMT","mock-trader","MOCKEXEC00001305"
"180.56","BUY","USD","AAPL","T001306","2026-03-06","Trade","ARCA","20","255.21","5104.2","1.29","1.47","USD","-5106.96","250.2","ORD0001306","2026-03-06 10:55:58","MKT","mock-trader","MOCKEXEC00001306"
"216.05","SELL","USD","MSFT","T001307","2026-03-06","Trade","NASDAQ","20","411.55","8231.0","3.02","1.4","USD","211.63","418.91","ORD0001307","2026-03-06 13:32:58","MKT","mock-trader","MOCKEXEC00001307"
"70.48","SELL","USD","MSFT","T001308","2026-03-06","Trade","ARCA","5","461.22","2306.1","0.62","2.46","USD","67.4","458.52","ORD0001308","2026-03-06 10:29:39","MKT","mock-trader","MOCKEXEC00001308"
"-151.24","BUY","USD","TSLA","T001309","2026-03-06","Trade","NYSE","10","387.37","3873.7","2.99","0.79","USD","-3877.48","394.03","ORD0001309","2026-03-06 10:48:52","MKT","mock-trader","MOCKEXEC00001309"
"-69.06","SELL","USD","META","T001310","2026-03-06","Trade","NYSE","2","618.42","1236.84","0.49","0.48","USD","-70.03","611.93","ORD0001310","2026-03-06 13:29:33","MKT","mock-trader","MOCKEXEC00001310"
"135.44","BUY","USD","AAPL","T001311","2026-03-06","Trade","NYSE","5","241.53","1207.65","0.69","0.74","USD","-1209.08","240.01","ORD0001311","2026-03-06 11:14:02","MKT","mock-trader","MOCKEXEC00001311"
"300.85","BUY","USD","MSFT","T001312","2026-03-06","Trade","ARCA","50","449.33","22466.5","3.47","0.46","USD","-22470.43","456.7","ORD0001312","2026-03-06 15:26:49","MKT","mock-trader","MOCKEXEC00001312"
"318.63","BUY","USD","AAPL","T001313","2026-03-06","Trade","ARCA","5","257.42","1287.1","0.1","0.49","USD","-1287.69","261.88","ORD0001313","2026-03-06 09:35:08","MKT","mock-trader","MOCKEXEC00001313"
"171.42","SELL","USD","AMZN","T001314","2026-03-06","Trade","NYSE","15","197.23","2958.45","0.92","0.89","USD","169.61","204.89","ORD0001314","2026-03-06 09:46:58","MKT","mock-trader","MOCKEXEC00001314"
"-151.03","SELL","USD","GOOGL","T001315","2026-03-09","Trade","ARCA","15","170.09","2551.35","1.09","0.41","USD","-152.53","164.06","ORD0001315","2026-03-09 13:40:49","LMT","mock-trader","MOCKEXEC00001315"
"84.94","SELL","USD","MSFT","T001316","2026-03-09","Trade","ARCA","5","396.27","1981.35","1.2","0.31","USD","83.43","390.5","ORD0001316","2026-03-09 12:12:10","MKT","mock-trader","MOCKEXEC00001316"
"-42.49","BUY","USD","AMZN","T001317","2026-03-09","Trade","ARCA","2","174.01","348.02","1.18","0.42","USD","-349.62","170.09","ORD0001317","2026-03-09 09:44:47","LMT","mock-trader","MOCKEXEC00001317"
"135.24","SELL","USD","NVDA","T001318","2026-03-09","Trade","ARCA","1","166.37","166.37","2.72","1.01","USD","131.51","166.25","ORD0001318","2026-03-09 12:27:27","MKT","mock-trader","MOCKEXEC00001318"
"243.27","BUY","USD","MSFT","T001319","2026-03-09","Trade","NASDAQ","3","435.3","1305.9","3.29","2.37","USD","-1311.56","441.3","ORD0001319","2026-03-09 09:33:56","LMT","mock-trader","MOCKEXEC00001319"
"201.37","SELL","USD","GOOGL","T001320","2026-03-09","Trade","NASDAQ","2","272.73","545.46","1.35","1.79","USD","198.23","265.89","ORD0001320","2026-03-09 14:13:06","MKT","mock-trader","MOCKEXEC00001320"
"34.9","SELL","USD","META","T001321","2026-03-09","Trade","NYSE","15","515.62","7734.3","1.93","1.23","USD","31.74","509.36","ORD0001321","2026-03-09 14:54:31","MKT","mock-trader","MOCKEXEC00001321"
"-159.83","SELL","USD","AMZN","T001322","2026-03-09","Trade","NASDAQ","10","224.97","2249.7","0.85","2.27","USD","-162.95","217.05","ORD0001322","2026-03-09 13:28:49","LMT","mock-trader","MOCKEXEC00001322"
"276.36","BUY","USD","META","T001323","2026-03-09","Trade","NYSE","25","758.85","18971.25","2.58","1.44","USD","-18975.27","757.37","ORD0001323","2026-03-09 10:14:41","MKT","mock-trader","MOCKEXEC00001323"
"-170.97","SELL","USD","MSFT","T001324","2026-03-10","Trade","NYSE","25","488.22","12205.5","2.88","1.39","USD","-175.24","496.11","ORD0001324","2026-03-10 13:45:04","LMT","mock-trader","MOCKEXEC00001324"
"111.45","BUY","USD","NVDA","T001325","2026-03-10","Trade","ARCA","25","179.35","4483.75","0.58","1.95","USD","-4486.28","182.65","ORD0001325","2026-03-10 13:40:26","LMT","mock-trader","MOCKEXEC00001325"
"-32.23","SELL","USD","META","T001326","2026-03-10","Trade","NYSE","2","766.75","1533.5","1.87","1.07","USD","-35.17","764.9","ORD0001326","2026-03-10 13:15:09","MKT","mock-trader","MOCKEXEC00001326"
"104.74","BUY","USD","META","T001327","2026-03-10","Trade","NASDAQ","50","766.2","38310.0","2.77","2.18","USD","-38314.95","773.45","ORD0001327","2026-03-10 10:06:11","LMT","mock-trader","MOCKEXEC00001327"
"300.31","SELL","USD","NVDA","T001328","2026-03-10","Trade","NYSE","20","145.11","2902.2","0.19","1.65","USD","298.47","137.48","ORD0001328","2026-03-10 13:30:09","MKT","mock-trader","MOCKEXEC00001328"
"-93.04","SELL","USD","AMD","T001329","2026-03-10","Trade","NASDAQ","1","196.29","196.29","0.76","1.51","USD","-95.31","204.21","ORD0001329","2026-03-10 10:33:38","LMT","mock-trader","MOCKEXEC00001329"
"237.99","BUY","USD","AMZN","T001330","2026-03-11","Trade","NASDAQ","50","225.7","11285.0","3.43","2.11","USD","-11290.54","232.06","ORD0001330","2026-03-11 12:56:42","MKT","mock-trader","MOCKEXEC00001330"
"244.49","SELL","USD","GOOGL","T001331","2026-03-11","Trade","ARCA","1","232.39","232.39","0.52","1.58","USD","242.39","230.13","ORD0001331","2026-03-11 14:09:27","LMT","mock-trader","MOCKEXEC00001331"
"135.18","SELL","USD","MSFT","T001332","2026-03-11","Trade","ARCA","20","418.94","8378.8","3.23","0.74","USD","131.21","419.93","ORD0001332","2026-03-11 15:27:06","MKT","mock-trader","MOCKEXEC00001332"
"195.21","SELL","USD","AMZN","T001333","2026-03-11","Trade","ARCA","15","248.05","3720.75","0.88","0.68","USD","193.65","244.32","ORD0001333","2026-03-11 13:09:15","LMT","mock-trader","MOCKEXEC00001333"
"-97.88","BUY","USD","META","T001334","2026-03-11","Trade","NYSE","1","749.76","749.76","2.63","0.25","USD","-752.64","752.44","ORD0001334","2026-03-11 13:27:38","LMT","mock-trader","MOCKEXEC00001334"
"201.63","BUY","USD","MSFT","T001335","2026-03-11","Trade","NASDAQ","2","516.74","1033.48","1.76","0.42","USD","-1035.66","519.43","ORD0001335","2026-03-11 15:39:21","MKT","mock-trader","MOCKEXEC00001335"
"144.14","SELL","USD","MSFT","T001336","2026-03-11","Trade","NYSE","50","361.2","18060.0","0.28","1.67","USD","142.19","354.37","ORD0001336","2026-03-11 14:20:03","LMT","mock-trader","MOCKEXEC00001336"
"133.49","BUY","USD","NVDA","T001337","2026-03-11","Trade","NYSE","25","151.37","3784.25","0.18","1.08","USD","-3785.51","153.57","ORD0001337","2026-03-11 11:01:57","LMT","mock-trader","MOCKEXEC00001337"
"177.16","SELL","USD","AMD","T001338","2026-03-11","Trade","NASDAQ","20","124.35","2487.0","1.57","0.56","USD","175.03","122.8","ORD0001338","2026-03-11 15:26:42","MKT","mock-trader","MOCKEXEC00001338"
"192.93","BUY","USD","TSLA","T001339","2026-03-11","Trade","NASDAQ","50","409.73","20486.5","1.72","1.66","USD","-20489.88","409.32","ORD0001339","2026-03-11 12:59:03","MKT","mock-trader","MOCKEXEC00001339"
"157.32","BUY","USD","META","T001340","2026-03-11","Trade","NASDAQ","20","780.97","15619.4","0.92","2.43","USD","-15622.75","776.15","ORD0001340","2026-03-11 12:14:05","LMT","mock-trader","MOCKEXEC00001340"
"20.66","BUY","USD","NVDA","T001341","2026-03-12","Trade","NASDAQ","15","173.27","2599.05","1.64","2.34","USD","-2603.03","172.7","ORD0001341","2026-03-12 10:54:57","MKT","mock-trader","MOCKEXEC00001341"
"-70.56","BUY","USD","MSFT","T001342","2026-03-12","Trade","NYSE","1","425.97","425.97","1.48","2.11","USD","-429.56","433.64","ORD0001342","2026-03-12 11:08:29","LMT","mock-trader","MOCKEXEC00001342"
"-142.83","BUY","USD","GOOGL","T001343","2026-03-12","Trade","ARCA","5","182.74","913.7","2.34","0.92","USD","-916.96","178.97","ORD0001343","2026-03-12 09:46:10","LMT","mock-trader","MOCKEXEC00001343"
"-158.5","BUY","USD","AAPL","T001344","2026-03-12","Trade","NASDAQ","20","220.58","4411.6","2.86","1.22","USD","-4415.68","217.14","ORD0001344","2026-03-12 09:15:28","LMT","mock-trader","MOCKEXEC00001344"
"283.84","SELL","USD","MSFT","T001345","2026-03-12","Trade","NASDAQ","25","456.84","11421.0","3.17","1.92","USD","278.75","456.83","ORD0001345","2026-03-12 13:10:58","MKT","mock-trader","MOCKEXEC00001345"
"267.13","BUY","USD","AAPL","T001346","2026-03-12","Trade","NYSE","2","261.47","522.94","2.06","2.11","USD","-527.11","255.11","ORD0001346","2026-03-12 10:16:33","MKT","mock-trader","MOCKEXEC00001346"
"33.01","SELL","USD","TSLA","T001347","2026-03-12","Trade","NASDAQ","25","296.77","7419.25","2.89","2.22","USD","27.9","297.4","ORD0001347","2026-03-12 09:54:32","LMT","mock-trader","MOCKEXEC00001347"
"195.14","BUY","USD","GOOGL","T001348","2026-03-12","Trade","ARCA","15","184.34","2765.1","3.36","0.3","USD","-2768.76","188.91","ORD0001348","2026-03-12 13:34:46","LMT","mock-trader","MOCKEXEC00001348"
"-149.46","BUY","USD","GOOGL","T001349","2026-03-12","Trade","NASDAQ","25","221.75","5543.75","3.01","1.37","USD","-5548.13","228.16","ORD0001349","2026-03-12 13:49:51","MKT","mock-trader","MOCKEXEC00001349"
"-137.82","BUY","USD","TSLA","T001350","2026-03-12","Trade","NASDAQ","20","358.12","7162.4","2.94","0.66","USD","-7166.0","360.19","ORD0001350","2026-03-12 11:43:10","LMT","mock-trader","MOCKEXEC00001350"
"43.64","BUY","USD","TSLA","T001351","2026-03-12","Trade","ARCA","15","357.81","5367.15","0.37","0.85","USD","-5368.37","358.92","ORD0001351","2026-03-12 14:04:33","MKT","mock-trader","MOCKEXEC00001351"
"197.48","SELL","USD","NVDA","T001352","2026-03-13","Trade","NYSE","20","177.51","3550.2","3.34","1.5","USD","192.64","178.06","ORD0001352","2026-03-13 14:17:15","LMT","mock-trader","MOCKEXEC00001352"
"-161.11","BUY","USD","AAPL","T001353","2026-03-13","Trade","ARCA","3","262.45","787.35","1.16","0.33","USD","-788.84","264.13","ORD0001353","2026-03-13 14:14:42","LMT","mock-trader","MOCKEXEC00001353"
"122.8","SELL","USD","META","T001354","2026-03-13","Trade","NYSE","3","589.44","1768.32","2.96","1.62","USD","118.22","590.3","ORD0001354","2026-03-13 09:41:05","LMT","mock-trader","MOCKEXEC00001354"
"40.7","SELL","USD","AMD","T001355","2026-03-13","Trade","NYSE","1","204.29","204.29","1.25","0.65","USD","38.8","210.61","ORD0001355","2026-03-13 12:28:24","MKT","mock-trader","MOCKEXEC00001355"
"210.12","BUY","USD","NVDA","T001356","2026-03-13","Trade","ARCA","25","121.99","3049.75","3.37","0.39","USD","-3053.51","124.04","ORD0001356","2026-03-13 12:31:39","LMT","mock-trader","MOCKEXEC00001356"
"179.27","BUY","USD","GOOGL","T001357","2026-03-13","Trade","ARCA","20","225.87","4517.4","0.54","2.13","USD","-4520.07","222.99","ORD0001357","2026-03-13 13:12:31","MKT","mock-trader","MOCKEXEC00001357"
"161.17","BUY","USD","TSLA","T001358","2026-03-13","Trade","NYSE","20","378.71","7574.2","2.77","1.08","USD","-7578.05","381.84","ORD0001358","2026-03-13 09:42:57","LMT","mock-trader","MOCKEXEC00001358"
"-117.59","SELL","USD","TSLA","T001359","2026-03-16","Trade","NYSE","1","256.13","256.13","0.98","1.47","USD","-120.04","260.58","ORD0001359","2026-03-16 11:54:23","LMT","mock-trader","MOCKEXEC00001359"
"-81.95","SELL","USD","NVDA","T001360","2026-03-16","Trade","NASDAQ","25","147.49","3687.25","1.24","2.08","USD","-85.27","144.2","ORD0001360","2026-03-16 14:15:40","LMT","mock-trader","MOCKEXEC00001360"
"270.76","BUY","USD","GOOGL","T001361","2026-03-16","Trade","ARCA","5","231.93","1159.65","2.0","0.48","USD","-1162.13","230.41","ORD0001361","2026-03-16 11:05:43","LMT","mock-trader","MOCKEXEC00001361"
"292.51","SELL","USD","NVDA","T001362","2026-03-16","Trade","ARCA","25","114.23","2855.75","1.36","2.43","USD","288.72","108.98","ORD0001362","2026-03-16 13:14:55","MKT","mock-trader","MOCKEXEC00001362"
"315.71","SELL","USD","TSLA","T001363","2026-03-16","Trade","NYSE","2","294.71","589.42","1.77","1.51","USD","312.43","292.97","ORD0001363","2026-03-16 11:01:41","LMT","mock-trader","MOCKEXEC00001363"
"197.99","SELL","USD","GOOGL","T001364","2026-03-16","Trade","ARCA","1","241.48","241.48","2.71","0.9","USD","194.38","237.67","ORD0001364","2026-03-16 09:12:19","MKT","mock-trader","MOCKEXEC00001364"
"-97.59","BUY","USD","MSFT","T001365","2026-03-16","Trade","NASDAQ","25","469.8","11745.0","0.7","2.12","USD","-11747.82","467.14","ORD0001365","2026-03-16 10:17:50","MKT","mock-trader","MOCKEXEC00001365"
"-17.38","BUY","USD","TSLA","T001366","2026-03-16","Trade","NASDAQ","20","311.52","6230.4","1.59","0.99","USD","-6232.98","308.76","ORD0001366","2026-03-16 09:13:46","LMT","mock-trader","MOCKEXEC00001366"
"295.31","SELL","USD","AMZN","T001367","2026-03-16","Trade","ARCA","25","222.78","5569.5","0.34","2.05","USD","292.92","221.94","ORD0001367","2026-03-16 11:02:01","LMT","mock-trader","MOCKEXEC00001367"
"216.23","BUY","USD","NVDA","T001368","2026-03-16","Trade","ARCA","10","176.03","1760.3","0.12","1.05","USD","-1761.47","175.34","ORD0001368","2026-03-16 13:33:07","LMT","mock-trader","MOCKEXEC00001368"
"0.49","BUY","USD","AAPL","T001369","2026-03-16","Trade","NASDAQ","25","200.47","5011.75","0.82","1.41","USD","-5013.98","201.39","ORD0001369","2026-03-16 15:22:25","MKT","mock-trader","MOCKEXEC00001369"
"-17.77","SELL","USD","TSLA","T001370","2026-03-16","Trade","NYSE","20","261.67","5233.4","2.71","1.39","USD","-21.87","266.35","ORD0001370","2026-03-16 12:34:28","LMT","mock-trader","MOCKEXEC00001370"
"311.58","SELL","USD","NVDA","T001371","2026-03-17","Trade","NYSE","15","140.82","2112.3","3.13","0.88","USD","307.57","142.93","ORD0001371","2026-03-17 14:37:27","LMT","mock-trader","MOCKEXEC00001371"
"299.0","BUY","USD","META","T001372","2026-03-17","Trade","NASDAQ","50","538.67","26933.5","3.19","2.43","USD","-26939.12","543.67","ORD0001372","2026-03-17 12:21:01","MKT","mock-trader","MOCKEXEC00001372"
"6.25","BUY","USD","AAPL","T001373","2026-03-17","Trade","NASDAQ","3","256.11","768.33","0.8","1.71","USD","-770.84","251.82","ORD0001373","2026-03-17 10:08:41","LMT","mock-trader","MOCKEXEC00001373"
"-10.04","BUY","USD","TSLA","T001374","2026-03-17","Trade","ARCA","5","251.11","1255.55","0.12","0.71","USD","-1256.38","253.24","ORD0001374","2026-03-17 13:47:11","MKT","mock-trader","MOCKEXEC00001374"
"82.4","SELL","USD","META","T001375","2026-03-17","Trade","ARCA","10","755.34","7553.4","1.34","1.57","USD","79.49","763.26","ORD0001375","2026-03-17 12:09:31","MKT","mock-trader","MOCKEXEC00001375"
"-33.67","SELL","USD","GOOGL","T001376","2026-03-17","Trade","ARCA","25","257.9","6447.5","1.45","1.93","USD","-37.05","251.98","ORD0001376","2026-03-17 15:32:47","MKT","mock-trader","MOCKEXEC00001376"
"-145.2","SELL","USD","TSLA","T001377","2026-03-17","Trade","ARCA","5","439.94","2199.7","0.76","2.08","USD","-148.04","443.26","ORD0001377","2026-03-17 15:52:06","MKT","mock-trader","MOCKEXEC00001377"
"-108.39","BUY","USD","AMZN","T001378","2026-03-17","Trade","ARCA","3","170.02","510.06","2.94","0.27","USD","-513.27","166.9","ORD0001378","2026-03-17 09:03:24","MKT","mock-trader","MOCKEXEC00001378"
"-78.02","SELL","USD","AMZN","T001379","2026-03-18","Trade","ARCA","10","198.95","1989.5","1.93","1.03","USD","-80.98","199.47","ORD0001379","2026-03-18 15:30:25","MKT","mock-trader","MOCKEXEC00001379"
"60.04","BUY","USD","AMD","T001380","2026-03-18","Trade","NASDAQ","3","234.98","704.94","1.12","1.93","USD","-707.99","232.79","ORD0001380","2026-03-18 14:17:30","LMT","mock-trader","MOCKEXEC00001380"
"-134.88","BUY","USD","NVDA","T001381","2026-03-18","Trade","ARCA","15","111.4","1671.0","2.86","2.17","USD","-1676.03","115.27","ORD0001381","2026-03-18 12:57:42","MKT","mock-trader","MOCKEXEC00001381"
"-89.17","SELL","USD","MSFT","T001382","2026-03-18","Trade","NASDAQ","1","459.87","459.87","1.54","0.52","USD","-91.23","459.37","ORD0001382","2026-03-18 09:29:43","MKT","mock-trader","MOCKEXEC00001382"
"283.04","BUY","USD","AMD","T001383","2026-03-18","Trade","NASDAQ","3","243.5","730.5","1.14","0.64","USD","-732.28","244.73","ORD0001383","2026-03-18 13:58:39","LMT","mock-trader","MOCKEXEC00001383"
"148.62","BUY","USD","NVDA","T001384","2026-03-18","Trade","NASDAQ","20","163.95","3279.0","2.05","1.69","USD","-3282.74","159.73","ORD0001384","2026-03-18 13:09:15","LMT","mock-trader","MOCKEXEC00001384"
"97.97","BUY","USD","TSLA","T001385","2026-03-18","Trade","ARCA","50","290.64","14532.0","1.08","1.19","USD","-14534.27","290.47","ORD0001385","2026-03-18 14:29:47","LMT","mock-trader","MOCKEXEC00001385"
"-170.22","SELL","USD","NVDA","T001386","2026-03-19","Trade","ARCA","10","119.77","1197.7","1.16","2.2","USD","-173.58","121.01","ORD0001386","2026-03-19 15:31:39","MKT","mock-trader","MOCKEXEC00001386"
"105.52","SELL","USD","NVDA","T001387","2026-03-19","Trade","NYSE","25","100.22","2505.5","1.54","0.61","USD","103.37","97.52","ORD0001387","2026-03-19 14:57:38","LMT","mock-trader","MOCKEXEC00001387"
"228.75","BUY","USD","MSFT","T001388","2026-03-19","Trade","NASDAQ","25","491.58","12289.5","0.48","2.39","USD","-12292.37","498.71","ORD0001388","2026-03-19 13:15:08","MKT","mock-trader","MOCKEXEC00001388"
"215.29","BUY","USD","MSFT","T001389","2026-03-19","Trade","ARCA","15","429.43","6441.45","3.02","1.48","USD","-6445.95","424.2","ORD0001389","2026-03-19 09:16:48","LMT","mock-trader","MOCKEXEC00001389"
"166.66","SELL","USD","AMD","T001390","2026-03-19","Trade","ARCA","15","202.54","3038.1","2.53","2.23","USD","161.9","205.22","ORD0001390","2026-03-19 11:11:15","LMT","mock-trader","MOCKEXEC00001390"
"308.99","BUY","USD","AAPL","T001391","2026-03-19","Trade","ARCA","5","201.21","1006.05","0.83","1.12","USD","-1008.0","194.52","ORD0001391","2026-03-19 13:54:50","LMT","mock-trader","MOCKEXEC00001391"
"255.91","SELL","USD","MSFT","T001392","2026-03-19","Trade","NASDAQ","2","419.38","838.76","3.34","2.21","USD","250.36","420.51","ORD0001392","2026-03-19 15:05:01","MKT","mock-trader","MOCKEXEC00001392"
"58.98","BUY","USD","TSLA","T001393","2026-03-19","Trade","NASDAQ","2","310.56","621.12","2.29","1.9","USD","-625.31","305.65","ORD0001393","2026-03-19 13:52:12","LMT","mock-trader","MOCKEXEC00001393"
"69.93","BUY","USD","AMD","T001394","2026-03-19","Trade","NASDAQ","5","203.02","1015.1","2.13","0.51","USD","-1017.74","201.39","ORD0001394","2026-03-19 14:09:46","MKT","mock-trader","MOCKEXEC00001394"
"196.33","BUY","USD","NVDA","T001395","2026-03-20","Trade","NASDAQ","25","132.81","3320.25","0.49","0.51","USD","-3321.25","137.15","ORD0001395","2026-03-20 14:05:07","LMT","mock-trader","MOCKEXEC00001395"
"-159.07","BUY","USD","GOOGL","T001396","2026-03-20","Trade","ARCA","3","286.99","860.97","2.16","0.32","USD","-863.45","281.17","ORD0001396","2026-03-20 11:42:47","LMT","mock-trader","MOCKEXEC00001396"
"105.94","BUY","USD","AMZN","T001397","2026-03-20","Trade","ARCA","5","153.7","768.5","1.51","1.01","USD","-771.02","154.28","ORD0001397","2026-03-20 14:11:29","LMT","mock-trader","MOCKEXEC00001397"
"-134.95","BUY","USD","MSFT","T001398","2026-03-20","Trade","NYSE","10","385.23","3852.3","0.08","1.51","USD","-3853.89","383.55","ORD0001398","2026-03-20 13:08:59","MKT","mock-trader","MOCKEXEC00001398"
"7.79","BUY","USD","TSLA","T001399","2026-03-20","Trade","ARCA","3","369.26","1107.78","0.06","2.1","USD","-1109.94","364.36","ORD0001399","2026-03-20 15:23:22","LMT","mock-trader","MOCKEXEC00001399"
"104.44","BUY","USD","MSFT","T001400","2026-03-20","Trade","NASDAQ","5","493.13","2465.65","1.21","2.0","USD","-2468.86","494.47","ORD0001400","2026-03-20 15:01:49","MKT","mock-trader","MOCKEXEC00001400"
"31.93","BUY","USD","AMD","T001401","2026-03-20","Trade","NASDAQ","3","141.32","423.96","1.26","0.98","USD","-426.2","139.19","ORD0001401","2026-03-20 11:48:59","MKT","mock-trader","MOCKEXEC00001401"
"209.26","SELL","USD","AAPL","T001402","2026-03-20","Trade","ARCA","2","262.17","524.34","0.09","2.48","USD","206.69","269.05","ORD0001402","2026-03-20 12:07:23","MKT","mock-trader","MOCKEXEC00001402"
"-149.85","BUY","USD","AMD","T001403","2026-03-20","Trade","ARCA","50","174.23","8711.5","2.1","0.39","USD","-8713.99","177.73","ORD0001403","2026-03-20 09:27:27","MKT","mock-trader","MOCKEXEC00001403"
"85.52","BUY","USD","AMZN","T001404","2026-03-23","Trade","ARCA","3","236.0","708.0","3.31","0.49","USD","-711.8","233.11","ORD0001404","2026-03-23 15:10:52","MKT","mock-trader","MOCKEXEC00001404"
"-117.65","SELL","USD","AMZN","T001405","2026-03-23","Trade","ARCA","1","174.97","174.97","2.16","2.29","USD","-122.1","173.46","ORD0001405","2026-03-23 12:36:58","LMT","mock-trader","MOCKEXEC00001405"
"5.44","SELL","USD","TSLA","T001406","2026-03-23","Trade","NASDAQ","10","374.58","3745.8","2.07","2.0","USD","1.37","372.15","ORD0001406","2026-03-23 11:27:53","MKT","mock-trader","MOCKEXEC00001406"
"225.04","SELL","USD","META","T001407","2026-03-23","Trade","ARCA","2","541.06","1082.12","1.62","0.26","USD","223.16","533.77","ORD0001407","2026-03-23 09:49:07","MKT","mock-trader","MOCKEXEC00001407"
"188.34","BUY","USD","AAPL","T001408","2026-03-23","Trade","NYSE","1","256.43","256.43","1.44","0.77","USD","-258.64","255.62","ORD0001408","2026-03-23 11:48:05","MKT","mock-trader","MOCKEXEC00001408"
"-131.29","BUY","USD","GOOGL","T001409","2026-03-23","Trade","ARCA","50","151.97","7598.5","2.54","1.07","USD","-7602.11","145.69","ORD0001409","2026-03-23 13:01:55","MKT","mock-trader","MOCKEXEC00001409"
"74.18","BUY","USD","TSLA","T001410","2026-03-23","Trade","NASDAQ","25","266.89","6672.25","1.43","0.48","USD","-6674.16","259.75","ORD0001410","2026-03-23 14:14:21","MKT","mock-trader","MOCKEXEC00001410"
"66.02","SELL","USD","META","T001411","2026-03-23","Trade","ARCA","50","786.17","39308.5","0.7","1.15","USD","64.17","780.0","ORD0001411","2026-03-23 10:01:01","LMT","mock-trader","MOCKEXEC00001411"
"158.18","SELL","USD","NVDA","T001412","2026-03-23","Trade","NASDAQ","50","168.75","8437.5","1.56","1.83","USD","154.79","170.29","ORD0001412","2026-03-23 12:01:13","MKT","mock-trader","MOCKEXEC00001412"
"-101.71","BUY","USD","TSLA","T001413","2026-03-23","Trade","NYSE","5","371.39","1856.95","2.83","2.36","USD","-1862.14","378.14","ORD0001413","2026-03-23 15:27:56","LMT","mock-trader","MOCKEXEC00001413"
"82.31","BUY","USD","NVDA","T001414","2026-03-23","Trade","NYSE","15","146.81","2202.15","2.91","1.82","USD","-2206.88","146.41","ORD0001414","2026-03-23 09:03:17","LMT","mock-trader","MOCKEXEC00001414"
"133.42","BUY","USD","GOOGL","T001415","2026-03-23","Trade","ARCA","10","294.76","2947.6","0.09","0.4","USD","-2948.09","288.62","ORD0001415","2026-03-23 12:37:31","LMT","mock-trader","MOCKEXEC00001415"
"-48.65","BUY","USD","META","T001416","2026-03-24","Trade","ARCA","1","724.71","724.71","0.83","1.98","USD","-727.52","725.54","ORD0001416","2026-03-24 15:45:36","LMT","mock-trader","MOCKEXEC00001416"
"173.86","SELL","USD","AAPL","T001417","2026-03-24","Trade","ARCA","5","246.74","1233.7","1.11","0.64","USD","172.11","242.83","ORD0001417","2026-03-24 13:32:02","LMT","mock-trader","MOCKEXEC00001417"
"139.44","SELL","USD","AMD","T001418","2026-03-24","Trade","NYSE","50","248.45","12422.5","2.27","0.7","USD","136.47","249.9","ORD0001418","2026-03-24 14:07:52","LMT","mock-trader","MOCKEXEC00001418"
"297.73","BUY","USD","META","T001419","2026-03-24","Trade","NYSE","20","772.42","15448.4","0.52","1.34","USD","-15450.26","779.66","ORD0001419","2026-03-24 12:30:36","MKT","mock-trader","MOCKEXEC00001419"
"-74.53","BUY","USD","AMZN","T001420","2026-03-24","Trade","NASDAQ","15","193.69","2905.35","2.41","1.41","USD","-2909.17","195.15","ORD0001420","2026-03-24 11:37:36","LMT","mock-trader","MOCKEXEC00001420"
"35.39","BUY","USD","AAPL","T001421","2026-03-24","Trade","NYSE","10","211.56","2115.6","3.46","1.74","USD","-2120.8","203.98","ORD0001421","2026-03-24 12:03:32","MKT","mock-trader","MOCKEXEC00001421"
"-100.82","BUY","USD","MSFT","T001422","2026-03-24","Trade","ARCA","20","360.98","7219.6","2.33","0.31","USD","-7222.24","365.83","ORD0001422","2026-03-24 14:16:06","MKT","mock-trader","MOCKEXEC00001422"
"-138.25","SELL","USD","TSLA","T001423","2026-03-25","Trade","NYSE","3","429.49","1288.47","1.56","0.3","USD","-140.11","434.87","ORD0001423","2026-03-25 13:40:37","MKT","mock-trader","MOCKEXEC00001423"
"-110.88","SELL","USD","MSFT","T001424","2026-03-25","Trade","ARCA","10","410.82","4108.2","2.65","1.27","USD","-114.8","416.9","ORD0001424","2026-03-25 11:33:32","MKT","mock-trader","MOCKEXEC00001424"
"89.55","SELL","USD","AMD","T001425","2026-03-25","Trade","NYSE","25","239.88","5997.0","0.22","0.31","USD","89.02","240.52","ORD0001425","2026-03-25 12:30:20","MKT","mock-trader","MOCKEXEC00001425"
"-30.22","BUY","USD","NVDA","T001426","2026-03-25","Trade","NYSE","20","145.07","2901.4","1.41","1.97","USD","-2904.78","147.76","ORD0001426","2026-03-25 10:32:57","LMT","mock-trader","MOCKEXEC00001426"
"-104.78","SELL","USD","NVDA","T001427","2026-03-25","Trade","NYSE","50","172.3","8615.0","2.54","1.13","USD","-108.45","179.39","ORD0001427","2026-03-25 14:59:54","MKT","mock-trader","MOCKEXEC00001427"
"-121.04","BUY","USD","META","T001428","2026-03-25","Trade","NASDAQ","15","568.8","8532.0","3.17","0.45","USD","-8535.62","570.1","ORD0001428","2026-03-25 09:22:27","LMT","mock-trader","MOCKEXEC00001428"
"266.88","BUY","USD","AMZN","T001429","2026-03-25","Trade","NYSE","25","178.41","4460.25","2.42","1.51","USD","-4464.18","175.74","ORD0001429","2026-03-25 12:22:06","LMT","mock-trader","MOCKEXEC00001429"
"283.11","SELL","USD","NVDA","T001430","2026-03-25","Trade","ARCA","1","170.78","170.78","2.46","0.89","USD","279.76","172.54","ORD0001430","2026-03-25 12:34:15","LMT","mock-trader","MOCKEXEC00001430"
"-23.8","BUY","USD","GOOGL","T001431","2026-03-25","Trade","NASDAQ","10","217.96","2179.6","0.23","0.28","USD","-2180.11","218.93","ORD0001431","2026-03-25 09:24:09","LMT","mock-trader","MOCKEXEC00001431"
"-179.83","SELL","USD","GOOGL","T001432","2026-03-26","Trade","ARCA","50","232.01","11600.5","3.39","2.41","USD","-185.63","236.47","ORD0001432","2026-03-26 11:34:25","MKT","mock-trader","MOCKEXEC00001432"
"17.59","SELL","USD","AAPL","T001433","2026-03-26","Trade","NYSE","3","268.95","806.85","0.53","2.47","USD","14.59","269.39","ORD0001433","2026-03-26 13:36:04","MKT","mock-trader","MOCKEXEC00001433"
"319.36","BUY","USD","MSFT","T001434","2026-03-26","Trade","ARCA","10","364.77","3647.7","0.4","2.27","USD","-3650.37","372.68","ORD0001434","2026-03-26 10:22:42","MKT","mock-trader","MOCKEXEC00001434"
"57.56","SELL","USD","AMZN","T001435","2026-03-26","Trade","NYSE","2","173.26","346.52","1.43","0.25","USD","55.88","168.25","ORD0001435","2026-03-26 10:02:58","LMT","mock-trader","MOCKEXEC00001435"
"170.17","SELL","USD","MSFT","T001436","2026-03-26","Trade","NASDAQ","15","505.95","7589.25","3.19","1.06","USD","165.92","513.25","ORD0001436","2026-03-26 15:19:31","LMT","mock-trader","MOCKEXEC00001436"
"-164.22","BUY","USD","MSFT","T001437","2026-03-26","Trade","NASDAQ","20","413.58","8271.6","0.68","0.9","USD","-8273.18","406.03","ORD0001437","2026-03-26 13:26:25","LMT","mock-trader","MOCKEXEC00001437"
"-50.65","BUY","USD","AMD","T001438","2026-03-26","Trade","ARCA","50","119.02","5951.0","1.88","1.94","USD","-5954.82","121.11","ORD0001438","2026-03-26 13:34:58","MKT","mock-trader","MOCKEXEC00001438"
"-44.25","SELL","USD","GOOGL","T001439","2026-03-26","Trade","NYSE","50","171.82","8591.0","1.55","1.18","USD","-46.98","177.38","ORD0001439","2026-03-26 09:50:14","MKT","mock-trader","MOCKEXEC00001439"
"128.23","SELL","USD","GOOGL","T001440","2026-03-26","Trade","ARCA","10","231.89","2318.9","1.88","2.06","USD","124.29","227.87","ORD0001440","2026-03-26 13:25:44","LMT","mock-trader","MOCKEXEC00001440"
"114.18","SELL","USD","GOOGL","T001441","2026-03-27","Trade","ARCA","2","199.1","398.2","3.43","2.06","USD","108.69","191.89","ORD0001441","2026-03-27 09:39:08","MKT","mock-trader","MOCKEXEC00001441"
"284.37","SELL","USD","AAPL","T001442","2026-03-27","Trade","ARCA","15","217.25","3258.75","3.11","0.35","USD","280.91","211.06","ORD0001442","2026-03-27 12:05:27","MKT","mock-trader","MOCKEXEC00001442"
"-55.72","SELL","USD","AMZN","T001443","2026-03-27","Trade","NYSE","5","192.12","960.6","3.42","1.71","USD","-60.85","185.72","ORD0001443","2026-03-27 13:16:20","MKT","mock-trader","MOCKEXEC00001443"
"117.06","SELL","USD","GOOGL","T001444","2026-03-27","Trade","NASDAQ","1","157.37","157.37","2.28","0.93","USD","113.85","151.54","ORD0001444","2026-03-27 13:37:16","MKT","mock-trader","MOCKEXEC00001444"
"-43.01","SELL","USD","META","T001445","2026-03-27","Trade","NASDAQ","20","704.72","14094.4","3.16","2.19","USD","-48.36","706.53","ORD0001445","2026-03-27 12:31:26","LMT","mock-trader","MOCKEXEC00001445"
"215.25","SELL","USD","GOOGL","T001446","2026-03-27","Trade","ARCA","3","152.15","456.45","1.09","1.2","USD","212.96","149.98","ORD0001446","2026-03-27 15:28:21","MKT","mock-trader","MOCKEXEC00001446"
"-83.86","SELL","USD","AMD","T001447","2026-03-27","Trade","NYSE","15","244.71","3670.65","1.77","1.62","USD","-87.25","243.51","ORD0001447","2026-03-27 10:54:50","LMT","mock-trader","MOCKEXEC00001447"
"-87.84","SELL","USD","GOOGL","T001448","2026-03-27","Trade","ARCA","3","278.14","834.42","1.47","1.83","USD","-91.14","271.01","ORD0001448","2026-03-27 12:40:21","LMT","mock-trader","MOCKEXEC00001448"
"157.63","BUY","USD","AMZN","T001449","2026-03-27","Trade","NYSE","1","219.48","219.48","0.56","0.67","USD","-220.71","214.28","ORD0001449","2026-03-27 11:11:48","LMT","mock-trader","MOCKEXEC00001449"
"201.9","SELL","USD","AMD","T001450","2026-03-27","Trade","NASDAQ","10","160.19","1601.9","2.15","1.13","USD","198.62","153.85","ORD0001450","2026-03-27 10:17:45","MKT","mock-trader","MOCKEXEC00001450"
"272.22","SELL","USD","META","T001451","2026-03-30","Trade","NYSE","1","501.84","501.84","1.88","0.49","USD","269.85","503.26","ORD0001451","2026-03-30 12:30:45","MKT","mock-trader","MOCKEXEC00001451"
"261.24","BUY","USD","AMZN","T001452","2026-03-30","Trade","NASDAQ","3","207.78","623.34","1.25","2.34","USD","-626.93","214.14","ORD0001452","2026-03-30 15:17:28","LMT","mock-trader","MOCKEXEC00001452"
"185.22","BUY","USD","META","T001453","2026-03-30","Trade","NYSE","20","522.84","10456.8","3.22","0.37","USD","-10460.39","523.3","ORD0001453","2026-03-30 10:47:48","LMT","mock-trader","MOCKEXEC00001453"
"184.75","SELL","USD","AMZN","T001454","2026-03-30","Trade","NASDAQ","15","219.64","3294.6","3.03","1.45","USD","180.27","219.02","ORD0001454","2026-03-30 11:52:40","LMT","mock-trader","MOCKEXEC00001454"
"155.87","BUY","USD","META","T001455","2026-03-30","Trade","NYSE","10","538.38","5383.8","2.43","0.77","USD","-5387.0","535.57","ORD0001455","2026-03-30 11:23:51","MKT","mock-trader","MOCKEXEC00001455"
"3.71","SELL","USD","AAPL","T001456","2026-03-30","Trade","NASDAQ","10","221.39","2213.9","2.28","1.01","USD","0.42","215.72","ORD0001456","2026-03-30 10:54:56","MKT","mock-trader","MOCKEXEC00001456"
"312.36","BUY","USD","NVDA","T001457","2026-03-30","Trade","ARCA","3","174.77","524.31","1.0","1.46","USD","-526.77","179.02","ORD0001457","2026-03-30 14:31:43","MKT","mock-trader","MOCKEXEC00001457"
"-58.55","SELL","USD","AMD","T001458","2026-03-30","Trade","NASDAQ","20","214.62","4292.4","1.03","1.69","USD","-61.27","218.5","ORD0001458","2026-03-30 12:10:01","LMT","mock-trader","MOCKEXEC00001458"
"-173.69","BUY","USD","NVDA","T001459","2026-03-30","Trade","NASDAQ","25","128.29","3207.25","1.9","2.05","USD","-3211.2","121.37","ORD0001459","2026-03-30 15:24:15","LMT","mock-trader","MOCKEXEC00001459"
"317.16","BUY","USD","TSLA","T001460","2026-03-30","Trade","ARCA","1","327.32","327.32","3.43","0.98","USD","-331.73","328.05","ORD0001460","2026-03-30 15:09:17","MKT","mock-trader","MOCKEXEC00001460"
"248.92","BUY","USD","TSLA","T001461","2026-03-30","Trade","NYSE","10","252.36","2523.6","3.02","2.02","USD","-2528.64","256.2","ORD0001461","2026-03-30 13:04:45","LMT","mock-trader","MOCKEXEC00001461"
"-93.88","BUY","USD","META","T001462","2026-03-31","Trade","NASDAQ","20","603.6","12072.0","0.89","2.31","USD","-12075.2","610.89","ORD0001462","2026-03-31 11:16:27","MKT","mock-trader","MOCKEXEC00001462"
"-71.28","BUY","USD","TSLA","T001463","2026-03-31","Trade","ARCA","25","370.55","9263.75","2.47","1.49","USD","-9267.71","362.8","ORD0001463","2026-03-31 14:41:48","LMT","mock-trader","MOCKEXEC00001463"
"300.17","BUY","USD","AMZN","T001464","2026-03-31","Trade","ARCA","3","203.66","610.98","1.79","0.82","USD","-613.59","204.28","ORD0001464","2026-03-31 12:51:39","LMT","mock-trader","MOCKEXEC00001464"
"-22.75","BUY","USD","NVDA","T001465","2026-03-31","Trade","ARCA","10","179.46","1794.6","2.03","0.55","USD","-1797.18","179.13","ORD0001465","2026-03-31 11:53:28","MKT","mock-trader","MOCKEXEC00001465"
"-135.23","SELL","USD","META","T001466","2026-03-31","Trade","NASDAQ","5","510.93","2554.65","2.55","1.6","USD","-139.38","514.89","ORD0001466","2026-03-31 12:45:16","LMT","mock-trader","MOCKEXEC00001466"
"116.2","BUY","USD","NVDA","T001467","2026-03-31","Trade","ARCA","50","151.9","7595.0","0.57","0.78","USD","-7596.35","152.99","ORD0001467","2026-03-31 09:09:07","LMT","mock-trader","MOCKEXEC00001467"
"103.29","SELL","USD","AAPL","T001468","2026-03-31","Trade","ARCA","3","266.06","798.18","3.44","1.41","USD","98.44","266.29","ORD0001468","2026-03-31 09:45:36","MKT","mock-trader","MOCKEXEC00001468"
"-121.51","BUY","USD","NVDA","T001469","2026-03-31","Trade","NYSE","2","103.58","207.16","0.65","0.65","USD","-208.46","95.61","ORD0001469","2026-03-31 09:44:33","LMT","mock-trader","MOCKEXEC00001469"
"-165.1","SELL","USD","GOOGL","T001470","2026-03-31","Trade","ARCA","2","156.8","313.6","2.94","1.59","USD","-169.63","162.69","ORD0001470","2026-03-31 15:43:30","LMT","mock-trader","MOCKEXEC00001470"
"-32.26","BUY","USD","MSFT","T001471","2026-03-31","Trade","ARCA","50","366.72","18336.0","1.3","2.04","USD","-18339.34","363.34","ORD0001471","2026-03-31 14:15:57","LMT","mock-trader","MOCKEXEC00001471"
"197.56","BUY","USD","TSLA","T001472","2026-03-31","Trade","ARCA","2","367.93","735.86","2.75","0.87","USD","-739.48","372.46","ORD0001472","2026-03-31 15:54:35","MKT","mock-trader","MOCKEXEC00001472"
"311.22","SELL","USD","AMZN","T001473","2026-03-31","Trade","NASDAQ","10","190.87","1908.7","1.11","1.77","USD","308.34","184.43","ORD0001473","2026-03-31 09:12:46","LMT","mock-trader","MOCKEXEC00001473"
"227.79","BUY","USD","GOOGL","T001474","2026-03-31","Trade","NYSE","1","205.51","205.51","3.3","2.39","USD","-211.2","206.92","ORD0001474","2026-03-31 12:53:04","MKT","mock-trader","MOCKEXEC00001474"
"-133.99","SELL","USD","GOOGL","T001475","2026-04-01","Trade","ARCA","20","213.31","4266.2","0.05","1.71","USD","-135.75","219.97","ORD0001475","2026-04-01 11:55:05","MKT","mock-trader","MOCKEXEC00001475"
"90.83","SELL","USD","AMZN","T001476","2026-04-01","Trade","ARCA","1","230.78","230.78","0.35","1.63","USD","88.85","237.54","ORD0001476","2026-04-01 13:17:49","LMT","mock-trader","MOCKEXEC00001476"
"200.1","BUY","USD","AAPL","T001477","2026-04-01","Trade","ARCA","15","254.11","3811.65","1.5","1.48","USD","-3814.63","250.82","ORD0001477","2026-04-01 10:24:34","LMT","mock-trader","MOCKEXEC00001477"
"83.98","SELL","USD","NVDA","T001478","2026-04-01","Trade","NYSE","25","162.79","4069.75","1.89","1.51","USD","80.58","163.11","ORD0001478","2026-04-01 14:36:07","LMT","mock-trader","MOCKEXEC00001478"
"115.68","SELL","USD","MSFT","T001479","2026-04-01","Trade","NASDAQ","1","424.2","424.2","0.63","1.27","USD","113.78","417.44","ORD0001479","2026-04-01 12:57:24","MKT","mock-trader","MOCKEXEC00001479"
"260.59","BUY","USD","NVDA","T001480","2026-04-01","Trade","ARCA","2","110.62","221.24","2.67","1.06","USD","-224.97","116.21","ORD0001480","2026-04-01 14:33:36","MKT","mock-trader","MOCKEXEC00001480"
"-177.08","SELL","USD","AAPL","T001481","2026-04-02","Trade","NYSE","2","238.73","477.46","3.3","2.27","USD","-182.65","236.63","ORD0001481","2026-04-02 10:04:50","LMT","mock-trader","MOCKEXEC00001481"
"48.46","SELL","USD","TSLA","T001482","2026-04-02","Trade","NASDAQ","2","342.11","684.22","2.47","1.76","USD","44.23","336.32","ORD0001482","2026-04-02 11:24:38","MKT","mock-trader","MOCKEXEC00001482"
"176.39","BUY","USD","MSFT","T001483","2026-04-02","Trade","NYSE","10","368.38","3683.8","1.41","0.56","USD","-3685.77","364.64","ORD0001483","2026-04-02 10:09:38","LMT","mock-trader","MOCKEXEC00001483"
"260.82","SELL","USD","MSFT","T001484","2026-04-02","Trade","NASDAQ","1","512.23","512.23","3.2","0.84","USD","256.78","515.93","ORD0001484","2026-04-02 11:58:08","LMT","mock-trader","MOCKEXEC00001484"
"-157.31","SELL","USD","META","T001485","2026-04-02","Trade","NYSE","25","750.03","18750.75","1.52","1.39","USD","-160.22","742.08","ORD0001485","2026-04-02 13:09:08","LMT","mock-trader","MOCKEXEC00001485"
"19.65","BUY","USD","AAPL","T001486","2026-04-02","Trade","NASDAQ","1","204.44","204.44","3.24","2.27","USD","-209.95","203.0","ORD0001486","2026-04-02 09:29:10","MKT","mock-trader","MOCKEXEC00001486"
"279.77","SELL","USD","META","T001487","2026-04-02","Trade","NASDAQ","3","650.93","1952.79","2.14","2.25","USD","275.38","657.1","ORD0001487","2026-04-02 11:00:03","LMT","mock-trader","MOCKEXEC00001487"
"-59.81","BUY","USD","NVDA","T001488","2026-04-02","Trade","NYSE","10","157.37","1573.7","0.48","1.19","USD","-1575.37","155.6","ORD0001488","2026-04-02 13:59:59","MKT","mock-trader","MOCKEXEC00001488"
"291.49","BUY","USD","AMD","T001489","2026-04-02","Trade","NASDAQ","1","217.95","217.95","2.25","1.94","USD","-222.14","210.89","ORD0001489","2026-04-02 09:36:23","MKT","mock-trader","MOCKEXEC00001489"
"33.7","BUY","USD","AMD","T001490","2026-04-02","Trade","NYSE","2","147.25","294.5","2.62","0.35","USD","-297.47","145.05","ORD0001490","2026-04-02 15:55:50","MKT","mock-trader","MOCKEXEC00001490"
"-144.56","BUY","USD","NVDA","T001491","2026-04-02","Trade","ARCA","1","102.63","102.63","1.51","0.96","USD","-105.1","94.87","ORD0001491","2026-04-02 12:16:57","MKT","mock-trader","MOCKEXEC00001491"
"142.93","SELL","USD","META","T001492","2026-04-02","Trade","NYSE","10","568.1","5681.0","2.79","1.42","USD","138.72","566.71","ORD0001492","2026-04-02 13:36:13","LMT","mock-trader","MOCKEXEC00001492"
"26.71","SELL","USD","META","T001493","2026-04-03","Trade","NYSE","25","729.8","18245.0","2.56","2.41","USD","21.74","734.49","ORD0001493","2026-04-03 13:59:09","MKT","mock-trader","MOCKEXEC00001493"
"182.68","BUY","USD","META","T001494","2026-04-03","Trade","ARCA","5","770.51","3852.55","0.25","0.83","USD","-3853.63","763.24","ORD0001494","2026-04-03 11:49:35","LMT","mock-trader","MOCKEXEC00001494"
"-31.62","BUY","USD","AMZN","T001495","2026-04-03","Trade","NASDAQ","2","196.83","393.66","3.4","2.01","USD","-399.07","200.48","ORD0001495","2026-04-03 12:16:33","LMT","mock-trader","MOCKEXEC00001495"
"251.02","SELL","USD","NVDA","T001496","2026-04-03","Trade","ARCA","50","104.84","5242.0","3.43","1.23","USD","246.36","108.77","ORD0001496","2026-04-03 12:12:37","MKT","mock-trader","MOCKEXEC00001496"
"93.58","SELL","USD","META","T001497","2026-04-03","Trade","NYSE","50","651.01","32550.5","3.39","0.97","USD","89.22","646.66","ORD0001497","2026-04-03 15:58:40","LMT","mock-trader","MOCKEXEC00001497"
"42.76","BUY","USD","NVDA","T001498","2026-04-03","Trade","NYSE","15","126.72","1900.8","1.56","0.87","USD","-1903.23","119.52","ORD0001498","2026-04-03 11:28:39","LMT","mock-trader","MOCKEXEC00001498"
"102.29","SELL","USD","MSFT","T001499","2026-04-03","Trade","NYSE","20","381.89","7637.8","2.55","0.27","USD","99.47","374.43","ORD0001499","2026-04-03 11:57:49","MKT","mock-trader","MOCKEXEC00001499"
"153.04","SELL","USD","AAPL","T001500","2026-04-03","Trade","ARCA","10","251.14","2511.4","2.1","2.25","USD","148.69","244.74","ORD0001500","2026-04-03 09:06:29","LMT","mock-trader","MOCKEXEC00001500"
"172.08","BUY","USD","AAPL","T001501","2026-04-06","Trade","NASDAQ","15","256.38","3845.7","1.56","1.13","USD","-3848.39","259.37","ORD0001501","2026-04-06 10:10:40","LMT","mock-trader","MOCKEXEC00001501"
"286.08","BUY","USD","TSLA","T001502","2026-04-06","Trade","ARCA","15","413.51","6202.65","2.45","0.44","USD","-6205.54","408.34","ORD0001502","2026-04-06 09:57:05","MKT","mock-trader","MOCKEXEC00001502"
"270.05","SELL","USD","NVDA","T001503","2026-04-06","Trade","ARCA","15","162.79","2441.85","1.25","2.41","USD","266.39","154.96","ORD0001503","2026-04-06 15:26:48","MKT","mock-trader","MOCKEXEC00001503"
"251.41","SELL","USD","MSFT","T001504","2026-04-06","Trade","ARCA","2","417.45","834.9","3.26","2.29","USD","245.86","415.0","ORD0001504","2026-04-06 15:41:43","LMT","mock-trader","MOCKEXEC00001504"
"-158.09","SELL","USD","AMD","T001505","2026-04-06","Trade","NYSE","1","165.71","165.71","2.92","0.47","USD","-161.48","164.8","ORD0001505","2026-04-06 10:54:08","MKT","mock-trader","MOCKEXEC00001505"
"153.21","SELL","USD","TSLA","T001506","2026-04-06","Trade","NASDAQ","1","432.69","432.69","2.9","0.36","USD","149.95","440.41","ORD0001506","2026-04-06 11:43:39","LMT","mock-trader","MOCKEXEC00001506"
"-5.9","BUY","USD","AAPL","T001507","2026-04-06","Trade","NYSE","2","200.21","400.42","3.28","2.23","USD","-405.93","199.06","ORD0001507","2026-04-06 13:39:44","MKT","mock-trader","MOCKEXEC00001507"
"-11.59","BUY","USD","META","T001508","2026-04-07","Trade","NASDAQ","5","797.15","3985.75","2.15","2.26","USD","-3990.16","804.51","ORD0001508","2026-04-07 11:22:48","LMT","mock-trader","MOCKEXEC00001508"
"-144.67","BUY","USD","TSLA","T001509","2026-04-07","Trade","NASDAQ","1","322.27","322.27","0.21","2.42","USD","-324.9","323.38","ORD0001509","2026-04-07 13:00:41","LMT","mock-trader","MOCKEXEC00001509"
"178.56","BUY","USD","GOOGL","T001510","2026-04-07","Trade","NYSE","2","232.01","464.02","1.67","0.35","USD","-466.04","235.14","ORD0001510","2026-04-07 10:30:32","MKT","mock-trader","MOCKEXEC00001510"
"169.44","BUY","USD","AMZN","T001511","2026-04-07","Trade","NYSE","10","180.68","1806.8","3.45","2.19","USD","-1812.44","173.01","ORD0001511","2026-04-07 12:31:29","MKT","mock-trader","MOCKEXEC00001511"
"136.44","SELL","USD","TSLA","T001512","2026-04-07","Trade","NASDAQ","1","293.59","293.59","2.9","0.41","USD","133.13","288.99","ORD0001512","2026-04-07 12:20:16","LMT","mock-trader","MOCKEXEC00001512"
"-52.61","SELL","USD","NVDA","T001513","2026-04-07","Trade","NASDAQ","2","136.75","273.5","2.04","1.66","USD","-56.31","139.33","ORD0001513","2026-04-07 13:44:49","MKT","mock-trader","MOCKEXEC00001513"
"-145.13","SELL","USD","AMZN","T001514","2026-04-07","Trade","NASDAQ","15","235.6","3534.0","2.58","0.32","USD","-148.03","228.24","ORD0001514","2026-04-07 12:53:43","LMT","mock-trader","MOCKEXEC00001514"
"-173.03","SELL","USD","AAPL","T001515","2026-04-08","Trade","NASDAQ","50","217.73","10886.5","3.1","0.51","USD","-176.64","215.87","ORD0001515","2026-04-08 12:14:50","MKT","mock-trader","MOCKEXEC00001515"
"258.23","SELL","USD","META","T001516","2026-04-08","Trade","NASDAQ","25","600.22","15005.5","1.97","2.03","USD","254.23","600.91","ORD0001516","2026-04-08 11:54:36","MKT","mock-trader","MOCKEXEC00001516"
"-156.79","SELL","USD","NVDA","T001517","2026-04-08","Trade","ARCA","10","113.4","1134.0","3.34","0.79","USD","-160.92","116.14","ORD0001517","2026-04-08 10:51:00","MKT","mock-trader","MOCKEXEC00001517"
"-141.13","SELL","USD","AMD","T001518","2026-04-08","Trade","NYSE","15","178.1","2671.5","1.62","1.29","USD","-144.04","170.49","ORD0001518","2026-04-08 13:08:00","MKT","mock-trader","MOCKEXEC00001518"
"195.97","SELL","USD","MSFT","T001519","2026-04-08","Trade","ARCA","3","395.13","1185.39","0.02","0.68","USD","195.27","398.34","ORD0001519","2026-04-08 10:06:41","MKT","mock-trader","MOCKEXEC00001519"
"81.13","SELL","USD","MSFT","T001520","2026-04-08","Trade","NASDAQ","50","507.14","25357.0","3.18","1.88","USD","76.07","510.12","ORD0001520","2026-04-08 13:06:27","MKT","mock-trader","MOCKEXEC00001520"
"95.12","BUY","USD","GOOGL","T001521","2026-04-08","Trade","NYSE","50","205.71","10285.5","0.29","1.57","USD","-10287.36","202.72","ORD0001521","2026-04-08 14:29:44","MKT","mock-trader","MOCKEXEC00001521"
"174.41","SELL","USD","MSFT","T001522","2026-04-08","Trade","ARCA","50","453.35","22667.5","2.63","1.99","USD","169.79","460.02","ORD0001522","2026-04-08 12:34:48","MKT","mock-trader","MOCKEXEC00001522"
"110.94","SELL","USD","MSFT","T001523","2026-04-08","Trade","ARCA","3","451.7","1355.1","3.15","2.06","USD","105.73","448.12","ORD0001523","2026-04-08 11:55:03","MKT","mock-trader","MOCKEXEC00001523"
"-153.01","BUY","USD","NVDA","T001524","2026-04-09","Trade","NASDAQ","25","113.0","2825.0","1.93","1.63","USD","-2828.56","113.59","ORD0001524","2026-04-09 14:59:53","MKT","mock-trader","MOCKEXEC00001524"
"-40.63","BUY","USD","NVDA","T001525","2026-04-09","Trade","ARCA","10","107.09","1070.9","3.46","1.72","USD","-1076.08","110.79","ORD0001525","2026-04-09 14:55:33","MKT","mock-trader","MOCKEXEC00001525"
"175.27","SELL","USD","MSFT","T001526","2026-04-09","Trade","NASDAQ","15","465.45","6981.75","2.45","1.76","USD","171.06","469.22","ORD0001526","2026-04-09 14:00:08","MKT","mock-trader","MOCKEXEC00001526"
"-114.4","SELL","USD","AAPL","T001527","2026-04-09","Trade","NASDAQ","3","215.33","645.99","2.51","1.37","USD","-118.28","220.94","ORD0001527","2026-04-09 10:44:56","MKT","mock-trader","MOCKEXEC00001527"
"199.65","BUY","USD","TSLA","T001528","2026-04-09","Trade","NASDAQ","1","429.7","429.7","1.76","1.19","USD","-432.65","435.88","ORD0001528","2026-04-09 12:16:25","MKT","mock-trader","MOCKEXEC00001528"
"39.99","SELL","USD","AAPL","T001529","2026-04-09","Trade","NASDAQ","5","265.44","1327.2","1.61","1.15","USD","37.23","266.79","ORD0001529","2026-04-09 13:34:14","MKT","mock-trader","MOCKEXEC00001529"
"261.73","BUY","USD","AAPL","T001530","2026-04-09","Trade","NASDAQ","2","229.1","458.2","2.4","1.92","USD","-462.52","228.61","ORD0001530","2026-04-09 12:55:38","MKT","mock-trader","MOCKEXEC00001530"
"241.07","BUY","USD","AMZN","T001531","2026-04-09","Trade","NASDAQ","1","176.37","176.37","2.6","2.1","USD","-181.07","169.44","ORD0001531","2026-04-09 12:25:10","MKT","mock-trader","MOCKEXEC00001531"
"70.54","BUY","USD","AMZN","T001532","2026-04-09","Trade","NYSE","20","198.68","3973.6","1.28","1.5","USD","-3976.38","196.58","ORD0001532","2026-04-09 15:26:53","LMT","mock-trader","MOCKEXEC00001532"
"284.93","SELL","USD","AAPL","T001533","2026-04-09","Trade","ARCA","5","249.03","1245.15","0.29","1.4","USD","283.24","247.33","ORD0001533","2026-04-09 11:03:19","LMT","mock-trader","MOCKEXEC00001533"
"35.74","SELL","USD","META","T001534","2026-04-09","Trade","ARCA","1","632.29","632.29","3.43","1.79","USD","30.52","633.96","ORD0001534","2026-04-09 10:45:14","LMT","mock-trader","MOCKEXEC00001534"
"8.46","BUY","USD","TSLA","T001535","2026-04-09","Trade","NASDAQ","10","379.44","3794.4","1.59","0.54","USD","-3796.53","374.14","ORD0001535","2026-04-09 10:27:56","MKT","mock-trader","MOCKEXEC00001535"
"25.47","BUY","USD","META","T001536","2026-04-09","Trade","NYSE","10","564.93","5649.3","0.48","2.11","USD","-5651.89","562.43","ORD0001536","2026-04-09 14:35:44","LMT","mock-trader","MOCKEXEC00001536"
"138.12","BUY","USD","NVDA","T001537","2026-04-09","Trade","NASDAQ","50","168.01","8400.5","3.34","1.45","USD","-8405.29","167.9","ORD0001537","2026-04-09 13:43:39","LMT","mock-trader","MOCKEXEC00001537"
"105.45","SELL","USD","AMZN","T001538","2026-04-10","Trade","NASDAQ","2","215.8","431.6","1.33","0.75","USD","103.37","216.76","ORD0001538","2026-04-10 15:15:56","LMT","mock-trader","MOCKEXEC00001538"
"2.34","BUY","USD","AMD","T001539","2026-04-10","Trade","ARCA","15","200.01","3000.15","0.83","0.8","USD","-3001.78","207.2","ORD0001539","2026-04-10 15:02:51","MKT","mock-trader","MOCKEXEC00001539"
"84.5","BUY","USD","MSFT","T001540","2026-04-10","Trade","ARCA","15","519.67","7795.05","1.42","1.09","USD","-7797.56","523.17","ORD0001540","2026-04-10 11:55:29","LMT","mock-trader","MOCKEXEC00001540"
"20.69","SELL","USD","META","T001541","2026-04-10","Trade","ARCA","15","738.82","11082.3","2.49","1.87","USD","16.33","746.67","ORD0001541","2026-04-10 14:49:57","LMT","mock-trader","MOCKEXEC00001541"
"102.16","SELL","USD","AMZN","T001542","2026-04-10","Trade","ARCA","5","193.66","968.3","3.47","0.86","USD","97.83","191.85","ORD0001542","2026-04-10 14:38:49","LMT","mock-trader","MOCKEXEC00001542"
"-116.76","SELL","USD","MSFT","T001543","2026-04-10","Trade","ARCA","5","531.19","2655.95","0.62","0.89","USD","-118.27","523.54","ORD0001543","2026-04-10 14:58:00","LMT","mock-trader","MOCKEXEC00001543"
"19.55","BUY","USD","META","T001544","2026-04-10","Trade","NYSE","15","555.61","8334.15","0.5","2.02","USD","-8336.67","553.55","ORD0001544","2026-04-10 12:25:19","MKT","mock-trader","MOCKEXEC00001544"
"310.42","BUY","USD","MSFT","T001545","2026-04-10","Trade","NYSE","1","440.64","440.64","0.48","1.08","USD","-442.2","444.12","ORD0001545","2026-04-10 09:17:11","MKT","mock-trader","MOCKEXEC00001545"
"-56.09","SELL","USD","AAPL","T001546","2026-04-13","Trade","NYSE","50","240.85","12042.5","3.14","2.37","USD","-61.6","245.92","ORD0001546","2026-04-13 11:49:20","MKT","mock-trader","MOCKEXEC00001546"
"205.16","SELL","USD","AAPL","T001547","2026-04-13","Trade","ARCA","20","215.4","4308.0","0.79","2.41","USD","201.96","218.29","ORD0001547","2026-04-13 09:01:34","MKT","mock-trader","MOCKEXEC00001547"
"-119.88","SELL","USD","AMD","T001548","2026-04-13","Trade","NASDAQ","3","121.31","363.93","1.29","1.49","USD","-122.66","114.79","ORD0001548","2026-04-13 13:17:20","MKT","mock-trader","MOCKEXEC00001548"
"272.92","SELL","USD","TSLA","T001549","2026-04-13","Trade","NYSE","3","336.59","1009.77","2.79","0.83","USD","269.3","342.1","ORD0001549","2026-04-13 14:56:43","MKT","mock-trader","MOCKEXEC00001549"
"-98.2","SELL","USD","MSFT","T001550","2026-04-13","Trade","NYSE","5","478.56","2392.8","2.27","2.09","USD","-102.56","470.97","ORD0001550","2026-04-13 13:26:50","MKT","mock-trader","MOCKEXEC00001550"
"108.65","SELL","USD","AMZN","T001551","2026-04-13","Trade","NYSE","25","195.3","4882.5","1.4","0.98","USD","106.27","190.31","ORD0001551","2026-04-13 12:00:07","MKT","mock-trader","MOCKEXEC00001551"
"286.21","SELL","USD","AAPL","T001552","2026-04-13","Trade","NASDAQ","3","256.96","770.88","0.22","2.34","USD","283.65","254.84","ORD0001552","2026-04-13 14:33:42","MKT","mock-trader","MOCKEXEC00001552"
"-90.91","BUY","USD","AAPL","T001553","2026-04-13","Trade","NASDAQ","25","259.94","6498.5","0.45","0.95","USD","-6499.9","257.06","ORD0001553","2026-04-13 14:54:12","LMT","mock-trader","MOCKEXEC00001553"
"166.15","SELL","USD","AAPL","T001554","2026-04-13","Trade","ARCA","5","267.74","1338.7","0.43","2.32","USD","163.4","271.95","ORD0001554","2026-04-13 13:51:40","MKT","mock-trader","MOCKEXEC00001554"
"-80.94","BUY","USD","AMD","T001555","2026-04-13","Trade","ARCA","1","129.77","129.77","2.18","1.04","USD","-132.99","124.24","ORD0001555","2026-04-13 15:25:11","MKT","mock-trader","MOCKEXEC00001555"
"6.76","BUY","USD","AMD","T001556","2026-04-14","Trade","NASDAQ","15","119.17","1787.55","2.15","2.11","USD","-1791.81","124.93","ORD0001556","2026-04-14 14:13:58","MKT","mock-trader","MOCKEXEC00001556"
"127.97","BUY","USD","NVDA","T001557","2026-04-14","Trade","NYSE","25","118.15","2953.75","3.13","1.61","USD","-2958.49","112.94","ORD0001557","2026-04-14 11:23:54","MKT","mock-trader","MOCKEXEC00001557"
"33.41","BUY","USD","TSLA","T001558","2026-04-14","Trade","ARCA","3","295.33","885.99","1.78","2.44","USD","-890.21","294.84","ORD0001558","2026-04-14 09:58:03","LMT","mock-trader","MOCKEXEC00001558"
"213.96","BUY","USD","AAPL","T001559","2026-04-14","Trade","NASDAQ","20","242.5","4850.0","0.42","1.39","USD","-4851.81","237.03","ORD0001559","2026-04-14 15:12:24","MKT","mock-trader","MOCKEXEC00001559"
"-130.11","SELL","USD","AAPL","T001560","2026-04-14","Trade","ARCA","2","210.92","421.84","2.26","2.39","USD","-134.76","218.61","ORD0001560","2026-04-14 10:57:35","MKT","mock-trader","MOCKEXEC00001560"
"201.02","SELL","USD","MSFT","T001561","2026-04-14","Trade","NYSE","20","534.61","10692.2","1.87","0.83","USD","198.32","533.05","ORD0001561","2026-04-14 10:20:28","MKT","mock-trader","MOCKEXEC00001561"
"311.24","BUY","USD","NVDA","T001562","2026-04-14","Trade","ARCA","5","178.57","892.85","0.5","0.61","USD","-893.96","181.96","ORD0001562","2026-04-14 09:40:06","LMT","mock-trader","MOCKEXEC00001562"
"155.18","BUY","USD","META","T001563","2026-04-14","Trade","NASDAQ","15","668.06","10020.9","2.59","0.6","USD","-10024.09","673.11","ORD0001563","2026-04-14 14:40:55","MKT","mock-trader","MOCKEXEC00001563"
"264.21","BUY","USD","GOOGL","T001564","2026-04-15","Trade","NASDAQ","20","177.46","3549.2","3.48","1.01","USD","-3553.69","175.41","ORD0001564","2026-04-15 09:57:24","LMT","mock-trader","MOCKEXEC00001564"
"-44.22","BUY","USD","AMZN","T001565","2026-04-15","Trade","ARCA","2","203.16","406.32","2.39","1.36","USD","-410.07","196.83","ORD0001565","2026-04-15 10:00:31","LMT","mock-trader","MOCKEXEC00001565"
"-18.02","SELL","USD","AMZN","T001566","2026-04-15","Trade","ARCA","2","215.32","430.64","0.05","1.73","USD","-19.8","210.84","ORD0001566","2026-04-15 12:11:25","MKT","mock-trader","MOCKEXEC00001566"
"180.05","SELL","USD","META","T001567","2026-04-15","Trade","NASDAQ","5","671.27","3356.35","2.3","1.12","USD","176.63","668.29","ORD0001567","2026-04-15 11:50:30","LMT","mock-trader","MOCKEXEC00001567"
"288.39","SELL","USD","TSLA","T001568","2026-04-15","Trade","NASDAQ","2","409.86","819.72","2.31","1.08","USD","285.0","408.71","ORD0001568","2026-04-15 14:17:04","LMT","mock-trader","MOCKEXEC00001568"
"286.67","SELL","USD","TSLA","T001569","2026-04-15","Trade","NYSE","10","253.38","2533.8","0.32","1.87","USD","284.48","254.86","ORD0001569","2026-04-15 10:37:20","LMT","mock-trader","MOCKEXEC00001569"
"-179.74","BUY","USD","TSLA","T001570","2026-04-15","Trade","NASDAQ","1","345.43","345.43","0.48","0.82","USD","-346.73","344.38","ORD0001570","2026-04-15 10:42:00","LMT","mock-trader","MOCKEXEC00001570"
"-143.35","BUY","USD","MSFT","T001571","2026-04-15","Trade","ARCA","2","379.93","759.86","0.71","0.8","USD","-761.37","383.39","ORD0001571","2026-04-15 13:25:29","LMT","mock-trader","MOCKEXEC00001571"
"-142.9","BUY","USD","GOOGL","T001572","2026-04-15","Trade","NASDAQ","50","221.18","11059.0","1.49","2.26","USD","-11062.75","216.88","ORD0001572","2026-04-15 15:38:49","MKT","mock-trader","MOCKEXEC00001572"
"-10.44","SELL","USD","AMD","T001573","2026-04-15","Trade","NYSE","1","169.06","169.06","2.02","1.44","USD","-13.9","171.01","ORD0001573","2026-04-15 14:34:26","MKT","mock-trader","MOCKEXEC00001573"
"-134.15","SELL","USD","AMZN","T001574","2026-04-15","Trade","ARCA","5","161.53","807.65","2.69","0.99","USD","-137.83","156.54","ORD0001574","2026-04-15 13:43:46","LMT","mock-trader","MOCKEXEC00001574"
"-119.47","BUY","USD","AMZN","T001575","2026-04-16","Trade","NYSE","3","154.57","463.71","0.24","2.14","USD","-466.09","158.96","ORD0001575","2026-04-16 12:51:24","LMT","mock-trader","MOCKEXEC00001575"
"-155.03","SELL","USD","AMD","T001576","2026-04-16","Trade","ARCA","25","101.03","2525.75","0.49","2.43","USD","-157.95","100.46","ORD0001576","2026-04-16 11:19:34","LMT","mock-trader","MOCKEXEC00001576"
"116.54","SELL","USD","AMD","T001577","2026-04-16","Trade","NYSE","10","185.86","1858.6","3.23","2.24","USD","111.07","179.28","ORD0001577","2026-04-16 15:12:24","LMT","mock-trader","MOCKEXEC00001577"
"23.35","SELL","USD","AAPL","T001578","2026-04-16","Trade","NYSE","15","202.31","3034.65","1.24","1.82","USD","20.29","201.83","ORD0001578","2026-04-16 09:37:47","LMT","mock-trader","MOCKEXEC00001578"
"-125.05","BUY","USD","GOOGL","T001579","2026-04-16","Trade","NYSE","25","216.21","5405.25","2.22","1.71","USD","-5409.18","210.41","ORD0001579","2026-04-16 14:24:14","MKT","mock-trader","MOCKEXEC00001579"
"-90.38","SELL","USD","AAPL","T001580","2026-04-16","Trade","NYSE","25","250.33","6258.25","1.22","0.61","USD","-92.21","244.91","ORD0001580","2026-04-16 12:43:13","LMT","mock-trader","MOCKEXEC00001580"
"278.08","BUY","USD","AMZN","T001581","2026-04-16","Trade","NYSE","15","211.41","3171.15","2.17","1.51","USD","-3174.83","212.53","ORD0001581","2026-04-16 11:39:25","LMT","mock-trader","MOCKEXEC00001581"
"-14.8","SELL","USD","GOOGL","T001582","2026-04-16","Trade","ARCA","5","194.78","973.9","0.92","2.28","USD","-18.0","201.55","ORD0001582","2026-04-16 14:14:19","LMT","mock-trader","MOCKEXEC00001582"
"121.74","BUY","USD","META","T001583","2026-04-17","Trade","ARCA","20","670.82","13416.4","0.86","1.62","USD","-13418.88","676.16","ORD0001583","2026-04-17 15:16:17","LMT","mock-trader","MOCKEXEC00001583"
"-48.1","BUY","USD","META","T001584","2026-04-17","Trade","NASDAQ","10","763.12","7631.2","1.84","1.77","USD","-7634.81","765.64","ORD0001584","2026-04-17 13:10:09","MKT","mock-trader","MOCKEXEC00001584"
"58.51","SELL","USD","TSLA","T001585","2026-04-17","Trade","ARCA","3","371.09","1113.27","3.27","2.47","USD","52.77","373.79","ORD0001585","2026-04-17 13:41:49","LMT","mock-trader","MOCKEXEC00001585"
"-176.01","BUY","USD","MSFT","T001586","2026-04-17","Trade","NYSE","3","370.72","1112.16","3.13","1.53","USD","-1116.82","364.79","ORD0001586","2026-04-17 14:11:07","MKT","mock-trader","MOCKEXEC00001586"
"79.29","SELL","USD","AMD","T001587","2026-04-17","Trade","ARCA","10","234.89","2348.9","0.67","1.67","USD","76.95","239.44","ORD0001587","2026-04-17 11:21:30","MKT","mock-trader","MOCKEXEC00001587"
"-29.11","BUY","USD","NVDA","T001588","2026-04-17","Trade","ARCA","5","100.81","504.05","1.98","2.16","USD","-508.19","98.91","ORD0001588","2026-04-17 09:09:46","MKT","mock-trader","MOCKEXEC00001588"
"257.32","BUY","USD","AAPL","T001589","2026-04-17","Trade","NYSE","3","262.81","788.43","0.37","2.0","USD","-790.8","258.07","ORD0001589","2026-04-17 15:29:21","LMT","mock-trader","MOCKEXEC00001589"
"134.0","BUY","USD","GOOGL","T001590","2026-04-20","Trade","ARCA","15","237.35","3560.25","2.94","2.42","USD","-3565.61","238.24","ORD0001590","2026-04-20 12:51:05","MKT","mock-trader","MOCKEXEC00001590"
"-85.42","SELL","USD","MSFT","T001591","2026-04-20","Trade","ARCA","15","460.51","6907.65","2.44","1.14","USD","-89.0","456.05","ORD0001591","2026-04-20 09:14:59","LMT","mock-trader","MOCKEXEC00001591"
"-84.75","BUY","USD","AAPL","T001592","2026-04-20","Trade","NASDAQ","10","262.32","2623.2","1.43","2.35","USD","-2626.98","266.17","ORD0001592","2026-04-20 09:54:15","LMT","mock-trader","MOCKEXEC00001592"
"-76.04","SELL","USD","AMD","T001593","2026-04-20","Trade","ARCA","3","139.77","419.31","0.38","0.93","USD","-77.35","142.38","ORD0001593","2026-04-20 14:37:26","LMT","mock-trader","MOCKEXEC00001593"
"314.29","BUY","USD","AAPL","T001594","2026-04-20","Trade","NYSE","50","255.4","12770.0","2.28","1.85","USD","-12774.13","261.75","ORD0001594","2026-04-20 13:55:17","MKT","mock-trader","MOCKEXEC00001594"
"-36.98","BUY","USD","NVDA","T001595","2026-04-20","Trade","NASDAQ","25","135.05","3376.25","1.63","0.67","USD","-3378.55","127.65","ORD0001595","2026-04-20 10:53:20","MKT","mock-trader","MOCKEXEC00001595"
"227.53","SELL","USD","AMZN","T001596","2026-04-20","Trade","NYSE","1","166.34","166.34","2.13","0.88","USD","224.52","164.59","ORD0001596","2026-04-20 10:28:48","MKT","mock-trader","MOCKEXEC00001596"
"-103.34","BUY","USD","AMZN","T001597","2026-04-20","Trade","NASDAQ","3","202.03","606.09","2.78","0.27","USD","-609.14","194.29","ORD0001597","2026-04-20 11:25:36","MKT","mock-trader","MOCKEXEC00001597"
"-81.37","BUY","USD","AMZN","T001598","2026-04-20","Trade","NYSE","5","152.2","761.0","1.43","1.24","USD","-763.67","155.95","ORD0001598","2026-04-20 09:42:57","LMT","mock-trader","MOCKEXEC00001598"
"-109.0","BUY","USD","TSLA","T001599","2026-04-20","Trade","ARCA","25","421.18","10529.5","1.67","1.62","USD","-10532.79","425.19","ORD0001599","2026-04-20 11:15:57","MKT","mock-trader","MOCKEXEC00001599"
"-140.88","SELL","USD","NVDA","T001600","2026-04-20","Trade","NYSE","15","116.85","1752.75","3.16","2.3","USD","-146.34","120.61","ORD0001600","2026-04-20 13:49:16","MKT","mock-trader","MOCKEXEC00001600"
"278.95","BUY","USD","AMZN","T001601","2026-04-20","Trade","ARCA","5","177.09","885.45","2.77","0.36","USD","-888.58","177.73","ORD0001601","2026-04-20 12:04:51","MKT","mock-trader","MOCKEXEC00001601"
"150.96","SELL","USD","MSFT","T001602","2026-04-20","Trade","ARCA","3","541.52","1624.56","0.46","0.37","USD","150.13","539.49","ORD0001602","2026-04-20 12:52:56","LMT","mock-trader","MOCKEXEC00001602"
"58.14","SELL","USD","META","T001603","2026-04-20","Trade","ARCA","2","749.51","1499.02","2.23","1.36","USD","54.55","754.71","ORD0001603","2026-04-20 12:06:39","MKT","mock-trader","MOCKEXEC00001603"
"-66.3","SELL","USD","AAPL","T001604","2026-04-21","Trade","NYSE","15","244.79","3671.85","3.05","1.24","USD","-70.59","249.41","ORD0001604","2026-04-21 12:40:09","MKT","mock-trader","MOCKEXEC00001604"
"221.33","BUY","USD","NVDA","T001605","2026-04-21","Trade","ARCA","15","147.9","2218.5","2.05","1.8","USD","-2222.35","146.06","ORD0001605","2026-04-21 15:34:18","LMT","mock-trader","MOCKEXEC00001605"
"-86.19","BUY","USD","NVDA","T001606","2026-04-21","Trade","NASDAQ","25","119.93","2998.25","2.01","2.37","USD","-3002.63","124.64","ORD0001606","2026-04-21 09:08:05","MKT","mock-trader","MOCKEXEC00001606"
"168.44","SELL","USD","MSFT","T001607","2026-04-21","Trade","ARCA","50","358.39","17919.5","3.44","1.49","USD","163.51","363.31","ORD0001607","2026-04-21 14:39:03","MKT","mock-trader","MOCKEXEC00001607"
"-161.97","BUY","USD","AMD","T001608","2026-04-21","Trade","ARCA","25","143.7","3592.5","2.2","0.76","USD","-3595.46","138.12","ORD0001608","2026-04-21 09:37:39","LMT","mock-trader","MOCKEXEC00001608"
"268.7","BUY","USD","TSLA","T001609","2026-04-21","Trade","NYSE","15","397.04","5955.6","0.38","0.48","USD","-5956.46","391.85","ORD0001609","2026-04-21 12:24:47","MKT","mock-trader","MOCKEXEC00001609"
"0.36","SELL","USD","AMZN","T001610","2026-04-21","Trade","ARCA","3","166.35","499.05","1.01","0.57","USD","-1.22","164.36","ORD0001610","2026-04-21 12:43:20","LMT","mock-trader","MOCKEXEC00001610"
"-179.25","BUY","USD","GOOGL","T001611","2026-04-21","Trade","NASDAQ","5","261.01","1305.05","1.89","0.69","USD","-1307.63","268.63","ORD0001611","2026-04-21 11:19:28","LMT","mock-trader","MOCKEXEC00001611"
"-169.6","SELL","USD","AMD","T001612","2026-04-21","Trade","ARCA","1","140.64","140.64","0.58","2.19","USD","-172.37","142.46","ORD0001612","2026-04-21 12:49:32","LMT","mock-trader","MOCKEXEC00001612"
"44.1","SELL","USD","MSFT","T001613","2026-04-21","Trade","NASDAQ","5","507.6","2538.0","0.9","1.83","USD","41.37","502.51","ORD0001613","2026-04-21 12:40:42","MKT","mock-trader","MOCKEXEC00001613"
"280.64","BUY","USD","GOOGL","T001614","2026-04-22","Trade","NASDAQ","10","177.75","1777.5","1.66","2.04","USD","-1781.2","172.31","ORD0001614","2026-04-22 11:36:09","LMT","mock-trader","MOCKEXEC00001614"
"-109.12","SELL","USD","MSFT","T001615","2026-04-22","Trade","NASDAQ","15","458.55","6878.25","2.12","0.31","USD","-111.55","456.45","ORD0001615","2026-04-22 14:59:10","LMT","mock-trader","MOCKEXEC00001615"
"297.53","BUY","USD","MSFT","T001616","2026-04-22","Trade","ARCA","15","534.81","8022.15","2.69","0.74","USD","-8025.58","529.24","ORD0001616","2026-04-22 11:20:48","LMT","mock-trader","MOCKEXEC00001616"
"180.1","SELL","USD","AMZN","T001617","2026-04-22","Trade","NASDAQ","5","196.33","981.65","0.54","1.17","USD","178.39","201.56","ORD0001617","2026-04-22 14:18:42","MKT","mock-trader","MOCKEXEC00001617"
"-50.4","SELL","USD","GOOGL","T001618","2026-04-22","Trade","ARCA","2","200.28","400.56","1.8","1.7","USD","-53.9","201.1","ORD0001618","2026-04-22 09:12:13","MKT","mock-trader","MOCKEXEC00001618"
"87.22","BUY","USD","AMZN","T001619","2026-04-22","Trade","NASDAQ","1","177.26","177.26","2.98","1.83","USD","-182.07","171.77","ORD0001619","2026-04-22 15:41:05","MKT","mock-trader","MOCKEXEC00001619"
"-31.96","BUY","USD","MSFT","T001620","2026-04-22","Trade","NYSE","2","424.42","848.84","2.32","2.24","USD","-853.4","427.8","ORD0001620","2026-04-22 13:09:55","LMT","mock-trader","MOCKEXEC00001620"
"-128.01","SELL","USD","AMD","T001621","2026-04-22","Trade","NYSE","10","234.04","2340.4","2.04","1.44","USD","-131.49","230.23","ORD0001621","2026-04-22 13:03:24","LMT","mock-trader","MOCKEXEC00001621"
"-91.17","BUY","USD","NVDA","T001622","2026-04-22","Trade","NASDAQ","1","163.57","163.57","3.25","2.31","USD","-169.13","163.54","ORD0001622","2026-04-22 14:33:30","LMT","mock-trader","MOCKEXEC00001622"
"255.11","SELL","USD","TSLA","T001623","2026-04-22","Trade","NASDAQ","20","306.35","6127.0","2.62","1.99","USD","250.5","300.25","ORD0001623","2026-04-22 12:46:08","LMT","mock-trader","MOCKEXEC00001623"
"38.06","BUY","USD","NVDA","T001624","2026-04-22","Trade","NASDAQ","3","157.19","471.57","0.51","0.42","USD","-472.5","152.12","ORD0001624","2026-04-22 11:44:04","LMT","mock-trader","MOCKEXEC00001624"
"62.8","BUY","USD","META","T001625","2026-04-23","Trade","NASDAQ","2","584.42","1168.84","1.79","2.23","USD","-1172.86","588.78","ORD0001625","2026-04-23 14:55:07","LMT","mock-trader","MOCKEXEC00001625"
"117.03","BUY","USD","AMD","T001626","2026-04-23","Trade","ARCA","20","188.22","3764.4","2.15","1.54","USD","-3768.09","188.65","ORD0001626","2026-04-23 14:10:32","MKT","mock-trader","MOCKEXEC00001626"
"36.0","BUY","USD","MSFT","T001627","2026-04-23","Trade","NASDAQ","1","393.87","393.87","1.43","1.91","USD","-397.21","397.79","ORD0001627","2026-04-23 14:00:03","LMT","mock-trader","MOCKEXEC00001627"
"91.99","BUY","USD","AMZN","T001628","2026-04-23","Trade","NASDAQ","50","183.67","9183.5","0.66","0.47","USD","-9184.63","180.82","ORD0001628","2026-04-23 09:20:51","LMT","mock-trader","MOCKEXEC00001628"
"287.66","BUY","USD","AMZN","T001629","2026-04-23","Trade","ARCA","50","220.98","11049.0","1.94","0.61","USD","-11051.55","219.67","ORD0001629","2026-04-23 15:39:10","MKT","mock-trader","MOCKEXEC00001629"
"36.1","SELL","USD","AAPL","T001630","2026-04-23","Trade","ARCA","20","237.38","4747.6","2.88","1.95","USD","31.27","244.32","ORD0001630","2026-04-23 15:14:11","MKT","mock-trader","MOCKEXEC00001630"
"23.75","BUY","USD","GOOGL","T001631","2026-04-23","Trade","NYSE","5","272.18","1360.9","2.61","1.39","USD","-1364.9","274.34","ORD0001631","2026-04-23 14:34:58","MKT","mock-trader","MOCKEXEC00001631"
"96.07","SELL","USD","GOOGL","T001632","2026-04-23","Trade","ARCA","2","187.17","374.34","3.38","0.49","USD","92.2","194.74","ORD0001632","2026-04-23 10:09:42","MKT","mock-trader","MOCKEXEC00001632"
"244.57","BUY","USD","AMZN","T001633","2026-04-24","Trade","ARCA","2","217.3","434.6","2.56","0.75","USD","-437.91","223.66","ORD0001633","2026-04-24 12:47:38","MKT","mock-trader","MOCKEXEC00001633"
"267.83","SELL","USD","AMD","T001634","2026-04-24","Trade","NYSE","1","160.91","160.91","1.73","0.46","USD","265.64","153.61","ORD0001634","2026-04-24 15:40:46","MKT","mock-trader","MOCKEXEC00001634"
"-142.47","BUY","USD","AAPL","T001635","2026-04-24","Trade","ARCA","10","217.32","2173.2","0.45","1.62","USD","-2175.27","224.62","ORD0001635","2026-04-24 09:29:58","MKT","mock-trader","MOCKEXEC00001635"
"90.51","SELL","USD","TSLA","T001636","2026-04-24","Trade","ARCA","50","378.65","18932.5","1.05","1.74","USD","87.72","373.5","ORD0001636","2026-04-24 14:01:45","MKT","mock-trader","MOCKEXEC00001636"
"230.99","SELL","USD","GOOGL","T001637","2026-04-24","Trade","NASDAQ","15","254.39","3815.85","1.87","1.97","USD","227.15","256.18","ORD0001637","2026-04-24 11:36:53","MKT","mock-trader","MOCKEXEC00001637"
"73.61","SELL","USD","TSLA","T001638","2026-04-24","Trade","ARCA","5","311.61","1558.05","1.98","2.39","USD","69.24","309.1","ORD0001638","2026-04-24 10:38:17","LMT","mock-trader","MOCKEXEC00001638"
"109.67","SELL","USD","AAPL","T001639","2026-04-24","Trade","NYSE","10","262.06","2620.6","2.13","1.25","USD","106.29","264.1","ORD0001639","2026-04-24 10:48:39","LMT","mock-trader","MOCKEXEC00001639"
"18.18","BUY","USD","META","T001640","2026-04-24","Trade","ARCA","25","672.23","16805.75","0.08","0.26","USD","-16806.09","676.74","ORD0001640","2026-04-24 12:19:43","LMT","mock-trader","MOCKEXEC00001640"
"-142.37","SELL","USD","META","T001641","2026-04-24","Trade","NYSE","10","621.69","6216.9","1.78","2.06","USD","-146.21","626.52","ORD0001641","2026-04-24 15:19:07","LMT","mock-trader","MOCKEXEC00001641"
"-8.32","SELL","USD","META","T001642","2026-04-27","Trade","ARCA","50","783.12","39156.0","1.4","1.56","USD","-11.28","788.05","ORD0001642","2026-04-27 09:24:18","MKT","mock-trader","MOCKEXEC00001642"
"122.46","SELL","USD","META","T001643","2026-04-27","Trade","NASDAQ","15","502.96","7544.4","2.32","1.41","USD","118.73","501.27","ORD0001643","2026-04-27 09:20:10","MKT","mock-trader","MOCKEXEC00001643"
"-160.46","SELL","USD","NVDA","T001644","2026-04-27","Trade","NASDAQ","3","176.89","530.67","1.4","1.49","USD","-163.35","183.32","ORD0001644","2026-04-27 09:53:34","LMT","mock-trader","MOCKEXEC00001644"
"-69.28","SELL","USD","META","T001645","2026-04-27","Trade","NASDAQ","50","531.31","26565.5","1.95","1.46","USD","-72.69","532.2","ORD0001645","2026-04-27 15:42:51","LMT","mock-trader","MOCKEXEC00001645"
"129.43","SELL","USD","AMD","T001646","2026-04-27","Trade","NYSE","50","182.66","9133.0","2.58","0.84","USD","126.01","188.33","ORD0001646","2026-04-27 09:35:22","MKT","mock-trader","MOCKEXEC00001646"
"277.6","BUY","USD","AAPL","T001647","2026-04-27","Trade","ARCA","25","255.18","6379.5","0.17","0.73","USD","-6380.4","258.05","ORD0001647","2026-04-27 14:24:48","LMT","mock-trader","MOCKEXEC00001647"
"304.12","SELL","USD","MSFT","T001648","2026-04-27","Trade","NYSE","5","353.46","1767.3","1.25","0.91","USD","301.96","354.39","ORD0001648","2026-04-27 15:36:12","LMT","mock-trader","MOCKEXEC00001648"
"59.93","SELL","USD","GOOGL","T001649","2026-04-27","Trade","ARCA","1","225.4","225.4","2.52","0.29","USD","57.12","219.29","ORD0001649","2026-04-27 12:10:26","MKT","mock-trader","MOCKEXEC00001649"
"264.28","BUY","USD","AAPL","T001650","2026-04-27","Trade","ARCA","5","229.94","1149.7","0.43","0.77","USD","-1150.9","236.64","ORD0001650","2026-04-27 11:16:08","MKT","mock-trader","MOCKEXEC00001650"
"99.31","SELL","USD","AMD","T001651","2026-04-28","Trade","NASDAQ","15","243.2","3648.0","3.25","2.09","USD","93.97","241.19","ORD0001651","2026-04-28 11:02:24","MKT","mock-trader","MOCKEXEC00001651"
"38.09","SELL","USD","MSFT","T001652","2026-04-28","Trade","NASDAQ","15","472.26","7083.9","1.67","0.96","USD","35.46","471.07","ORD0001652","2026-04-28 10:11:54","MKT","mock-trader","MOCKEXEC00001652"
"137.6","SELL","USD","AAPL","T001653","2026-04-28","Trade","NYSE","5","215.08","1075.4","2.31","1.24","USD","134.05","207.55","ORD0001653","2026-04-28 12:19:30","LMT","mock-trader","MOCKEXEC00001653"
"120.39","SELL","USD","META","T001654","2026-04-28","Trade","NYSE","15","679.19","10187.85","1.14","0.47","USD","118.78","684.38","ORD0001654","2026-04-28 10:34:14","MKT","mock-trader","MOCKEXEC00001654"
"184.33","BUY","USD","AMD","T001655","2026-04-28","Trade","ARCA","3","143.12","429.36","0.76","0.62","USD","-430.74","148.38","ORD0001655","2026-04-28 13:03:00","MKT","mock-trader","MOCKEXEC00001655"
"285.26","BUY","USD","GOOGL","T001656","2026-04-28","Trade","ARCA","3","291.98","875.94","0.24","1.86","USD","-878.04","291.54","ORD0001656","2026-04-28 15:40:09","LMT","mock-trader","MOCKEXEC00001656"
"88.04","BUY","USD","AMD","T001657","2026-04-28","Trade","NYSE","20","215.86","4317.2","1.91","0.8","USD","-4319.91","213.4","ORD0001657","2026-04-28 11:45:43","LMT","mock-trader","MOCKEXEC00001657"
"240.85","BUY","USD","NVDA","T001658","2026-04-28","Trade","NYSE","10","113.62","1136.2","0.49","2.18","USD","-1138.87","107.24","ORD0001658","2026-04-28 09:32:20","LMT","mock-trader","MOCKEXEC00001658"
"278.12","SELL","USD","MSFT","T001659","2026-04-28","Trade","NYSE","2","360.95","721.9","1.85","1.68","USD","274.59","358.76","ORD0001659","2026-04-28 13:05:16","LMT","mock-trader","MOCKEXEC00001659"
"3.06","SELL","USD","META","T001660","2026-04-28","Trade","ARCA","25","569.1","14227.5","0.75","1.99","USD","0.32","565.86","ORD0001660","2026-04-28 15:33:46","LMT","mock-trader","MOCKEXEC00001660"
"-29.86","SELL","USD","MSFT","T001661","2026-04-28","Trade","ARCA","2","421.28","842.56","2.82","1.53","USD","-34.21","416.47","ORD0001661","2026-04-28 11:54:57","MKT","mock-trader","MOCKEXEC00001661"
"87.16","SELL","USD","AAPL","T001662","2026-04-28","Trade","NASDAQ","5","234.18","1170.9","0.78","0.53","USD","85.85","229.66","ORD0001662","2026-04-28 09:55:50","MKT","mock-trader","MOCKEXEC00001662"
"73.01","SELL","USD","NVDA","T001663","2026-04-29","Trade","NYSE","1","141.04","141.04","3.11","2.08","USD","67.82","141.95","ORD0001663","2026-04-29 11:50:11","LMT","mock-trader","MOCKEXEC00001663"
"37.4","BUY","USD","AMZN","T001664","2026-04-29","Trade","NYSE","10","232.72","2327.2","1.11","0.39","USD","-2328.7","227.62","ORD0001664","2026-04-29 12:44:19","LMT","mock-trader","MOCKEXEC00001664"
"222.89","SELL","USD","AMZN","T001665","2026-04-29","Trade","ARCA","5","198.26","991.3","1.79","0.48","USD","220.62","199.29","ORD0001665","2026-04-29 09:22:27","LMT","mock-trader","MOCKEXEC00001665"
"68.28","SELL","USD","AMZN","T001666","2026-04-29","Trade","NYSE","10","236.94","2369.4","2.57","1.25","USD","64.46","235.0","ORD0001666","2026-04-29 10:37:51","MKT","mock-trader","MOCKEXEC00001666"
"-111.72","BUY","USD","META","T001667","2026-04-29","Trade","NYSE","5","744.09","3720.45","2.12","0.83","USD","-3723.4","742.11","ORD0001667","2026-04-29 15:27:16","MKT","mock-trader","MOCKEXEC00001667"
"117.79","BUY","USD","AAPL","T001668","2026-04-29","Trade","ARCA","2","203.38","406.76","1.19","0.76","USD","-408.71","195.65","ORD0001668","2026-04-29 10:53:59","LMT","mock-trader","MOCKEXEC00001668"
"24.8","BUY","USD","NVDA","T001669","2026-04-29","Trade","ARCA","2","143.22","286.44","1.83","2.29","USD","-290.56","137.94","ORD0001669","2026-04-29 11:24:17","LMT","mock-trader","MOCKEXEC00001669"
"275.42","SELL","USD","AMD","T001670","2026-04-29","Trade","NYSE","25","125.6","3140.0","1.3","1.99","USD","272.13","125.44","ORD0001670","2026-04-29 14:45:36","MKT","mock-trader","MOCKEXEC00001670"
"40.55","BUY","USD","MSFT","T001671","2026-04-29","Trade","NASDAQ","3","378.69","1136.07","2.04","1.9","USD","-1140.01","380.44","ORD0001671","2026-04-29 14:54:40","MKT","mock-trader","MOCKEXEC00001671"
"283.12","SELL","USD","AMZN","T001672","2026-04-30","Trade","NASDAQ","2","196.21","392.42","2.63","1.44","USD","279.05","202.86","ORD0001672","2026-04-30 11:59:21","LMT","mock-trader","MOCKEXEC00001672"
"-100.06","SELL","USD","AMZN","T001673","2026-04-30","Trade","ARCA","25","226.05","5651.25","3.48","2.46","USD","-106.0","219.73","ORD0001673","2026-04-30 10:46:13","MKT","mock-trader","MOCKEXEC00001673"
"-122.96","SELL","USD","AMZN","T001674","2026-04-30","Trade","NASDAQ","20","234.89","4697.8","0.29","0.8","USD","-124.05","242.67","ORD0001674","2026-04-30 12:53:34","LMT","mock-trader","MOCKEXEC00001674"
"128.6","BUY","USD","TSLA","T001675","2026-04-30","Trade","NASDAQ","1","397.58","397.58","3.21","2.42","USD","-403.21","401.1","ORD0001675","2026-04-30 14:54:10","LMT","mock-trader","MOCKEXEC00001675"
"100.14","BUY","USD","AMD","T001676","2026-04-30","Trade","NASDAQ","15","147.34","2210.1","1.49","1.2","USD","-2212.79","142.66","ORD0001676","2026-04-30 15:50:23","LMT","mock-trader","MOCKEXEC00001676"
"154.47","SELL","USD","AAPL","T001677","2026-04-30","Trade","ARCA","1","253.82","253.82","0.68","1.77","USD","152.02","246.14","ORD0001677","2026-04-30 14:07:07","MKT","mock-trader","MOCKEXEC00001677"
"86.32","BUY","USD","MSFT","T001678","2026-04-30","Trade","NYSE","5","541.71","2708.55","2.98","2.47","USD","-2714.0","538.63","ORD0001678","2026-04-30 14:55:20","MKT","mock-trader","MOCKEXEC00001678"
"165.04","SELL","USD","AMZN","T001679","2026-04-30","Trade","NASDAQ","1","207.4","207.4","1.15","1.45","USD","162.44","201.02","ORD0001679","2026-04-30 13:45:07","LMT","mock-trader","MOCKEXEC00001679"
"177.32","BUY","USD","TSLA","T001680","2026-04-30","Trade","ARCA","3","309.87","929.61","0.72","0.41","USD","-930.74","307.36","ORD0001680","2026-04-30 14:50:50","LMT","mock-trader","MOCKEXEC00001680"
"39.94","SELL","USD","AMZN","T001681","2026-04-30","Trade","NASDAQ","20","163.99","3279.8","0.76","1.03","USD","38.15","167.52","ORD0001681","2026-04-30 12:36:15","LMT","mock-trader","MOCKEXEC00001681"
"307.71","BUY","USD","AAPL","T001682","2026-05-01","Trade","NYSE","15","238.12","3571.8","3.42","2.14","USD","-3577.36","237.0","ORD0001682","2026-05-01 11:40:18","MKT","mock-trader","MOCKEXEC00001682"
"-60.3","SELL","USD","MSFT","T001683","2026-05-01","Trade","NYSE","20","514.08","10281.6","1.71","0.67","USD","-62.68","511.63","ORD0001683","2026-05-01 09:06:24","MKT","mock-trader","MOCKEXEC00001683"
"275.51","BUY","USD","GOOGL","T001684","2026-05-01","Trade","NYSE","3","275.75","827.25","1.65","0.66","USD","-829.56","268.2","ORD0001684","2026-05-01 10:34:38","LMT","mock-trader","MOCKEXEC00001684"
"-32.51","BUY","USD","GOOGL","T001685","2026-05-01","Trade","ARCA","15","287.12","4306.8","1.82","1.1","USD","-4309.72","283.2","ORD0001685","2026-05-01 09:52:45","LMT","mock-trader","MOCKEXEC00001685"
"168.28","BUY","USD","MSFT","T001686","2026-05-01","Trade","ARCA","2","474.69","949.38","3.36","0.98","USD","-953.72","480.96","ORD0001686","2026-05-01 11:34:55","LMT","mock-trader","MOCKEXEC00001686"
"301.67","SELL","USD","GOOGL","T001687","2026-05-01","Trade","NASDAQ","1","296.3","296.3","0.13","1.76","USD","299.78","297.05","ORD0001687","2026-05-01 10:31:13","LMT","mock-trader","MOCKEXEC00001687"
"-112.84","SELL","USD","NVDA","T001688","2026-05-01","Trade","NYSE","20","116.68","2333.6","3.0","2.21","USD","-118.05","112.89","ORD0001688","2026-05-01 11:43:17","MKT","mock-trader","MOCKEXEC00001688"
"107.67","SELL","USD","AMZN","T001689","2026-05-01","Trade","ARCA","5","242.66","1213.3","2.01","0.35","USD","105.31","242.58","ORD0001689","2026-05-01 11:44:48","MKT","mock-trader","MOCKEXEC00001689"
"249.1","BUY","USD","NVDA","T001690","2026-05-01","Trade","NYSE","50","142.93","7146.5","3.28","1.4","USD","-7151.18","147.17","ORD0001690","2026-05-01 15:20:48","MKT","mock-trader","MOCKEXEC00001690"
"-118.36","SELL","USD","TSLA","T001691","2026-05-04","Trade","ARCA","3","419.17","1257.51","0.93","0.69","USD","-119.98","421.44","ORD0001691","2026-05-04 12:51:35","MKT","mock-trader","MOCKEXEC00001691"
"202.83","SELL","USD","MSFT","T001692","2026-05-04","Trade","NASDAQ","10","505.13","5051.3","0.12","0.94","USD","201.77","500.46","ORD0001692","2026-05-04 13:48:33","LMT","mock-trader","MOCKEXEC00001692"
"-0.43","SELL","USD","AMZN","T001693","2026-05-04","Trade","NYSE","25","215.19","5379.75","1.79","1.9","USD","-4.12","210.62","ORD0001693","2026-05-04 11:48:30","MKT","mock-trader","MOCKEXEC00001693"
"122.52","BUY","USD","META","T001694","2026-05-04","Trade","ARCA","5","715.24","3576.2","2.18","0.5","USD","-3578.88","722.46","ORD0001694","2026-05-04 10:32:52","LMT","mock-trader","MOCKEXEC00001694"
"-113.38","BUY","USD","AAPL","T001695","2026-05-04","Trade","NASDAQ","50","208.94","10447.0","0.93","0.63","USD","-10448.56","201.57","ORD0001695","2026-05-04 11:04:41","MKT","mock-trader","MOCKEXEC00001695"
"-113.02","BUY","USD","MSFT","T001696","2026-05-04","Trade","ARCA","15","440.04","6600.6","0.94","0.88","USD","-6602.42","432.35","ORD0001696","2026-05-04 14:44:31","LMT","mock-trader","MOCKEXEC00001696"
"318.92","BUY","USD","MSFT","T001697","2026-05-04","Trade","ARCA","3","404.14","1212.42","0.84","1.49","USD","-1214.75","397.34","ORD0001697","2026-05-04 13:30:45","LMT","mock-trader","MOCKEXEC00001697"
"91.99","BUY","USD","MSFT","T001698","2026-05-04","Trade","NYSE","3","500.13","1500.39","1.63","1.57","USD","-1503.59","503.9","ORD0001698","2026-05-04 12:09:47","LMT","mock-trader","MOCKEXEC00001698"
"-140.94","BUY","USD","GOOGL","T001699","2026-05-04","Trade","ARCA","3","176.62","529.86","1.74","0.92","USD","-532.52","170.93","ORD0001699","2026-05-04 11:00:16","MKT","mock-trader","MOCKEXEC00001699"
"130.93","BUY","USD","GOOGL","T001700","2026-05-05","Trade","NASDAQ","2","230.04","460.08","0.12","0.94","USD","-461.14","230.45","ORD0001700","2026-05-05 09:44:24","MKT","mock-trader","MOCKEXEC00001700"
"44.33","BUY","USD","AMD","T001701","2026-05-05","Trade","ARCA","3","181.92","545.76","2.28","0.38","USD","-548.42","188.8","ORD0001701","2026-05-05 15:02:02","LMT","mock-trader","MOCKEXEC00001701"
"-144.96","SELL","USD","AMZN","T001702","2026-05-05","Trade","NYSE","20","222.14","4442.8","1.26","1.17","USD","-147.39","222.84","ORD0001702","2026-05-05 09:00:21","LMT","mock-trader","MOCKEXEC00001702"
"-58.3","BUY","USD","TSLA","T001703","2026-05-05","Trade","NASDAQ","1","269.16","269.16","1.17","2.05","USD","-272.38","276.61","ORD0001703","2026-05-05 09:51:29","LMT","mock-trader","MOCKEXEC00001703"
"-94.17","BUY","USD","MSFT","T001704","2026-05-05","Trade","ARCA","1","480.87","480.87","0.33","0.71","USD","-481.91","485.88","ORD0001704","2026-05-05 13:02:47","LMT","mock-trader","MOCKEXEC00001704"
"-120.02","SELL","USD","MSFT","T001705","2026-05-05","Trade","ARCA","25","378.51","9462.75","2.81","0.82","USD","-123.65","384.43","ORD0001705","2026-05-05 14:49:17","LMT","mock-trader","MOCKEXEC00001705"
"93.58","SELL","USD","MSFT","T001706","2026-05-05","Trade","NASDAQ","2","463.9","927.8","3.47","0.4","USD","89.71","469.25","ORD0001706","2026-05-05 12:16:19","LMT","mock-trader","MOCKEXEC00001706"
"-33.43","BUY","USD","AAPL","T001707","2026-05-05","Trade","NYSE","5","253.17","1265.85","2.75","2.28","USD","-1270.88","248.11","ORD0001707","2026-05-05 10:05:41","MKT","mock-trader","MOCKEXEC00001707"
"-45.06","BUY","USD","TSLA","T001708","2026-05-06","Trade","ARCA","5","432.27","2161.35","0.29","2.4","USD","-2164.04","438.89","ORD0001708","2026-05-06 14:46:01","LMT","mock-trader","MOCKEXEC00001708"
"7.91","SELL","USD","META","T001709","2026-05-06","Trade","NASDAQ","25","764.99","19124.75","0.08","1.77","USD","6.06","763.72","ORD0001709","2026-05-06 14:22:20","MKT","mock-trader","MOCKEXEC00001709"
"52.81","SELL","USD","NVDA","T001710","2026-05-06","Trade","NYSE","20","106.31","2126.2","2.86","1.87","USD","48.08","98.7","ORD0001710","2026-05-06 14:08:17","LMT","mock-trader","MOCKEXEC00001710"
"-127.12","BUY","USD","TSLA","T001711","2026-05-06","Trade","NASDAQ","20","257.41","5148.2","2.01","0.5","USD","-5150.71","264.69","ORD0001711","2026-05-06 13:37:59","MKT","mock-trader","MOCKEXEC00001711"
"221.17","SELL","USD","GOOGL","T001712","2026-05-06","Trade","ARCA","10","259.88","2598.8","3.1","0.82","USD","217.25","260.78","ORD0001712","2026-05-06 15:56:58","LMT","mock-trader","MOCKEXEC00001712"
"-150.61","BUY","USD","NVDA","T001713","2026-05-06","Trade","ARCA","25","130.35","3258.75","0.03","1.43","USD","-3260.21","127.34","ORD0001713","2026-05-06 11:01:32","MKT","mock-trader","MOCKEXEC00001713"
"65.35","BUY","USD","AMD","T001714","2026-05-06","Trade","NYSE","2","185.78","371.56","2.17","1.53","USD","-375.26","179.15","ORD0001714","2026-05-06 11:02:03","MKT","mock-trader","MOCKEXEC00001714"
"309.82","BUY","USD","GOOGL","T001715","2026-05-06","Trade","NASDAQ","5","267.81","1339.05","0.98","0.86","USD","-1340.89","266.8","ORD0001715","2026-05-06 12:02:32","MKT","mock-trader","MOCKEXEC00001715"
"-105.98","SELL","USD","GOOGL","T001716","2026-05-07","Trade","NYSE","10","214.75","2147.5","2.99","0.63","USD","-109.6","222.72","ORD0001716","2026-05-07 10:47:46","MKT","mock-trader","MOCKEXEC00001716"
"-75.93","SELL","USD","AAPL","T001717","2026-05-07","Trade","NYSE","15","200.1","3001.5","0.76","0.39","USD","-77.08","192.39","ORD0001717","2026-05-07 13:24:15","LMT","mock-trader","MOCKEXEC00001717"
"-178.32","BUY","USD","AMD","T001718","2026-05-07","Trade","NASDAQ","2","191.83","383.66","1.82","1.98","USD","-387.46","192.92","ORD0001718","2026-05-07 09:07:16","LMT","mock-trader","MOCKEXEC00001718"
"196.48","BUY","USD","AAPL","T001719","2026-05-07","Trade","NYSE","2","226.91","453.82","2.2","2.1","USD","-458.12","221.13","ORD0001719","2026-05-07 12:12:59","LMT","mock-trader","MOCKEXEC00001719"
"186.53","SELL","USD","AAPL","T001720","2026-05-07","Trade","ARCA","1","237.92","237.92","1.05","2.48","USD","183.0","245.14","ORD0001720","2026-05-07 15:55:58","LMT","mock-trader","MOCKEXEC00001720"
"-154.67","SELL","USD","AMD","T001721","2026-05-07","Trade","NASDAQ","20","136.74","2734.8","3.22","2.09","USD","-159.98","144.3","ORD0001721","2026-05-07 13:17:43","MKT","mock-trader","MOCKEXEC00001721"
"-57.84","BUY","USD","GOOGL","T001722","2026-05-07","Trade","ARCA","2","258.45","516.9","1.56","2.34","USD","-520.8","258.82","ORD0001722","2026-05-07 09:20:05","LMT","mock-trader","MOCKEXEC00001722"
"106.67","SELL","USD","META","T001723","2026-05-07","Trade","ARCA","50","542.46","27123.0","2.82","0.59","USD","103.26","534.75","ORD0001723","2026-05-07 14:16:51","MKT","mock-trader","MOCKEXEC00001723"
"-60.41","SELL","USD","MSFT","T001724","2026-05-07","Trade","NYSE","5","414.79","2073.95","1.45","0.32","USD","-62.18","411.94","ORD0001724","2026-05-07 13:38:38","LMT","mock-trader","MOCKEXEC00001724"
"-153.17","SELL","USD","GOOGL","T001725","2026-05-08","Trade","NASDAQ","25","172.24","4306.0","0.2","0.56","USD","-153.93","178.34","ORD0001725","2026-05-08 14:01:51","MKT","mock-trader","MOCKEXEC00001725"
"118.23","BUY","USD","NVDA","T001726","2026-05-08","Trade","ARCA","5","141.07","705.35","2.68","2.43","USD","-710.46","135.46","ORD0001726","2026-05-08 12:09:02","LMT","mock-trader","MOCKEXEC00001726"
"272.42","SELL","USD","MSFT","T001727","2026-05-08","Trade","NASDAQ","10","487.77","4877.7","1.64","2.03","USD","268.75","485.51","ORD0001727","2026-05-08 10:26:19","MKT","mock-trader","MOCKEXEC00001727"
"-136.41","SELL","USD","TSLA","T001728","2026-05-08","Trade","NYSE","1","251.68","251.68","2.17","2.48","USD","-141.06","252.64","ORD0001728","2026-05-08 10:35:44","MKT","mock-trader","MOCKEXEC00001728"
"213.15","SELL","USD","MSFT","T001729","2026-05-08","Trade","NYSE","2","475.67","951.34","3.41","1.03","USD","208.71","467.96","ORD0001729","2026-05-08 14:55:57","MKT","mock-trader","MOCKEXEC00001729"
"-70.47","BUY","USD","AAPL","T001730","2026-05-08","Trade","ARCA","25","242.11","6052.75","0.93","1.17","USD","-6054.85","234.97","ORD0001730","2026-05-08 10:35:15","MKT","mock-trader","MOCKEXEC00001730"
"259.49","BUY","USD","AMD","T001731","2026-05-08","Trade","ARCA","1","113.46","113.46","3.18","0.7","USD","-117.34","119.93","ORD0001731","2026-05-08 13:47:59","LMT","mock-trader","MOCKEXEC00001731"
"147.43","SELL","USD","MSFT","T001732","2026-05-08","Trade","NYSE","2","375.02","750.04","0.93","1.45","USD","145.05","373.01","ORD0001732","2026-05-08 12:47:27","LMT","mock-trader","MOCKEXEC00001732"
"-157.0","SELL","USD","AMZN","T001733","2026-05-08","Trade","ARCA","10","188.18","1881.8","3.06","1.72","USD","-161.78","194.48","ORD0001733","2026-05-08 12:26:14","LMT","mock-trader","MOCKEXEC00001733"
"-13.55","BUY","USD","GOOGL","T001734","2026-05-08","Trade","NYSE","2","243.31","486.62","0.02","1.37","USD","-488.01","247.21","ORD0001734","2026-05-08 14:13:46","LMT","mock-trader","MOCKEXEC00001734"
"30.93","BUY","USD","META","T001735","2026-05-11","Trade","ARCA","15","667.5","10012.5","1.72","1.17","USD","-10015.39","662.21","ORD0001735","2026-05-11 11:48:06","MKT","mock-trader","MOCKEXEC00001735"
"-178.1","BUY","USD","AMD","T001736","2026-05-11","Trade","NYSE","20","167.96","3359.2","1.37","1.19","USD","-3361.76","172.91","ORD0001736","2026-05-11 11:59:44","MKT","mock-trader","MOCKEXEC00001736"
"130.7","SELL","USD","NVDA","T001737","2026-05-11","Trade","NYSE","2","176.51","353.02","1.55","2.5","USD","126.65","182.15","ORD0001737","2026-05-11 12:32:54","LMT","mock-trader","MOCKEXEC00001737"
"109.09","SELL","USD","AMD","T001738","2026-05-11","Trade","NYSE","2","199.36","398.72","2.24","1.06","USD","105.79","191.94","ORD0001738","2026-05-11 09:51:32","LMT","mock-trader","MOCKEXEC00001738"
"252.05","BUY","USD","META","T001739","2026-05-11","Trade","NYSE","3","570.59","1711.77","2.84","0.94","USD","-1715.55","567.51","ORD0001739","2026-05-11 12:56:47","MKT","mock-trader","MOCKEXEC00001739"
"138.6","BUY","USD","MSFT","T001740","2026-05-11","Trade","ARCA","2","417.26","834.52","2.95","1.61","USD","-839.08","421.28","ORD0001740","2026-05-11 10:22:16","MKT","mock-trader","MOCKEXEC00001740"
"141.41","SELL","USD","AAPL","T001741","2026-05-11","Trade","NASDAQ","10","256.07","2560.7","0.31","0.53","USD","140.57","258.8","ORD0001741","2026-05-11 13:31:49","MKT","mock-trader","MOCKEXEC00001741"
"154.35","SELL","USD","NVDA","T001742","2026-05-11","Trade","ARCA","5","100.2","501.0","0.82","0.76","USD","152.77","103.03","ORD0001742","2026-05-11 15:18:32","MKT","mock-trader","MOCKEXEC00001742"
"22.58","SELL","USD","META","T001743","2026-05-12","Trade","NASDAQ","50","506.96","25348.0","0.91","1.99","USD","19.68","504.52","ORD0001743","2026-05-12 09:52:06","MKT","mock-trader","MOCKEXEC00001743"
"148.26","BUY","USD","MSFT","T001744","2026-05-12","Trade","ARCA","15","412.2","6183.0","0.98","2.05","USD","-6186.03","407.18","ORD0001744","2026-05-12 15:01:07","LMT","mock-trader","MOCKEXEC00001744"
"231.9","SELL","USD","AAPL","T001745","2026-05-12","Trade","NYSE","50","229.67","11483.5","0.84","0.57","USD","230.49","233.09","ORD0001745","2026-05-12 14:55:32","MKT","mock-trader","MOCKEXEC00001745"
"169.43","BUY","USD","AAPL","T001746","2026-05-12","Trade","NASDAQ","3","204.37","613.11","0.37","1.26","USD","-614.74","209.62","ORD0001746","2026-05-12 13:38:58","MKT","mock-trader","MOCKEXEC00001746"
"-75.07","SELL","USD","MSFT","T001747","2026-05-12","Trade","NYSE","1","537.67","537.67","3.22","1.32","USD","-79.61","531.54","ORD0001747","2026-05-12 09:48:44","MKT","mock-trader","MOCKEXEC00001747"
"-127.52","SELL","USD","AMD","T001748","2026-05-12","Trade","ARCA","1","217.1","217.1","2.21","1.12","USD","-130.85","223.94","ORD0001748","2026-05-12 15:22:43","MKT","mock-trader","MOCKEXEC00001748"
"138.07","BUY","USD","META","T001749","2026-05-12","Trade","NASDAQ","10","753.62","7536.2","2.88","0.99","USD","-7540.07","751.45","ORD0001749","2026-05-12 09:40:07","MKT","mock-trader","MOCKEXEC00001749"
"173.08","BUY","USD","TSLA","T001750","2026-05-13","Trade","NYSE","15","356.02","5340.3","0.08","2.33","USD","-5342.71","356.95","ORD0001750","2026-05-13 14:55:53","MKT","mock-trader","MOCKEXEC00001750"
"-151.88","BUY","USD","AMD","T001751","2026-05-13","Trade","ARCA","25","189.81","4745.25","0.79","0.5","USD","-4746.54","188.46","ORD0001751","2026-05-13 12:01:35","MKT","mock-trader","MOCKEXEC00001751"
"158.42","BUY","USD","AMD","T001752","2026-05-13","Trade","NASDAQ","3","234.06","702.18","3.08","1.57","USD","-706.83","241.87","ORD0001752","2026-05-13 11:30:31","MKT","mock-trader","MOCKEXEC00001752"
"259.15","SELL","USD","AMD","T001753","2026-05-13","Trade","ARCA","5","106.05","530.25","1.96","0.49","USD","256.7","112.5","ORD0001753","2026-05-13 10:51:18","MKT","mock-trader","MOCKEXEC00001753"
"70.25","SELL","USD","TSLA","T001754","2026-05-13","Trade","NASDAQ","25","423.43","10585.75","0.05","1.72","USD","68.48","426.14","ORD0001754","2026-05-13 11:12:51","MKT","mock-trader","MOCKEXEC00001754"
"-119.23","BUY","USD","GOOGL","T001755","2026-05-13","Trade","ARCA","3","295.54","886.62","2.05","2.03","USD","-890.7","293.69","ORD0001755","2026-05-13 14:48:24","LMT","mock-trader","MOCKEXEC00001755"
"-170.04","SELL","USD","AMD","T001756","2026-05-13","Trade","NASDAQ","20","199.96","3999.2","2.8","1.79","USD","-174.63","197.66","ORD0001756","2026-05-13 12:39:44","MKT","mock-trader","MOCKEXEC00001756"
"187.9","BUY","USD","TSLA","T001757","2026-05-13","Trade","NYSE","2","314.37","628.74","2.94","2.26","USD","-633.94","319.55","ORD0001757","2026-05-13 12:04:00","MKT","mock-trader","MOCKEXEC00001757"
"290.51","BUY","USD","AMZN","T001758","2026-05-13","Trade","NASDAQ","15","154.64","2319.6","2.85","1.43","USD","-2323.88","150.77","ORD0001758","2026-05-13 15:10:18","MKT","mock-trader","MOCKEXEC00001758"
"-33.58","BUY","USD","AMZN","T001759","2026-05-13","Trade","ARCA","10","204.18","2041.8","0.23","0.3","USD","-2042.33","201.0","ORD0001759","2026-05-13 09:47:27","MKT","mock-trader","MOCKEXEC00001759"
"-129.53","SELL","USD","AAPL","T001760","2026-05-13","Trade","ARCA","5","203.28","1016.4","3.19","1.1","USD","-133.82","206.8","ORD0001760","2026-05-13 15:51:45","LMT","mock-trader","MOCKEXEC00001760"
"253.87","SELL","USD","META","T001761","2026-05-13","Trade","NYSE","5","569.33","2846.65","2.15","0.99","USD","250.73","566.29","ORD0001761","2026-05-13 09:05:00","MKT","mock-trader","MOCKEXEC00001761"
"204.35","SELL","USD","MSFT","T001762","2026-05-13","Trade","NASDAQ","25","434.12","10853.0","0.54","1.39","USD","202.42","439.05","ORD0001762","2026-05-13 15:27:54","LMT","mock-trader","MOCKEXEC00001762"
"277.2","SELL","USD","AMZN","T001763","2026-05-14","Trade","NYSE","15","224.45","3366.75","0.39","1.48","USD","275.33","217.67","ORD0001763","2026-05-14 12:58:31","MKT","mock-trader","MOCKEXEC00001763"
"68.88","BUY","USD","NVDA","T001764","2026-05-14","Trade","ARCA","15","161.21","2418.15","0.34","1.07","USD","-2419.56","155.69","ORD0001764","2026-05-14 15:40:02","LMT","mock-trader","MOCKEXEC00001764"
"-32.18","BUY","USD","NVDA","T001765","2026-05-14","Trade","NYSE","20","101.51","2030.2","1.02","1.96","USD","-2033.18","106.99","ORD0001765","2026-05-14 11:49:17","LMT","mock-trader","MOCKEXEC00001765"
"40.77","BUY","USD","AMD","T001766","2026-05-14","Trade","NYSE","1","153.72","153.72","0.1","0.71","USD","-154.53","158.95","ORD0001766","2026-05-14 12:07:23","LMT","mock-trader","MOCKEXEC00001766"
"-149.4","BUY","USD","AMD","T001767","2026-05-14","Trade","NASDAQ","25","199.69","4992.25","0.34","0.97","USD","-4993.56","207.35","ORD0001767","2026-05-14 13:01:49","LMT","mock-trader","MOCKEXEC00001767"
"-17.84","BUY","USD","META","T001768","2026-05-14","Trade","NYSE","10","650.98","6509.8","1.61","0.66","USD","-6512.07","643.78","ORD0001768","2026-05-14 13:11:21","LMT","mock-trader","MOCKEXEC00001768"
"78.1","BUY","USD","GOOGL","T001769","2026-05-14","Trade","NYSE","25","177.89","4447.25","1.05","0.35","USD","-4448.65","176.56","ORD0001769","2026-05-14 11:08:00","LMT","mock-trader","MOCKEXEC00001769"
"249.83","BUY","USD","AMZN","T001770","2026-05-14","Trade","NYSE","25","244.56","6114.0","2.47","2.37","USD","-6118.84","239.89","ORD0001770","2026-05-14 13:58:25","LMT","mock-trader","MOCKEXEC00001770"
"84.51","SELL","USD","NVDA","T001771","2026-05-14","Trade","ARCA","3","117.43","352.29","2.53","2.13","USD","79.85","119.15","ORD0001771","2026-05-14 12:57:42","MKT","mock-trader","MOCKEXEC00001771"
"166.96","SELL","USD","META","T001772","2026-05-14","Trade","ARCA","5","552.91","2764.55","2.73","2.0","USD","162.23","549.07","ORD0001772","2026-05-14 11:50:01","MKT","mock-trader","MOCKEXEC00001772"
"298.5","BUY","USD","AMD","T001773","2026-05-14","Trade","NYSE","20","211.33","4226.6","1.15","2.17","USD","-4229.92","210.2","ORD0001773","2026-05-14 11:49:00","MKT","mock-trader","MOCKEXEC00001773"
"56.84","SELL","USD","TSLA","T001774","2026-05-14","Trade","NYSE","25","261.55","6538.75","2.08","1.29","USD","53.47","264.92","ORD0001774","2026-05-14 11:16:10","MKT","mock-trader","MOCKEXEC00001774"
"242.54","BUY","USD","AAPL","T001775","2026-05-14","Trade","NASDAQ","50","218.18","10909.0","1.67","2.19","USD","-10912.86","222.17","ORD0001775","2026-05-14 10:29:46","MKT","mock-trader","MOCKEXEC00001775"
"-126.79","BUY","USD","NVDA","T001776","2026-05-15","Trade","NASDAQ","3","138.57","415.71","0.26","1.3","USD","-417.27","136.51","ORD0001776","2026-05-15 12:27:38","LMT","mock-trader","MOCKEXEC00001776"
"-32.74","SELL","USD","MSFT","T001777","2026-05-15","Trade","NYSE","3","361.44","1084.32","2.16","1.47","USD","-36.37","355.26","ORD0001777","2026-05-15 11:53:35","MKT","mock-trader","MOCKEXEC00001777"
"237.77","SELL","USD","AAPL","T001778","2026-05-15","Trade","NASDAQ","3","265.8","797.4","3.34","0.27","USD","234.16","267.15","ORD0001778","2026-05-15 15:11:11","MKT","mock-trader","MOCKEXEC00001778"
"265.24","BUY","USD","GOOGL","T001779","2026-05-15","Trade","ARCA","2","299.53","599.06","0.65","1.14","USD","-600.85","299.46","ORD0001779","2026-05-15 09:03:27","MKT","mock-trader","MOCKEXEC00001779"
"199.74","SELL","USD","MSFT","T001780","2026-05-15","Trade","NASDAQ","25","526.71","13167.75","3.23","2.06","USD","194.45","520.0","ORD0001780","2026-05-15 10:28:56","LMT","mock-trader","MOCKEXEC00001780"
"-75.66","BUY","USD","AAPL","T001781","2026-05-15","Trade","NASDAQ","10","240.83","2408.3","1.45","1.28","USD","-2411.03","236.89","ORD0001781","2026-05-15 11:24:36","MKT","mock-trader","MOCKEXEC00001781"
"-59.17","SELL","USD","NVDA","T001782","2026-05-18","Trade","NYSE","25","134.66","3366.5","1.94","1.46","USD","-62.57","141.99","ORD0001782","2026-05-18 09:47:25","LMT","mock-trader","MOCKEXEC00001782"
"126.37","BUY","USD","AAPL","T001783","2026-05-18","Trade","NASDAQ","15","243.1","3646.5","3.45","0.98","USD","-3650.93","246.28","ORD0001783","2026-05-18 10:47:38","MKT","mock-trader","MOCKEXEC00001783"
"250.59","BUY","USD","AMD","T001784","2026-05-18","Trade","NASDAQ","25","127.03","3175.75","0.56","1.54","USD","-3177.85","132.19","ORD0001784","2026-05-18 10:22:41","LMT","mock-trader","MOCKEXEC00001784"
"179.26","BUY","USD","GOOGL","T001785","2026-05-18","Trade","ARCA","3","274.57","823.71","1.58","1.7","USD","-826.99","279.76","ORD0001785","2026-05-18 12:55:10","LMT","mock-trader","MOCKEXEC00001785"
"194.46","BUY","USD","TSLA","T001786","2026-05-18","Trade","NYSE","25","302.95","7573.75","2.05","0.3","USD","-7576.1","306.51","ORD0001786","2026-05-18 13:54:34","LMT","mock-trader","MOCKEXEC00001786"
"196.77","SELL","USD","AAPL","T001787","2026-05-18","Trade","NASDAQ","25","269.56","6739.0","2.96","0.3","USD","193.51","262.27","ORD0001787","2026-05-18 09:42:45","MKT","mock-trader","MOCKEXEC00001787"
"272.06","BUY","USD","AAPL","T001788","2026-05-18","Trade","NYSE","3","254.02","762.06","2.72","2.38","USD","-767.16","260.13","ORD0001788","2026-05-18 10:39:02","LMT","mock-trader","MOCKEXEC00001788"
"-5.75","BUY","USD","AAPL","T001789","2026-05-18","Trade","NASDAQ","3","262.91","788.73","0.67","0.71","USD","-790.11","255.01","ORD0001789","2026-05-18 10:15:22","MKT","mock-trader","MOCKEXEC00001789"
"306.71","SELL","USD","NVDA","T001790","2026-05-18","Trade","ARCA","15","127.52","1912.8","0.4","2.24","USD","304.07","123.14","ORD0001790","2026-05-18 11:18:21","MKT","mock-trader","MOCKEXEC00001790"
"224.27","SELL","USD","AMZN","T001791","2026-05-18","Trade","NASDAQ","50","231.32","11566.0","1.0","2.01","USD","221.26","233.3","ORD0001791","2026-05-18 15:49:15","MKT","mock-trader","MOCKEXEC00001791"
"116.05","BUY","USD","META","T001792","2026-05-18","Trade","ARCA","20","775.74","15514.8","0.46","2.08","USD","-15517.34","768.17","ORD0001792","2026-05-18 13:47:47","MKT","mock-trader","MOCKEXEC00001792"
"-134.77","BUY","USD","MSFT","T001793","2026-05-18","Trade","NYSE","10","500.53","5005.3","3.08","0.38","USD","-5008.76","505.01","ORD0001793","2026-05-18 15:38:25","MKT","mock-trader","MOCKEXEC00001793"
"68.21","BUY","USD","AAPL","T001794","2026-05-18","Trade","NASDAQ","3","216.99","650.97","0.69","1.33","USD","-652.99","213.93","ORD0001794","2026-05-18 11:17:10","MKT","mock-trader","MOCKEXEC00001794"
"270.84","SELL","USD","NVDA","T001795","2026-05-19","Trade","NYSE","2","145.31","290.62","1.2","2.47","USD","267.17","138.87","ORD0001795","2026-05-19 10:11:25","MKT","mock-trader","MOCKEXEC00001795"
"181.27","BUY","USD","AMZN","T001796","2026-05-19","Trade","ARCA","25","187.24","4681.0","0.45","1.2","USD","-4682.65","194.45","ORD0001796","2026-05-19 12:20:09","LMT","mock-trader","MOCKEXEC00001796"
"-109.07","SELL","USD","META","T001797","2026-05-19","Trade","NASDAQ","2","769.19","1538.38","0.09","1.65","USD","-110.81","763.12","ORD0001797","2026-05-19 15:49:14","MKT","mock-trader","MOCKEXEC00001797"
"-44.76","SELL","USD","NVDA","T001798","2026-05-19","Trade","NYSE","15","169.96","2549.4","0.67","1.84","USD","-47.27","162.96","ORD0001798","2026-05-19 14:14:55","LMT","mock-trader","MOCKEXEC00001798"
"179.9","SELL","USD","AAPL","T001799","2026-05-19","Trade","NASDAQ","2","218.96","437.92","0.49","1.56","USD","177.85","212.64","ORD0001799","2026-05-19 10:42:53","LMT","mock-trader","MOCKEXEC00001799"
"122.73","SELL","USD","AMD","T001800","2026-05-19","Trade","ARCA","3","139.14","417.42","0.44","1.81","USD","120.48","135.16","ORD0001800","2026-05-19 10:09:05","MKT","mock-trader","MOCKEXEC00001800"
"115.35","SELL","USD","META","T001801","2026-05-19","Trade","NASDAQ","50","737.37","36868.5","2.58","2.43","USD","110.34","734.21","ORD0001801","2026-05-19 13:30:31","LMT","mock-trader","MOCKEXEC00001801"
"260.31","SELL","USD","AMD","T001802","2026-05-19","Trade","NYSE","5","244.25","1221.25","2.65","1.58","USD","256.08","252.03","ORD0001802","2026-05-19 12:22:06","MKT","mock-trader","MOCKEXEC00001802"
"152.76","SELL","USD","NVDA","T001803","2026-05-19","Trade","NYSE","25","157.31","3932.75","3.36","0.87","USD","148.53","163.44","ORD0001803","2026-05-19 11:40:32","MKT","mock-trader","MOCKEXEC00001803"
"58.91","SELL","USD","NVDA","T001804","2026-05-19","Trade","NASDAQ","20","156.85","3137.0","1.42","0.64","USD","56.85","160.68","ORD0001804","2026-05-19 11:25:30","MKT","mock-trader","MOCKEXEC00001804"
"138.82","SELL","USD","TSLA","T001805","2026-05-19","Trade","NASDAQ","5","422.45","2112.25","1.12","1.09","USD","136.61","427.02","ORD0001805","2026-05-19 12:10:35","MKT","mock-trader","MOCKEXEC00001805"
"86.64","SELL","USD","NVDA","T001806","2026-05-19","Trade","NYSE","1","160.4","160.4","1.23","2.04","USD","83.37","167.34","ORD0001806","2026-05-19 12:10:48","LMT","mock-trader","MOCKEXEC00001806"
"143.06","BUY","USD","GOOGL","T001807","2026-05-20","Trade","NASDAQ","10","282.12","2821.2","0.32","2.38","USD","-2823.9","286.81","ORD0001807","2026-05-20 10:59:17","LMT","mock-trader","MOCKEXEC00001807"
"147.56","BUY","USD","NVDA","T001808","2026-05-20","Trade","NASDAQ","1","148.44","148.44","1.38","2.12","USD","-151.94","147.53","ORD0001808","2026-05-20 10:26:25","LMT","mock-trader","MOCKEXEC00001808"
"-87.44","BUY","USD","TSLA","T001809","2026-05-20","Trade","NASDAQ","15","336.06","5040.9","1.67","0.89","USD","-5043.46","328.69","ORD0001809","2026-05-20 14:14:39","MKT","mock-trader","MOCKEXEC00001809"
"-79.6","BUY","USD","MSFT","T001810","2026-05-20","Trade","ARCA","5","424.15","2120.75","2.17","0.55","USD","-2123.47","420.92","ORD0001810","2026-05-20 12:05:05","MKT","mock-trader","MOCKEXEC00001810"
"-169.37","BUY","USD","GOOGL","T001811","2026-05-20","Trade","NYSE","1","212.98","212.98","1.85","1.29","USD","-216.12","215.53","ORD0001811","2026-05-20 11:25:17","MKT","mock-trader","MOCKEXEC00001811"
"255.15","BUY","USD","GOOGL","T001812","2026-05-20","Trade","ARCA","25","296.34","7408.5","1.37","0.74","USD","-7410.61","296.75","ORD0001812","2026-05-20 11:00:00","LMT","mock-trader","MOCKEXEC00001812"
"31.83","SELL","USD","AMZN","T001813","2026-05-20","Trade","NASDAQ","3","169.99","509.97","1.56","1.21","USD","29.06","164.34","ORD0001813","2026-05-20 10:43:07","MKT","mock-trader","MOCKEXEC00001813"
"216.28","BUY","USD","GOOGL","T001814","2026-05-20","Trade","ARCA","1","246.44","246.44","0.91","1.85","USD","-249.2","253.88","ORD0001814","2026-05-20 11:08:12","MKT","mock-trader","MOCKEXEC00001814"
"194.43","SELL","USD","TSLA","T001815","2026-05-21","Trade","NYSE","10","273.26","2732.6","1.61","1.29","USD","191.53","275.8","ORD0001815","2026-05-21 12:33:23","LMT","mock-trader","MOCKEXEC00001815"
"122.2","SELL","USD","AAPL","T001816","2026-05-21","Trade","NYSE","5","255.3","1276.5","0.63","2.44","USD","119.13","260.4","ORD0001816","2026-05-21 12:51:04","LMT","mock-trader","MOCKEXEC00001816"
"-170.11","BUY","USD","TSLA","T001817","2026-05-21","Trade","NYSE","50","360.1","18005.0","0.3","2.15","USD","-18007.45","362.02","ORD0001817","2026-05-21 13:12:11","MKT","mock-trader","MOCKEXEC00001817"
"42.65","BUY","USD","AAPL","T001818","2026-05-21","Trade","NYSE","10","239.23","2392.3","0.93","0.85","USD","-2394.08","243.53","ORD0001818","2026-05-21 10:14:17","LMT","mock-trader","MOCKEXEC00001818"
"106.3","BUY","USD","TSLA","T001819","2026-05-21","Trade","ARCA","50","414.78","20739.0","1.57","1.96","USD","-20742.53","406.95","ORD0001819","2026-05-21 11:55:18","LMT","mock-trader","MOCKEXEC00001819"
"103.91","SELL","USD","AMZN","T001820","2026-05-21","Trade","NYSE","3","191.8","575.4","0.98","1.3","USD","101.63","186.97","ORD0001820","2026-05-21 12:46:45","MKT","mock-trader","MOCKEXEC00001820"
"257.2","BUY","USD","AAPL","T001821","2026-05-21","Trade","NYSE","15","215.9","3238.5","2.19","0.95","USD","-3241.64","219.77","ORD0001821","2026-05-21 11:11:05","LMT","mock-trader","MOCKEXEC00001821"
"-163.75","SELL","USD","AMZN","T001822","2026-05-21","Trade","NYSE","1","233.52","233.52","2.73","1.32","USD","-167.8","226.76","ORD0001822","2026-05-21 14:27:03","LMT","mock-trader","MOCKEXEC00001822"
"72.59","BUY","USD","GOOGL","T001823","2026-05-21","Trade","NYSE","10","183.32","1833.2","3.17","0.84","USD","-1837.21","178.72","ORD0001823","2026-05-21 09:25:46","MKT","mock-trader","MOCKEXEC00001823"
"27.05","SELL","USD","AMD","T001824","2026-05-21","Trade","NASDAQ","20","138.46","2769.2","1.64","1.78","USD","23.63","136.66","ORD0001824","2026-05-21 10:25:35","LMT","mock-trader","MOCKEXEC00001824"
"78.76","BUY","USD","META","T001825","2026-05-21","Trade","ARCA","50","611.83","30591.5","2.13","0.33","USD","-30593.96","604.79","ORD0001825","2026-05-21 12:30:59","MKT","mock-trader","MOCKEXEC00001825"
"-159.5","BUY","USD","MSFT","T001826","2026-05-21","Trade","NYSE","50","411.61","20580.5","1.59","2.14","USD","-20584.23","412.6","ORD0001826","2026-05-21 09:18:15","LMT","mock-trader","MOCKEXEC00001826"
"-56.01","SELL","USD","AAPL","T001827","2026-05-22","Trade","NYSE","1","215.95","215.95","0.93","1.21","USD","-58.15","216.1","ORD0001827","2026-05-22 10:01:25","LMT","mock-trader","MOCKEXEC00001827"
"215.73","BUY","USD","AMZN","T001828","2026-05-22","Trade","NYSE","20","197.1","3942.0","3.17","1.48","USD","-3946.65","191.27","ORD0001828","2026-05-22 14:11:26","LMT","mock-trader","MOCKEXEC00001828"
"46.06","BUY","USD","META","T001829","2026-05-22","Trade","ARCA","1","731.33","731.33","2.26","1.22","USD","-734.81","726.82","ORD0001829","2026-05-22 15:21:43","MKT","mock-trader","MOCKEXEC00001829"
"-77.82","SELL","USD","GOOGL","T001830","2026-05-22","Trade","ARCA","5","235.9","1179.5","2.38","0.63","USD","-80.83","236.14","ORD0001830","2026-05-22 13:55:54","LMT","mock-trader","MOCKEXEC00001830"
"138.84","BUY","USD","GOOGL","T001831","2026-05-22","Trade","NASDAQ","15","269.82","4047.3","2.97","2.15","USD","-4052.42","272.01","ORD0001831","2026-05-22 13:08:08","LMT","mock-trader","MOCKEXEC00001831"
"170.08","SELL","USD","AAPL","T001832","2026-05-22","Trade","NYSE","50","229.58","11479.0","0.27","2.19","USD","167.62","232.5","ORD0001832","2026-05-22 12:01:26","MKT","mock-trader","MOCKEXEC00001832"
"-98.57","BUY","USD","NVDA","T001833","2026-05-22","Trade","ARCA","2","132.18","264.36","3.26","1.77","USD","-269.39","138.25","ORD0001833","2026-05-22 12:12:51","MKT","mock-trader","MOCKEXEC00001833"
"-103.04","BUY","USD","MSFT","T001834","2026-05-22","Trade","NYSE","25","374.0","9350.0","2.46","2.42","USD","-9354.88","378.31","ORD0001834","2026-05-22 15:51:14","MKT","mock-trader","MOCKEXEC00001834"
"235.23","BUY","USD","AMD","T001835","2026-05-22","Trade","ARCA","50","163.43","8171.5","2.14","0.64","USD","-8174.28","164.83","ORD0001835","2026-05-22 10:01:13","MKT","mock-trader","MOCKEXEC00001835"
"314.78","BUY","USD","MSFT","T001836","2026-05-22","Trade","NYSE","15","410.5","6157.5","2.11","0.29","USD","-6159.9","407.02","ORD0001836","2026-05-22 15:36:39","LMT","mock-trader","MOCKEXEC00001836"
"-10.01","SELL","USD","AAPL","T001837","2026-05-22","Trade","NYSE","3","204.45","613.35","1.89","0.68","USD","-12.58","202.34","ORD0001837","2026-05-22 13:33:10","MKT","mock-trader","MOCKEXEC00001837"
"211.41","BUY","USD","META","T001838","2026-05-22","Trade","NYSE","1","709.21","709.21","2.43","2.1","USD","-713.74","702.42","ORD0001838","2026-05-22 14:34:07","LMT","mock-trader","MOCKEXEC00001838"
"-44.46","SELL","USD","AAPL","T001839","2026-05-25","Trade","NASDAQ","20","266.77","5335.4","0.78","0.51","USD","-45.75","272.9","ORD0001839","2026-05-25 13:37:55","MKT","mock-trader","MOCKEXEC00001839"
"147.02","SELL","USD","GOOGL","T001840","2026-05-25","Trade","NYSE","3","285.19","855.57","0.33","0.25","USD","146.44","292.22","ORD0001840","2026-05-25 15:02:07","MKT","mock-trader","MOCKEXEC00001840"
"259.92","SELL","USD","NVDA","T001841","2026-05-25","Trade","NASDAQ","10","103.4","1034.0","0.71","1.4","USD","257.81","104.03","ORD0001841","2026-05-25 13:40:57","LMT","mock-trader","MOCKEXEC00001841"
"120.32","SELL","USD","NVDA","T001842","2026-05-25","Trade","ARCA","3","142.3","426.9","1.45","0.64","USD","118.23","148.22","ORD0001842","2026-05-25 11:53:19","LMT","mock-trader","MOCKEXEC00001842"
"73.82","BUY","USD","AAPL","T001843","2026-05-25","Trade","ARCA","25","210.31","5257.75","2.03","1.01","USD","-5260.79","211.35","ORD0001843","2026-05-25 14:41:29","LMT","mock-trader","MOCKEXEC00001843"
"31.49","BUY","USD","MSFT","T001844","2026-05-25","Trade","NASDAQ","20","457.97","9159.4","2.07","0.5","USD","-9161.97","459.57","ORD0001844","2026-05-25 12:54:07","LMT","mock-trader","MOCKEXEC00001844"
"-163.45","SELL","USD","GOOGL","T001845","2026-05-25","Trade","NASDAQ","3","152.33","456.99","0.47","0.29","USD","-164.21","154.33","ORD0001845","2026-05-25 12:03:40","LMT","mock-trader","MOCKEXEC00001845"
"-16.97","SELL","USD","AMZN","T001846","2026-05-25","Trade","ARCA","10","176.93","1769.3","2.08","1.67","USD","-20.72","171.87","ORD0001846","2026-05-25 11:21:33","LMT","mock-trader","MOCKEXEC00001846"
"193.19","BUY","USD","AAPL","T001847","2026-05-25","Trade","NYSE","3","200.77","602.31","2.84","2.34","USD","-607.49","195.05","ORD0001847","2026-05-25 10:42:56","MKT","mock-trader","MOCKEXEC00001847"
"-101.89","BUY","USD","GOOGL","T001848","2026-05-25","Trade","ARCA","2","290.82","581.64","0.78","1.07","USD","-583.49","282.96","ORD0001848","2026-05-25 13:58:17","LMT","mock-trader","MOCKEXEC00001848"
"144.51","BUY","USD","GOOGL","T001849","2026-05-25","Trade","NASDAQ","5","241.51","1207.55","1.57","0.55","USD","-1209.67","245.58","ORD0001849","2026-05-25 10:24:20","LMT","mock-trader","MOCKEXEC00001849"
"202.05","SELL","USD","AAPL","T001850","2026-05-25","Trade","NYSE","15","215.56","3233.4","0.9","1.95","USD","199.2","218.76","ORD0001850","2026-05-25 15:28:50","LMT","mock-trader","MOCKEXEC00001850"
"-44.01","BUY","USD","AAPL","T001851","2026-05-25","Trade","ARCA","20","257.89","5157.8","3.07","1.4","USD","-5162.27","252.24","ORD0001851","2026-05-25 11:55:45","LMT","mock-trader","MOCKEXEC00001851"
"289.54","BUY","USD","AMD","T001852","2026-05-25","Trade","NASDAQ","50","155.42","7771.0","1.4","0.59","USD","-7772.99","150.58","ORD0001852","2026-05-25 10:14:27","LMT","mock-trader","MOCKEXEC00001852"
"-115.33","SELL","USD","AMD","T001853","2026-05-26","Trade","NASDAQ","10","187.8","1878.0","2.04","1.53","USD","-118.9","187.55","ORD0001853","2026-05-26 15:56:42","MKT","mock-trader","MOCKEXEC00001853"
"13.48","SELL","USD","AAPL","T001854","2026-05-26","Trade","NYSE","3","242.34","727.02","0.58","1.17","USD","11.73","244.26","ORD0001854","2026-05-26 09:24:26","MKT","mock-trader","MOCKEXEC00001854"
"-7.62","SELL","USD","AMD","T001855","2026-05-26","Trade","NASDAQ","3","128.37","385.11","2.14","1.58","USD","-11.34","134.61","ORD0001855","2026-05-26 13:42:52","MKT","mock-trader","MOCKEXEC00001855"
"252.58","SELL","USD","AMZN","T001856","2026-05-26","Trade","NYSE","50","223.48","11174.0","1.4","1.41","USD","249.77","226.84","ORD0001856","2026-05-26 12:39:11","LMT","mock-trader","MOCKEXEC00001856"
"82.6","SELL","USD","AAPL","T001857","2026-05-26","Trade","NASDAQ","2","217.29","434.58","0.17","2.38","USD","80.05","222.21","ORD0001857","2026-05-26 13:52:15","LMT","mock-trader","MOCKEXEC00001857"
"-116.97","BUY","USD","AMZN","T001858","2026-05-26","Trade","ARCA","2","165.48","330.96","0.03","0.26","USD","-331.25","158.54","ORD0001858","2026-05-26 11:03:41","LMT","mock-trader","MOCKEXEC00001858"
"-27.52","BUY","USD","GOOGL","T001859","2026-05-26","Trade","ARCA","2","293.49","586.98","2.28","0.76","USD","-590.02","286.03","ORD0001859","2026-05-26 11:46:59","MKT","mock-trader","MOCKEXEC00001859"
"78.29","SELL","USD","AMZN","T001860","2026-05-26","Trade","NASDAQ","2","151.67","303.34","2.01","0.97","USD","75.31","158.09","ORD0001860","2026-05-26 15:34:30","MKT","mock-trader","MOCKEXEC00001860"
"191.14","SELL","USD","GOOGL","T001861","2026-05-26","Trade","ARCA","20","194.57","3891.4","2.33","1.82","USD","186.99","191.32","ORD0001861","2026-05-26 09:21:39","MKT","mock-trader","MOCKEXEC00001861"
"-63.94","BUY","USD","AAPL","T001862","2026-05-26","Trade","ARCA","5","223.58","1117.9","2.0","1.34","USD","-1121.24","222.41","ORD0001862","2026-05-26 13:51:06","LMT","mock-trader","MOCKEXEC00001862"
"309.5","BUY","USD","GOOGL","T001863","2026-05-26","Trade","NASDAQ","50","288.18","14409.0","0.12","2.47","USD","-14411.59","286.1","ORD0001863","2026-05-26 13:08:56","MKT","mock-trader","MOCKEXEC00001863"
"-178.61","SELL","USD","AMD","T001864","2026-05-26","Trade","NYSE","5","194.19","970.95","2.15","1.17","USD","-181.93","201.17","ORD0001864","2026-05-26 12:36:21","MKT","mock-trader","MOCKEXEC00001864"
"-26.32","SELL","USD","AAPL","T001865","2026-05-27","Trade","NYSE","5","255.68","1278.4","0.9","1.85","USD","-29.07","252.77","ORD0001865","2026-05-27 09:42:12","LMT","mock-trader","MOCKEXEC00001865"
"65.1","BUY","USD","GOOGL","T001866","2026-05-27","Trade","NYSE","1","157.77","157.77","0.69","0.63","USD","-159.09","157.71","ORD0001866","2026-05-27 11:03:14","MKT","mock-trader","MOCKEXEC00001866"
"236.66","BUY","USD","NVDA","T001867","2026-05-27","Trade","NYSE","3","155.6","466.8","2.6","1.56","USD","-470.96","159.16","ORD0001867","2026-05-27 13:12:33","MKT","mock-trader","MOCKEXEC00001867"
"185.88","SELL","USD","AMZN","T001868","2026-05-27","Trade","ARCA","1","168.99","168.99","2.84","2.17","USD","180.87","165.96","ORD0001868","2026-05-27 15:28:18","MKT","mock-trader","MOCKEXEC00001868"
"194.9","SELL","USD","META","T001869","2026-05-27","Trade","NASDAQ","20","507.7","10154.0","1.87","2.2","USD","190.83","512.09","ORD0001869","2026-05-27 11:04:59","LMT","mock-trader","MOCKEXEC00001869"
"124.15","SELL","USD","GOOGL","T001870","2026-05-27","Trade","NYSE","2","266.61","533.22","2.75","1.67","USD","119.73","274.25","ORD0001870","2026-05-27 14:35:54","MKT","mock-trader","MOCKEXEC00001870"
"116.54","BUY","USD","AMD","T001871","2026-05-27","Trade","NASDAQ","3","229.58","688.74","0.27","1.04","USD","-690.05","224.66","ORD0001871","2026-05-27 11:02:38","LMT","mock-trader","MOCKEXEC00001871"
"-140.47","SELL","USD","AAPL","T001872","2026-05-27","Trade","ARCA","15","238.12","3571.8","2.58","0.46","USD","-143.51","244.44","ORD0001872","2026-05-27 12:16:17","LMT","mock-trader","MOCKEXEC00001872"
"-156.55","BUY","USD","TSLA","T001873","2026-05-27","Trade","NASDAQ","2","434.37","868.74","1.72","1.31","USD","-871.77","427.18","ORD0001873","2026-05-27 09:37:15","LMT","mock-trader","MOCKEXEC00001873"
"312.36","SELL","USD","TSLA","T001874","2026-05-27","Trade","NASDAQ","2","357.92","715.84","3.48","0.81","USD","308.07","364.69","ORD0001874","2026-05-27 14:34:09","MKT","mock-trader","MOCKEXEC00001874"
"-99.84","BUY","USD","AAPL","T001875","2026-05-28","Trade","ARCA","20","227.56","4551.2","3.29","1.9","USD","-4556.39","223.38","ORD0001875","2026-05-28 11:58:52","LMT","mock-trader","MOCKEXEC00001875"
"-173.78","BUY","USD","META","T001876","2026-05-28","Trade","NYSE","25","660.25","16506.25","1.37","0.6","USD","-16508.22","663.42","ORD0001876","2026-05-28 09:57:24","LMT","mock-trader","MOCKEXEC00001876"
"28.76","BUY","USD","AMZN","T001877","2026-05-28","Trade","NASDAQ","5","184.25","921.25","0.7","2.35","USD","-924.3","185.93","ORD0001877","2026-05-28 12:19:16","MKT","mock-trader","MOCKEXEC00001877"
"302.48","SELL","USD","GOOGL","T001878","2026-05-28","Trade","ARCA","1","225.84","225.84","1.95","2.48","USD","298.05","218.52","ORD0001878","2026-05-28 10:02:43","MKT","mock-trader","MOCKEXEC00001878"
"-80.15","SELL","USD","MSFT","T001879","2026-05-28","Trade","ARCA","5","365.77","1828.85","3.0","0.58","USD","-83.73","364.01","ORD0001879","2026-05-28 09:06:21","LMT","mock-trader","MOCKEXEC00001879"
"19.67","BUY","USD","TSLA","T001880","2026-05-28","Trade","NYSE","15","282.6","4239.0","0.65","0.52","USD","-4240.17","284.1","ORD0001880","2026-05-28 12:02:18","MKT","mock-trader","MOCKEXEC00001880"
"272.49","BUY","USD","NVDA","T001881","2026-05-28","Trade","NYSE","15","118.07","1771.05","2.37","1.32","USD","-1774.74","125.3","ORD0001881","2026-05-28 11:45:17","LMT","mock-trader","MOCKEXEC00001881"
"195.36","BUY","USD","AAPL","T001882","2026-05-28","Trade","NASDAQ","5","205.59","1027.95","1.01","1.93","USD","-1030.89","210.76","ORD0001882","2026-05-28 13:21:46","LMT","mock-trader","MOCKEXEC00001882"
"-113.86","SELL","USD","GOOGL","T001883","2026-05-28","Trade","NASDAQ","20","299.67","5993.4","1.43","0.81","USD","-116.1","302.92","ORD0001883","2026-05-28 13:24:59","LMT","mock-trader","MOCKEXEC00001883"
"-143.16","BUY","USD","AMZN","T001884","2026-05-28","Trade","NYSE","3","224.9","674.7","1.87","0.29","USD","-676.86","222.88","ORD0001884","2026-05-28 15:35:58","MKT","mock-trader","MOCKEXEC00001884"
"-14.68","SELL","USD","AMZN","T001885","2026-05-28","Trade","NASDAQ","50","190.13","9506.5","2.84","1.14","USD","-18.66","182.79","ORD0001885","2026-05-28 12:15:27","LMT","mock-trader","MOCKEXEC00001885"
"-136.13","BUY","USD","AAPL","T001886","2026-05-28","Trade","NASDAQ","50","262.1","13105.0","2.22","0.85","USD","-13108.07","254.23","ORD0001886","2026-05-28 13:37:07","MKT","mock-trader","MOCKEXEC00001886"
"190.39","BUY","USD","AAPL","T001887","2026-05-28","Trade","NASDAQ","3","204.11","612.33","2.24","0.57","USD","-615.14","198.27","ORD0001887","2026-05-28 13:16:21","MKT","mock-trader","MOCKEXEC00001887"
"3.33","SELL","USD","AMD","T001888","2026-05-28","Trade","ARCA","25","204.42","5110.5","3.0","1.54","USD","-1.21","209.61","ORD0001888","2026-05-28 12:02:03","LMT","mock-trader","MOCKEXEC00001888"
"293.76","SELL","USD","NVDA","T001889","2026-05-29","Trade","NASDAQ","15","173.38","2600.7","3.27","1.74","USD","288.75","169.5","ORD0001889","2026-05-29 11:40:37","MKT","mock-trader","MOCKEXEC00001889"
"-39.24","SELL","USD","TSLA","T001890","2026-05-29","Trade","ARCA","50","442.53","22126.5","1.0","0.99","USD","-41.23","442.75","ORD0001890","2026-05-29 09:35:01","MKT","mock-trader","MOCKEXEC00001890"
"-38.3","SELL","USD","GOOGL","T001891","2026-05-29","Trade","NASDAQ","15","229.41","3441.15","2.94","0.89","USD","-42.13","226.69","ORD0001891","2026-05-29 12:10:55","LMT","mock-trader","MOCKEXEC00001891"
"-153.83","BUY","USD","NVDA","T001892","2026-05-29","Trade","NYSE","25","149.32","3733.0","2.45","1.1","USD","-3736.55","145.08","ORD0001892","2026-05-29 15:26:06","MKT","mock-trader","MOCKEXEC00001892"
"-31.83","SELL","USD","META","T001893","2026-05-29","Trade","NASDAQ","1","634.29","634.29","3.02","0.6","USD","-35.45","633.04","ORD0001893","2026-05-29 12:01:08","LMT","mock-trader","MOCKEXEC00001893"
"-144.5","SELL","USD","MSFT","T001894","2026-05-29","Trade","ARCA","50","423.03","21151.5","3.34","1.78","USD","-149.62","416.12","ORD0001894","2026-05-29 10:43:46","MKT","mock-trader","MOCKEXEC00001894"
"-6.57","BUY","USD","AMD","T001895","2026-06-01","Trade","NASDAQ","15","163.49","2452.35","1.54","0.39","USD","-2454.28","157.55","ORD0001895","2026-06-01 11:19:04","MKT","mock-trader","MOCKEXEC00001895"
"-151.69","SELL","USD","TSLA","T001896","2026-06-01","Trade","NYSE","25","363.43","9085.75","1.31","0.84","USD","-153.84","367.36","ORD0001896","2026-06-01 10:06:43","LMT","mock-trader","MOCKEXEC00001896"
"286.79","SELL","USD","AAPL","T001897","2026-06-01","Trade","NYSE","25","208.62","5215.5","0.28","1.7","USD","284.81","209.02","ORD0001897","2026-06-01 13:34:25","LMT","mock-trader","MOCKEXEC00001897"
"262.59","BUY","USD","GOOGL","T001898","2026-06-01","Trade","ARCA","20","199.51","3990.2","1.94","0.69","USD","-3992.83","196.67","ORD0001898","2026-06-01 13:31:16","LMT","mock-trader","MOCKEXEC00001898"
"-155.41","BUY","USD","GOOGL","T001899","2026-06-01","Trade","ARCA","15","253.0","3795.0","0.65","0.8","USD","-3796.45","256.94","ORD0001899","2026-06-01 12:54:30","MKT","mock-trader","MOCKEXEC00001899"
"-129.87","BUY","USD","META","T001900","2026-06-01","Trade","NASDAQ","1","741.71","741.71","0.65","0.31","USD","-742.67","739.47","ORD0001900","2026-06-01 12:15:13","MKT","mock-trader","MOCKEXEC00001900"
"319.15","BUY","USD","AMD","T001901","2026-06-01","Trade","NYSE","3","131.55","394.65","1.42","0.83","USD","-396.9","126.53","ORD0001901","2026-06-01 13:58:08","MKT","mock-trader","MOCKEXEC00001901"
"249.73","SELL","USD","NVDA","T001902","2026-06-01","Trade","ARCA","25","130.08","3252.0","2.28","0.83","USD","246.62","129.11","ORD0001902","2026-06-01 10:39:59","MKT","mock-trader","MOCKEXEC00001902"
"-60.85","SELL","USD","AMZN","T001903","2026-06-01","Trade","ARCA","3","154.67","464.01","0.64","1.54","USD","-63.03","150.69","ORD0001903","2026-06-01 09:04:27","MKT","mock-trader","MOCKEXEC00001903"
"-110.85","BUY","USD","AMZN","T001904","2026-06-01","Trade","ARCA","50","177.89","8894.5","3.37","1.36","USD","-8899.23","171.02","ORD0001904","2026-06-01 13:33:09","MKT","mock-trader","MOCKEXEC00001904"
"-15.87","SELL","USD","AMD","T001905","2026-06-01","Trade","NYSE","15","229.3","3439.5","0.94","1.02","USD","-17.83","235.65","ORD0001905","2026-06-01 09:58:59","LMT","mock-trader","MOCKEXEC00001905"
"-69.43","BUY","USD","GOOGL","T001906","2026-06-01","Trade","ARCA","5","232.67","1163.35","0.1","1.86","USD","-1165.31","230.96","ORD0001906","2026-06-01 11:15:13","MKT","mock-trader","MOCKEXEC00001906"
"53.72","BUY","USD","GOOGL","T001907","2026-06-02","Trade","NASDAQ","3","223.91","671.73","0.76","2.36","USD","-674.85","222.54","ORD0001907","2026-06-02 14:32:44","LMT","mock-trader","MOCKEXEC00001907"
"221.33","SELL","USD","GOOGL","T001908","2026-06-02","Trade","NYSE","25","154.24","3856.0","0.01","1.51","USD","219.81","147.08","ORD0001908","2026-06-02 12:51:02","LMT","mock-trader","MOCKEXEC00001908"
"-137.59","SELL","USD","NVDA","T001909","2026-06-02","Trade","NASDAQ","3","150.41","451.23","2.88","1.69","USD","-142.16","155.07","ORD0001909","2026-06-02 11:46:03","LMT","mock-trader","MOCKEXEC00001909"
"199.31","BUY","USD","META","T001910","2026-06-02","Trade","NASDAQ","20","641.97","12839.4","1.77","1.21","USD","-12842.38","640.69","ORD0001910","2026-06-02 11:36:59","LMT","mock-trader","MOCKEXEC00001910"
"22.42","BUY","USD","NVDA","T001911","2026-06-02","Trade","NYSE","1","119.61","119.61","2.82","1.74","USD","-124.17","117.32","ORD0001911","2026-06-02 15:50:51","LMT","mock-trader","MOCKEXEC00001911"
"-46.37","BUY","USD","GOOGL","T001912","2026-06-02","Trade","ARCA","10","236.05","2360.5","2.08","1.7","USD","-2364.28","231.39","ORD0001912","2026-06-02 13:59:13","LMT","mock-trader","MOCKEXEC00001912"
"173.03","BUY","USD","META","T001913","2026-06-02","Trade","NASDAQ","10","679.62","6796.2","1.5","1.58","USD","-6799.28","681.54","ORD0001913","2026-06-02 11:52:20","LMT","mock-trader","MOCKEXEC00001913"
"38.26","BUY","USD","AMZN","T001914","2026-06-02","Trade","NYSE","20","227.51","4550.2","0.76","0.55","USD","-4551.51","223.07","ORD0001914","2026-06-02 13:16:57","MKT","mock-trader","MOCKEXEC00001914"
"287.28","BUY","USD","MSFT","T001915","2026-06-03","Trade","NYSE","50","467.14","23357.0","1.87","1.71","USD","-23360.58","469.71","ORD0001915","2026-06-03 09:21:39","LMT","mock-trader","MOCKEXEC00001915"
"-143.38","SELL","USD","AMZN","T001916","2026-06-03","Trade","NASDAQ","1","150.41","150.41","2.4","1.23","USD","-147.01","153.59","ORD0001916","2026-06-03 10:08:58","LMT","mock-trader","MOCKEXEC00001916"
"284.57","SELL","USD","AMD","T001917","2026-06-03","Trade","NASDAQ","3","224.01","672.03","0.57","1.14","USD","282.86","223.39","ORD0001917","2026-06-03 13:44:31","MKT","mock-trader","MOCKEXEC00001917"
"93.02","BUY","USD","NVDA","T001918","2026-06-03","Trade","NYSE","25","142.07","3551.75","1.69","0.99","USD","-3554.43","142.82","ORD0001918","2026-06-03 15:18:04","MKT","mock-trader","MOCKEXEC00001918"
"-52.29","BUY","USD","GOOGL","T001919","2026-06-03","Trade","NYSE","5","254.69","1273.45","2.25","1.15","USD","-1276.85","254.17","ORD0001919","2026-06-03 13:38:34","LMT","mock-trader","MOCKEXEC00001919"
"41.91","SELL","USD","AAPL","T001920","2026-06-03","Trade","NASDAQ","50","229.99","11499.5","0.94","1.99","USD","38.98","228.18","ORD0001920","2026-06-03 14:34:15","LMT","mock-trader","MOCKEXEC00001920"
"-154.65","BUY","USD","NVDA","T001921","2026-06-03","Trade","NASDAQ","20","164.32","3286.4","1.9","1.54","USD","-3289.84","158.57","ORD0001921","2026-06-03 09:24:25","MKT","mock-trader","MOCKEXEC00001921"
"-20.67","SELL","USD","MSFT","T001922","2026-06-03","Trade","ARCA","15","421.27","6319.05","1.57","1.39","USD","-23.63","428.49","ORD0001922","2026-06-03 11:31:42","LMT","mock-trader","MOCKEXEC00001922"
"315.6","SELL","USD","TSLA","T001923","2026-06-04","Trade","ARCA","25","320.41","8010.25","0.6","1.31","USD","313.69","316.8","ORD0001923","2026-06-04 09:03:24","LMT","mock-trader","MOCKEXEC00001923"
"-34.41","SELL","USD","TSLA","T001924","2026-06-04","Trade","NASDAQ","50","421.17","21058.5","0.2","0.41","USD","-35.02","419.29","ORD0001924","2026-06-04 11:20:06","MKT","mock-trader","MOCKEXEC00001924"
"76.15","SELL","USD","META","T001925","2026-06-04","Trade","NASDAQ","10","520.61","5206.1","2.14","2.35","USD","71.66","512.69","ORD0001925","2026-06-04 15:54:53","MKT","mock-trader","MOCKEXEC00001925"
"-63.31","SELL","USD","GOOGL","T001926","2026-06-04","Trade","NASDAQ","1","226.88","226.88","1.11","1.31","USD","-65.73","219.55","ORD0001926","2026-06-04 09:28:01","LMT","mock-trader","MOCKEXEC00001926"
"-46.11","BUY","USD","AMZN","T001927","2026-06-04","Trade","ARCA","10","230.99","2309.9","3.21","1.4","USD","-2314.51","229.57","ORD0001927","2026-06-04 10:02:51","LMT","mock-trader","MOCKEXEC00001927"
"208.43","BUY","USD","AAPL","T001928","2026-06-04","Trade","NYSE","1","268.82","268.82","0.97","0.41","USD","-270.2","265.13","ORD0001928","2026-06-04 13:00:37","MKT","mock-trader","MOCKEXEC00001928"
"-43.63","SELL","USD","AMD","T001929","2026-06-04","Trade","NYSE","25","120.24","3006.0","3.47","1.5","USD","-48.6","113.99","ORD0001929","2026-06-04 11:24:39","MKT","mock-trader","MOCKEXEC00001929"
"-3.03","SELL","USD","META","T001930","2026-06-04","Trade","NYSE","1","639.21","639.21","2.7","1.94","USD","-7.67","639.08","ORD0001930","2026-06-04 13:00:36","LMT","mock-trader","MOCKEXEC00001930"
"112.24","SELL","USD","AMZN","T001931","2026-06-04","Trade","ARCA","1","238.83","238.83","2.2","1.48","USD","108.56","233.08","ORD0001931","2026-06-04 12:00:10","LMT","mock-trader","MOCKEXEC00001931"
"304.72","BUY","USD","META","T001932","2026-06-04","Trade","NYSE","1","740.43","740.43","1.24","1.44","USD","-743.11","748.03","ORD0001932","2026-06-04 10:21:33","MKT","mock-trader","MOCKEXEC00001932"
"-66.32","BUY","USD","AMD","T001933","2026-06-04","Trade","NYSE","10","123.03","1230.3","1.97","1.24","USD","-1233.51","122.39","ORD0001933","2026-06-04 11:34:27","LMT","mock-trader","MOCKEXEC00001933"
"32.68","SELL","USD","MSFT","T001934","2026-06-05","Trade","ARCA","2","452.7","905.4","0.94","2.3","USD","29.44","453.06","ORD0001934","2026-06-05 10:12:00","MKT","mock-trader","MOCKEXEC00001934"
"-41.77","SELL","USD","TSLA","T001935","2026-06-05","Trade","NYSE","50","411.2","20560.0","2.0","0.61","USD","-44.38","413.55","ORD0001935","2026-06-05 10:10:57","MKT","mock-trader","MOCKEXEC00001935"
"30.0","SELL","USD","TSLA","T001936","2026-06-05","Trade","ARCA","10","283.15","2831.5","1.68","2.34","USD","25.98","278.51","ORD0001936","2026-06-05 15:28:12","MKT","mock-trader","MOCKEXEC00001936"
"-73.18","SELL","USD","GOOGL","T001937","2026-06-05","Trade","NASDAQ","3","276.51","829.53","3.38","2.31","USD","-78.87","269.89","ORD0001937","2026-06-05 09:51:33","LMT","mock-trader","MOCKEXEC00001937"
"231.66","SELL","USD","NVDA","T001938","2026-06-05","Trade","NASDAQ","3","170.91","512.73","2.88","1.52","USD","227.26","169.54","ORD0001938","2026-06-05 13:37:53","LMT","mock-trader","MOCKEXEC00001938"
"-107.79","BUY","USD","NVDA","T001939","2026-06-05","Trade","NASDAQ","3","136.81","410.43","2.29","0.52","USD","-413.24","138.8","ORD0001939","2026-06-05 13:01:09","MKT","mock-trader","MOCKEXEC00001939"
"218.29","BUY","USD","AMD","T001940","2026-06-05","Trade","ARCA","1","206.26","206.26","3.42","0.96","USD","-210.64","202.62","ORD0001940","2026-06-05 15:45:34","LMT","mock-trader","MOCKEXEC00001940"
"110.46","SELL","USD","AAPL","T001941","2026-06-05","Trade","NYSE","25","268.91","6722.75","2.46","0.41","USD","107.59","273.57","ORD0001941","2026-06-05 12:31:20","MKT","mock-trader","MOCKEXEC00001941"
"51.38","BUY","USD","MSFT","T001942","2026-06-05","Trade","ARCA","25","499.79","12494.75","0.23","1.56","USD","-12496.54","496.92","ORD0001942","2026-06-05 13:03:35","LMT","mock-trader","MOCKEXEC00001942"
"94.96","SELL","USD","TSLA","T001943","2026-06-05","Trade","NASDAQ","3","331.0","993.0","1.77","1.49","USD","91.7","330.09","ORD0001943","2026-06-05 10:33:01","MKT","mock-trader","MOCKEXEC00001943"
"116.84","SELL","USD","AMD","T001944","2026-06-05","Trade","NASDAQ","2","122.64","245.28","2.38","0.66","USD","113.8","129.61","ORD0001944","2026-06-05 15:42:38","LMT","mock-trader","MOCKEXEC00001944"
"13.48","BUY","USD","MSFT","T001945","2026-06-08","Trade","NASDAQ","50","454.6","22730.0","2.29","1.97","USD","-22734.26","454.77","ORD0001945","2026-06-08 10:52:51","LMT","mock-trader","MOCKEXEC00001945"
"244.9","SELL","USD","AAPL","T001946","2026-06-08","Trade","NYSE","20","250.07","5001.4","2.09","2.21","USD","240.6","242.82","ORD0001946","2026-06-08 13:08:14","MKT","mock-trader","MOCKEXEC00001946"
"-64.52","SELL","USD","NVDA","T001947","2026-06-08","Trade","NYSE","50","148.54","7427.0","0.96","1.84","USD","-67.32","151.14","ORD0001947","2026-06-08 15:27:42","LMT","mock-trader","MOCKEXEC00001947"
"65.41","BUY","USD","AAPL","T001948","2026-06-08","Trade","NASDAQ","15","203.1","3046.5","1.61","1.63","USD","-3049.74","208.9","ORD0001948","2026-06-08 15:46:55","MKT","mock-trader","MOCKEXEC00001948"
"63.42","SELL","USD","TSLA","T001949","2026-06-08","Trade","NASDAQ","25","252.65","6316.25","0.83","0.48","USD","62.11","247.38","ORD0001949","2026-06-08 15:42:57","MKT","mock-trader","MOCKEXEC00001949"
"160.67","SELL","USD","TSLA","T001950","2026-06-08","Trade","NASDAQ","15","376.43","5646.45","2.69","1.24","USD","156.74","382.91","ORD0001950","2026-06-08 11:08:41","LMT","mock-trader","MOCKEXEC00001950"
"-24.41","SELL","USD","AMZN","T001951","2026-06-08","Trade","NYSE","10","176.34","1763.4","3.44","1.46","USD","-29.31","170.01","ORD0001951","2026-06-08 09:19:04","LMT","mock-trader","MOCKEXEC00001951"
"216.64","BUY","USD","MSFT","T001952","2026-06-09","Trade","ARCA","5","545.56","2727.8","2.98","0.7","USD","-2731.48","546.13","ORD0001952","2026-06-09 12:07:20","LMT","mock-trader","MOCKEXEC00001952"
"45.17","BUY","USD","MSFT","T001953","2026-06-09","Trade","ARCA","25","525.67","13141.75","1.56","0.37","USD","-13143.68","531.79","ORD0001953","2026-06-09 10:40:19","LMT","mock-trader","MOCKEXEC00001953"
"26.01","SELL","USD","TSLA","T001954","2026-06-09","Trade","NYSE","50","308.38","15419.0","1.66","2.07","USD","22.28","300.78","ORD0001954","2026-06-09 15:14:52","LMT","mock-trader","MOCKEXEC00001954"
"288.82","BUY","USD","META","T001955","2026-06-09","Trade","NASDAQ","2","629.6","1259.2","2.15","1.33","USD","-1262.68","633.73","ORD0001955","2026-06-09 13:42:13","LMT","mock-trader","MOCKEXEC00001955"
"-99.92","SELL","USD","AMD","T001956","2026-06-09","Trade","NYSE","25","205.96","5149.0","3.19","1.76","USD","-104.87","208.56","ORD0001956","2026-06-09 10:06:32","MKT","mock-trader","MOCKEXEC00001956"
"4.14","BUY","USD","AAPL","T001957","2026-06-09","Trade","NASDAQ","2","223.2","446.4","2.47","0.93","USD","-449.8","217.82","ORD0001957","2026-06-09 15:14:14","LMT","mock-trader","MOCKEXEC00001957"
"133.41","SELL","USD","GOOGL","T001958","2026-06-10","Trade","NASDAQ","2","232.5","465.0","0.89","0.81","USD","131.71","231.43","ORD0001958","2026-06-10 12:01:29","LMT","mock-trader","MOCKEXEC00001958"
"14.39","SELL","USD","META","T001959","2026-06-10","Trade","ARCA","25","712.71","17817.75","2.55","1.03","USD","10.81","714.83","ORD0001959","2026-06-10 11:34:18","MKT","mock-trader","MOCKEXEC00001959"
"40.98","SELL","USD","AMD","T001960","2026-06-10","Trade","NASDAQ","2","163.7","327.4","1.18","2.38","USD","37.42","170.06","ORD0001960","2026-06-10 09:32:42","LMT","mock-trader","MOCKEXEC00001960"
"201.6","SELL","USD","MSFT","T001961","2026-06-10","Trade","NYSE","2","395.59","791.18","2.93","1.75","USD","196.92","393.78","ORD0001961","2026-06-10 09:45:37","MKT","mock-trader","MOCKEXEC00001961"
"318.11","SELL","USD","AMD","T001962","2026-06-10","Trade","ARCA","10","103.87","1038.7","2.07","1.87","USD","314.17","97.88","ORD0001962","2026-06-10 12:18:42","MKT","mock-trader","MOCKEXEC00001962"
"246.37","BUY","USD","AMZN","T001963","2026-06-10","Trade","NYSE","3","192.48","577.44","1.22","2.35","USD","-581.01","184.95","ORD0001963","2026-06-10 14:41:37","MKT","mock-trader","MOCKEXEC00001963"
"49.84","BUY","USD","MSFT","T001964","2026-06-10","Trade","NASDAQ","20","425.42","8508.4","2.1","1.1","USD","-8511.6","424.07","ORD0001964","2026-06-10 12:04:00","LMT","mock-trader","MOCKEXEC00001964"
"280.86","SELL","USD","AMZN","T001965","2026-06-11","Trade","NYSE","3","231.13","693.39","0.47","2.16","USD","278.23","225.18","ORD0001965","2026-06-11 14:44:14","MKT","mock-trader","MOCKEXEC00001965"
"96.86","BUY","USD","MSFT","T001966","2026-06-11","Trade","NYSE","25","544.39","13609.75","3.12","1.35","USD","-13614.22","546.27","ORD0001966","2026-06-11 09:06:30","MKT","mock-trader","MOCKEXEC00001966"
"21.8","BUY","USD","TSLA","T001967","2026-06-11","Trade","NYSE","10","305.22","3052.2","0.96","0.31","USD","-3053.47","299.85","ORD0001967","2026-06-11 10:49:54","MKT","mock-trader","MOCKEXEC00001967"
"37.14","SELL","USD","AMD","T001968","2026-06-11","Trade","NYSE","20","236.19","4723.8","1.08","2.2","USD","33.86","234.22","ORD0001968","2026-06-11 09:07:35","MKT","mock-trader","MOCKEXEC00001968"
"103.81","BUY","USD","AMD","T001969","2026-06-11","Trade","ARCA","20","132.73","2654.6","2.74","1.05","USD","-2658.39","139.2","ORD0001969","2026-06-11 12:57:39","LMT","mock-trader","MOCKEXEC00001969"
"39.34","BUY","USD","TSLA","T001970","2026-06-11","Trade","NASDAQ","3","347.19","1041.57","2.98","0.84","USD","-1045.39","340.67","ORD0001970","2026-06-11 13:02:01","LMT","mock-trader","MOCKEXEC00001970"
"184.3","BUY","USD","AAPL","T001971","2026-06-11","Trade","ARCA","15","224.03","3360.45","3.43","2.12","USD","-3366.0","228.54","ORD0001971","2026-06-11 11:49:18","LMT","mock-trader","MOCKEXEC00001971"
"275.3","SELL","USD","GOOGL","T001972","2026-06-11","Trade","NYSE","3","177.09","531.27","0.8","0.25","USD","274.25","176.59","ORD0001972","2026-06-11 10:14:04","LMT","mock-trader","MOCKEXEC00001972"
"61.1","SELL","USD","META","T001973","2026-06-11","Trade","ARCA","2","612.14","1224.28","2.03","0.7","USD","58.37","609.86","ORD0001973","2026-06-11 09:16:44","LMT","mock-trader","MOCKEXEC00001973"
"257.42","SELL","USD","AMD","T001974","2026-06-11","Trade","ARCA","5","109.53","547.65","0.03","0.28","USD","257.11","106.69","ORD0001974","2026-06-11 10:28:31","LMT","mock-trader","MOCKEXEC00001974"
"169.18","BUY","USD","GOOGL","T001975","2026-06-11","Trade","NYSE","50","179.15","8957.5","2.82","1.38","USD","-8961.7","172.11","ORD0001975","2026-06-11 14:44:34","MKT","mock-trader","MOCKEXEC00001975"
"-17.71","SELL","USD","MSFT","T001976","2026-06-11","Trade","ARCA","5","466.46","2332.3","3.28","0.81","USD","-21.8","465.39","ORD0001976","2026-06-11 13:26:10","MKT","mock-trader","MOCKEXEC00001976"
"-157.33","BUY","USD","AMD","T001977","2026-06-12","Trade","NYSE","50","168.42","8421.0","2.35","1.67","USD","-8425.02","165.54","ORD0001977","2026-06-12 11:08:21","MKT","mock-trader","MOCKEXEC00001977"
"230.98","BUY","USD","GOOGL","T001978","2026-06-12","Trade","NASDAQ","3","279.56","838.68","2.3","0.8","USD","-841.78","284.5","ORD0001978","2026-06-12 09:23:16","MKT","mock-trader","MOCKEXEC00001978"
"-82.38","SELL","USD","AAPL","T001979","2026-06-12","Trade","ARCA","1","203.7","203.7","0.65","1.38","USD","-84.41","209.69","ORD0001979","2026-06-12 14:44:21","MKT","mock-trader","MOCKEXEC00001979"
"-132.21","BUY","USD","TSLA","T001980","2026-06-12","Trade","NYSE","3","307.66","922.98","1.01","0.6","USD","-924.59","306.12","ORD0001980","2026-06-12 12:02:06","MKT","mock-trader","MOCKEXEC00001980"
"311.55","SELL","USD","META","T001981","2026-06-12","Trade","NASDAQ","3","505.73","1517.19","1.41","2.26","USD","307.88","501.02","ORD0001981","2026-06-12 14:33:09","MKT","mock-trader","MOCKEXEC00001981"
"-20.24","SELL","USD","NVDA","T001982","2026-06-12","Trade","NYSE","1","102.52","102.52","3.04","1.57","USD","-24.85","97.47","ORD0001982","2026-06-12 10:03:23","MKT","mock-trader","MOCKEXEC00001982"
"-76.13","BUY","USD","MSFT","T001983","2026-06-15","Trade","NASDAQ","2","372.77","745.54","1.87","0.72","USD","-748.13","373.98","ORD0001983","2026-06-15 10:14:41","LMT","mock-trader","MOCKEXEC00001983"
"-100.84","SELL","USD","NVDA","T001984","2026-06-15","Trade","NYSE","2","163.73","327.46","2.57","0.82","USD","-104.23","169.05","ORD0001984","2026-06-15 12:43:18","MKT","mock-trader","MOCKEXEC00001984"
"-30.8","SELL","USD","AMZN","T001985","2026-06-15","Trade","ARCA","3","200.06","600.18","2.81","1.62","USD","-35.23","198.91","ORD0001985","2026-06-15 09:11:16","LMT","mock-trader","MOCKEXEC00001985"
"-152.75","BUY","USD","GOOGL","T001986","2026-06-15","Trade","ARCA","10","176.08","1760.8","2.84","2.39","USD","-1766.03","172.04","ORD0001986","2026-06-15 15:29:40","LMT","mock-trader","MOCKEXEC00001986"
"0.26","SELL","USD","AMZN","T001987","2026-06-15","Trade","NYSE","50","213.7","10685.0","2.18","2.12","USD","-4.04","211.4","ORD0001987","2026-06-15 15:49:05","MKT","mock-trader","MOCKEXEC00001987"
"101.36","SELL","USD","GOOGL","T001988","2026-06-15","Trade","NASDAQ","15","272.11","4081.65","0.23","1.35","USD","99.78","278.47","ORD0001988","2026-06-15 10:23:50","MKT","mock-trader","MOCKEXEC00001988"
"211.38","SELL","USD","GOOGL","T001989","2026-06-16","Trade","NYSE","2","189.99","379.98","1.29","0.81","USD","209.28","195.57","ORD0001989","2026-06-16 14:23:10","LMT","mock-trader","MOCKEXEC00001989"
"153.46","SELL","USD","META","T001990","2026-06-16","Trade","NASDAQ","20","715.9","14318.0","1.18","1.51","USD","150.77","719.08","ORD0001990","2026-06-16 14:59:26","LMT","mock-trader","MOCKEXEC00001990"
"275.39","BUY","USD","AMZN","T001991","2026-06-16","Trade","NYSE","10","170.25","1702.5","2.64","1.12","USD","-1706.26","177.03","ORD0001991","2026-06-16 10:19:06","LMT","mock-trader","MOCKEXEC00001991"
"168.92","BUY","USD","MSFT","T001992","2026-06-16","Trade","NASDAQ","25","522.68","13067.0","1.46","0.69","USD","-13069.15","524.68","ORD0001992","2026-06-16 10:20:17","LMT","mock-trader","MOCKEXEC00001992"
"-56.82","SELL","USD","GOOGL","T001993","2026-06-16","Trade","NYSE","50","262.36","13118.0","2.02","1.18","USD","-60.02","255.98","ORD0001993","2026-06-16 14:34:09","LMT","mock-trader","MOCKEXEC00001993"
"250.22","BUY","USD","AMZN","T001994","2026-06-16","Trade","NASDAQ","20","159.62","3192.4","2.36","1.38","USD","-3196.14","153.24","ORD0001994","2026-06-16 15:32:41","LMT","mock-trader","MOCKEXEC00001994"
"223.2","BUY","USD","MSFT","T001995","2026-06-16","Trade","NASDAQ","5","354.62","1773.1","1.66","1.1","USD","-1775.86","354.16","ORD0001995","2026-06-16 10:49:53","MKT","mock-trader","MOCKEXEC00001995"
"271.92","SELL","USD","META","T001996","2026-06-16","Trade","NASDAQ","25","787.68","19692.0","0.07","2.27","USD","269.58","785.87","ORD0001996","2026-06-16 11:36:13","MKT","mock-trader","MOCKEXEC00001996"
"116.08","SELL","USD","MSFT","T001997","2026-06-16","Trade","NASDAQ","20","506.75","10135.0","1.04","1.99","USD","113.05","505.1","ORD0001997","2026-06-16 11:41:17","MKT","mock-trader","MOCKEXEC00001997"
"-77.44","SELL","USD","GOOGL","T001998","2026-06-16","Trade","ARCA","15","262.6","3939.0","2.86","1.6","USD","-81.9","261.96","ORD0001998","2026-06-16 14:59:37","LMT","mock-trader","MOCKEXEC00001998"
"-48.87","BUY","USD","AAPL","T001999","2026-06-16","Trade","ARCA","20","257.45","5149.0","2.96","0.43","USD","-5152.39","260.13","ORD0001999","2026-06-16 10:41:26","LMT","mock-trader","MOCKEXEC00001999"
"45.75","SELL","USD","META","T002000","2026-06-16","Trade","NASDAQ","2","686.13","1372.26","2.35","1.18","USD","42.22","692.35","ORD0002000","2026-06-16 10:13:21","MKT","mock-trader","MOCKEXEC00002000"
"212.63","SELL","USD","MSFT","T002001","2026-06-17","Trade","NYSE","2","383.96","767.92","2.0","0.51","USD","210.12","388.38","ORD0002001","2026-06-17 10:36:38","MKT","mock-trader","MOCKEXEC00002001"
"306.03","BUY","USD","MSFT","T002002","2026-06-17","Trade","NASDAQ","5","396.32","1981.6","0.75","2.31","USD","-1984.66","395.03","ORD0002002","2026-06-17 12:42:51","LMT","mock-trader","MOCKEXEC00002002"
"92.75","SELL","USD","MSFT","T002003","2026-06-17","Trade","NYSE","1","515.1","515.1","2.42","0.45","USD","89.88","508.09","ORD0002003","2026-06-17 09:55:27","MKT","mock-trader","MOCKEXEC00002003"
"-134.43","BUY","USD","AAPL","T002004","2026-06-17","Trade","ARCA","10","263.61","2636.1","1.4","2.44","USD","-2639.94","264.86","ORD0002004","2026-06-17 14:37:42","MKT","mock-trader","MOCKEXEC00002004"
"281.35","BUY","USD","AAPL","T002005","2026-06-17","Trade","NYSE","10","245.93","2459.3","3.13","0.34","USD","-2462.77","246.4","ORD0002005","2026-06-17 15:56:26","MKT","mock-trader","MOCKEXEC00002005"
"121.11","BUY","USD","GOOGL","T002006","2026-06-17","Trade","ARCA","2","281.43","562.86","0.86","0.57","USD","-564.29","288.71","ORD0002006","2026-06-17 15:12:16","LMT","mock-trader","MOCKEXEC00002006"
"-81.26","BUY","USD","META","T002007","2026-06-18","Trade","ARCA","1","562.86","562.86","1.49","1.81","USD","-566.16","563.91","ORD0002007","2026-06-18 14:06:31","MKT","mock-trader","MOCKEXEC00002007"
"213.6","SELL","USD","AMZN","T002008","2026-06-18","Trade","NASDAQ","1","157.98","157.98","0.35","1.83","USD","211.42","151.36","ORD0002008","2026-06-18 12:07:13","MKT","mock-trader","MOCKEXEC00002008"
"51.97","BUY","USD","META","T002009","2026-06-18","Trade","NASDAQ","3","591.04","1773.12","3.04","0.61","USD","-1776.77","597.97","ORD0002009","2026-06-18 13:51:41","LMT","mock-trader","MOCKEXEC00002009"
"49.69","BUY","USD","MSFT","T002010","2026-06-18","Trade","ARCA","3","518.08","1554.24","2.21","0.96","USD","-1557.41","524.62","ORD0002010","2026-06-18 14:04:49","MKT","mock-trader","MOCKEXEC00002010"
"10.28","SELL","USD","GOOGL","T002011","2026-06-18","Trade","NASDAQ","50","205.28","10264.0","3.01","0.67","USD","6.6","198.43","ORD0002011","2026-06-18 13:50:05","LMT","mock-trader","MOCKEXEC00002011"
"108.8","BUY","USD","META","T002012","2026-06-18","Trade","NASDAQ","20","536.63","10732.6","1.0","0.81","USD","-10734.41","531.06","ORD0002012","2026-06-18 11:18:56","MKT","mock-trader","MOCKEXEC00002012"
"-154.3","BUY","USD","AMZN","T002013","2026-06-18","Trade","ARCA","15","171.78","2576.7","2.09","1.23","USD","-2580.02","174.37","ORD0002013","2026-06-18 12:04:26","LMT","mock-trader","MOCKEXEC00002013"
"-92.25","SELL","USD","TSLA","T002014","2026-06-18","Trade","NYSE","3","449.67","1349.01","2.3","1.91","USD","-96.46","455.96","ORD0002014","2026-06-18 09:08:40","LMT","mock-trader","MOCKEXEC00002014"
"118.61","BUY","USD","AMD","T002015","2026-06-18","Trade","ARCA","25","187.56","4689.0","2.15","1.42","USD","-4692.57","194.2","ORD0002015","2026-06-18 11:27:24","LMT","mock-trader","MOCKEXEC00002015"
"115.42","BUY","USD","AMZN","T002016","2026-06-18","Trade","NYSE","1","186.92","186.92","2.2","1.89","USD","-191.01","185.84","ORD0002016","2026-06-18 11:42:58","MKT","mock-trader","MOCKEXEC00002016"
"-87.88","SELL","USD","TSLA","T002017","2026-06-19","Trade","ARCA","3","420.35","1261.05","2.23","0.44","USD","-90.55","414.85","ORD0002017","2026-06-19 12:08:48","LMT","mock-trader","MOCKEXEC00002017"
"256.98","SELL","USD","GOOGL","T002018","2026-06-19","Trade","NYSE","1","188.85","188.85","1.67","1.74","USD","253.57","182.18","ORD0002018","2026-06-19 15:41:58","MKT","mock-trader","MOCKEXEC00002018"
"297.86","BUY","USD","AMZN","T002019","2026-06-19","Trade","NASDAQ","20","200.92","4018.4","1.47","0.66","USD","-4020.53","193.57","ORD0002019","2026-06-19 14:32:28","MKT","mock-trader","MOCKEXEC00002019"
"-150.5","SELL","USD","AAPL","T002020","2026-06-19","Trade","NASDAQ","20","237.9","4758.0","0.95","2.44","USD","-153.89","242.06","ORD0002020","2026-06-19 12:08:34","MKT","mock-trader","MOCKEXEC00002020"
"180.06","SELL","USD","AMD","T002021","2026-06-19","Trade","ARCA","3","128.83","386.49","0.43","2.21","USD","177.42","131.38","ORD0002021","2026-06-19 10:14:09","MKT","mock-trader","MOCKEXEC00002021"
"-173.41","BUY","USD","NVDA","T002022","2026-06-19","Trade","ARCA","50","112.4","5620.0","0.97","0.99","USD","-5621.96","106.89","ORD0002022","2026-06-19 10:22:38","LMT","mock-trader","MOCKEXEC00002022"
"183.14","BUY","USD","AAPL","T002023","2026-06-19","Trade","NASDAQ","10","206.46","2064.6","1.94","1.27","USD","-2067.81","211.3","ORD0002023","2026-06-19 10:23:56","MKT","mock-trader","MOCKEXEC00002023"
"292.85","SELL","USD","AMZN","T002024","2026-06-19","Trade","NASDAQ","1","232.6","232.6","1.1","0.97","USD","290.78","237.08","ORD0002024","2026-06-19 12:59:09","MKT","mock-trader","MOCKEXEC00002024"
"170.1","SELL","USD","AAPL","T002025","2026-06-19","Trade","NYSE","10","208.24","2082.4","2.33","2.4","USD","165.37","209.14","ORD0002025","2026-06-19 09:38:48","MKT","mock-trader","MOCKEXEC00002025"
"-143.61","BUY","USD","AAPL","T002026","2026-06-19","Trade","NASDAQ","50","201.2","10060.0","3.13","0.48","USD","-10063.61","197.8","ORD0002026","2026-06-19 15:45:21","LMT","mock-trader","MOCKEXEC00002026"
"75.27","SELL","USD","MSFT","T002027","2026-06-19","Trade","NYSE","3","507.33","1521.99","3.17","2.34","USD","69.76","503.53","ORD0002027","2026-06-19 12:35:26","LMT","mock-trader","MOCKEXEC00002027"
"157.07","BUY","USD","AAPL","T002028","2026-06-22","Trade","ARCA","2","244.91","489.82","3.24","0.75","USD","-493.81","243.08","ORD0002028","2026-06-22 15:22:31","MKT","mock-trader","MOCKEXEC00002028"
"-122.3","SELL","USD","AMZN","T002029","2026-06-22","Trade","NYSE","50","208.52","10426.0","0.51","0.75","USD","-123.56","211.09","ORD0002029","2026-06-22 14:57:45","LMT","mock-trader","MOCKEXEC00002029"
"-14.03","SELL","USD","AMZN","T002030","2026-06-22","Trade","NYSE","1","181.89","181.89","1.13","1.03","USD","-16.19","181.78","ORD0002030","2026-06-22 11:37:36","MKT","mock-trader","MOCKEXEC00002030"
"121.37","BUY","USD","META","T002031","2026-06-22","Trade","ARCA","1","750.23","750.23","1.5","1.68","USD","-753.41","753.26","ORD0002031","2026-06-22 11:57:09","LMT","mock-trader","MOCKEXEC00002031"
"14.25","SELL","USD","AAPL","T002032","2026-06-22","Trade","NASDAQ","2","250.95","501.9","1.47","0.79","USD","11.99","250.19","ORD0002032","2026-06-22 11:23:28","MKT","mock-trader","MOCKEXEC00002032"
"-133.38","SELL","USD","GOOGL","T002033","2026-06-22","Trade","NASDAQ","3","216.62","649.86","0.78","1.74","USD","-135.9","209.73","ORD0002033","2026-06-22 13:57:35","MKT","mock-trader","MOCKEXEC00002033"
"-82.77","BUY","USD","TSLA","T002034","2026-06-22","Trade","NYSE","1","352.41","352.41","2.53","1.64","USD","-356.58","346.98","ORD0002034","2026-06-22 13:54:25","LMT","mock-trader","MOCKEXEC00002034"
"-89.82","SELL","USD","META","T002035","2026-06-22","Trade","ARCA","25","757.9","18947.5","2.81","2.08","USD","-94.71","758.4","ORD0002035","2026-06-22 14:11:15","MKT","mock-trader","MOCKEXEC00002035"
"203.4","BUY","USD","NVDA","T002036","2026-06-23","Trade","NYSE","10","140.98","1409.8","0.96","1.27","USD","-1412.03","135.0","ORD0002036","2026-06-23 09:46:21","MKT","mock-trader","MOCKEXEC00002036"
"-22.34","BUY","USD","GOOGL","T002037","2026-06-23","Trade","NYSE","15","230.19","3452.85","0.99","2.4","USD","-3456.24","237.04","ORD0002037","2026-06-23 12:11:53","LMT","mock-trader","MOCKEXEC00002037"
"46.09","BUY","USD","AAPL","T002038","2026-06-23","Trade","NYSE","10","211.52","2115.2","0.84","1.97","USD","-2118.01","207.07","ORD0002038","2026-06-23 10:39:50","LMT","mock-trader","MOCKEXEC00002038"
"-18.92","BUY","USD","TSLA","T002039","2026-06-23","Trade","NASDAQ","5","419.66","2098.3","1.88","2.07","USD","-2102.25","420.07","ORD0002039","2026-06-23 10:02:17","MKT","mock-trader","MOCKEXEC00002039"
"165.08","SELL","USD","GOOGL","T002040","2026-06-23","Trade","NASDAQ","3","285.72","857.16","2.1","1.25","USD","161.73","279.31","ORD0002040","2026-06-23 11:10:38","MKT","mock-trader","MOCKEXEC00002040"
"90.79","SELL","USD","AAPL","T002041","2026-06-23","Trade","NYSE","2","228.51","457.02","2.69","2.29","USD","85.81","226.26","ORD0002041","2026-06-23 10:37:11","LMT","mock-trader","MOCKEXEC00002041"
"313.1","SELL","USD","AMZN","T002042","2026-06-23","Trade","ARCA","1","189.62","189.62","2.87","1.94","USD","308.29","197.16","ORD0002042","2026-06-23 09:53:14","MKT","mock-trader","MOCKEXEC00002042"
"230.66","SELL","USD","AAPL","T002043","2026-06-23","Trade","NASDAQ","50","254.62","12731.0","0.03","0.59","USD","230.04","253.31","ORD0002043","2026-06-23 14:37:03","MKT","mock-trader","MOCKEXEC00002043"
"64.7","BUY","USD","AMZN","T002044","2026-06-23","Trade","ARCA","15","211.9","3178.5","1.71","1.61","USD","-3181.82","203.93","ORD0002044","2026-06-23 14:01:11","LMT","mock-trader","MOCKEXEC00002044"
"240.84","BUY","USD","GOOGL","T002045","2026-06-23","Trade","ARCA","20","171.93","3438.6","1.32","1.87","USD","-3441.79","168.42","ORD0002045","2026-06-23 12:04:32","LMT","mock-trader","MOCKEXEC00002045"
"130.82","BUY","USD","META","T002046","2026-06-24","Trade","NASDAQ","25","673.81","16845.25","3.14","0.76","USD","-16849.15","670.38","ORD0002046","2026-06-24 15:22:46","MKT","mock-trader","MOCKEXEC00002046"
"54.36","BUY","USD","AMZN","T002047","2026-06-24","Trade","NYSE","20","215.09","4301.8","3.21","1.45","USD","-4306.46","208.3","ORD0002047","2026-06-24 11:24:18","LMT","mock-trader","MOCKEXEC00002047"
"-120.87","SELL","USD","AMZN","T002048","2026-06-24","Trade","NASDAQ","1","228.24","228.24","1.03","1.95","USD","-123.85","223.37","ORD0002048","2026-06-24 13:44:58","MKT","mock-trader","MOCKEXEC00002048"
"175.75","SELL","USD","AMD","T002049","2026-06-24","Trade","NYSE","20","245.38","4907.6","1.19","1.03","USD","173.53","247.92","ORD0002049","2026-06-24 14:57:48","MKT","mock-trader","MOCKEXEC00002049"
"230.68","BUY","USD","NVDA","T002050","2026-06-24","Trade","ARCA","3","144.3","432.9","2.27","1.32","USD","-436.49","137.18","ORD0002050","2026-06-24 14:04:51","MKT","mock-trader","MOCKEXEC00002050"
"-123.06","BUY","USD","NVDA","T002051","2026-06-24","Trade","NYSE","5","105.54","527.7","1.67","1.48","USD","-530.85","112.38","ORD0002051","2026-06-24 09:24:40","LMT","mock-trader","MOCKEXEC00002051"
"-80.79","SELL","USD","AMZN","T002052","2026-06-24","Trade","NYSE","5","163.55","817.75","1.7","1.46","USD","-83.95","164.92","ORD0002052","2026-06-24 09:55:08","LMT","mock-trader","MOCKEXEC00002052"
"-138.11","SELL","USD","TSLA","T002053","2026-06-24","Trade","ARCA","5","432.32","2161.6","1.0","0.59","USD","-139.7","429.31","ORD0002053","2026-06-24 09:02:01","MKT","mock-trader","MOCKEXEC00002053"
"88.94","SELL","USD","AMD","T002054","2026-06-24","Trade","NASDAQ","5","185.47","927.35","3.18","0.58","USD","85.18","181.36","ORD0002054","2026-06-24 14:04:13","LMT","mock-trader","MOCKEXEC00002054"
"9.99","SELL","USD","GOOGL","T002055","2026-06-24","Trade","NASDAQ","50","277.72","13886.0","0.73","2.43","USD","6.83","281.8","ORD0002055","2026-06-24 13:45:16","LMT","mock-trader","MOCKEXEC00002055"
"-144.21","SELL","USD","AMZN","T002056","2026-06-24","Trade","NASDAQ","20","184.25","3685.0","3.45","2.26","USD","-149.92","190.96","ORD0002056","2026-06-24 10:02:06","LMT","mock-trader","MOCKEXEC00002056"
"16.46","SELL","USD","GOOGL","T002057","2026-06-25","Trade","NYSE","3","255.05","765.15","0.64","1.25","USD","14.57","259.74","ORD0002057","2026-06-25 10:55:56","MKT","mock-trader","MOCKEXEC00002057"
"-22.04","SELL","USD","NVDA","T002058","2026-06-25","Trade","ARCA","3","179.47","538.41","1.21","2.42","USD","-25.67","186.02","ORD0002058","2026-06-25 12:53:23","LMT","mock-trader","MOCKEXEC00002058"
"-49.91","SELL","USD","TSLA","T002059","2026-06-25","Trade","ARCA","25","445.49","11137.25","1.54","0.91","USD","-52.36","444.3","ORD0002059","2026-06-25 10:17:52","LMT","mock-trader","MOCKEXEC00002059"
"132.74","BUY","USD","TSLA","T002060","2026-06-25","Trade","NYSE","1","311.37","311.37","1.1","2.41","USD","-314.88","312.63","ORD0002060","2026-06-25 13:26:20","LMT","mock-trader","MOCKEXEC00002060"
"202.96","BUY","USD","MSFT","T002061","2026-06-25","Trade","ARCA","1","523.27","523.27","2.63","2.22","USD","-528.12","526.65","ORD0002061","2026-06-25 10:38:14","LMT","mock-trader","MOCKEXEC00002061"
"258.67","SELL","USD","AAPL","T002062","2026-06-25","Trade","ARCA","5","218.02","1090.1","3.03","0.41","USD","255.23","219.23","ORD0002062","2026-06-25 11:27:55","LMT","mock-trader","MOCKEXEC00002062"
"66.71","BUY","USD","NVDA","T002063","2026-06-26","Trade","ARCA","5","123.42","617.1","1.93","2.18","USD","-621.21","130.38","ORD0002063","2026-06-26 14:42:46","MKT","mock-trader","MOCKEXEC00002063"
"51.82","SELL","USD","META","T002064","2026-06-26","Trade","NASDAQ","25","716.91","17922.75","3.07","1.09","USD","47.66","722.73","ORD0002064","2026-06-26 11:44:41","LMT","mock-trader","MOCKEXEC00002064"
"84.85","BUY","USD","AAPL","T002065","2026-06-26","Trade","NASDAQ","5","245.48","1227.4","0.33","1.27","USD","-1229.0","248.37","ORD0002065","2026-06-26 10:49:15","LMT","mock-trader","MOCKEXEC00002065"
"178.88","BUY","USD","NVDA","T002066","2026-06-26","Trade","NYSE","10","125.33","1253.3","1.38","1.15","USD","-1255.83","129.01","ORD0002066","2026-06-26 09:25:12","MKT","mock-trader","MOCKEXEC00002066"
"-146.32","SELL","USD","NVDA","T002067","2026-06-26","Trade","ARCA","5","100.35","501.75","0.48","2.04","USD","-148.84","94.77","ORD0002067","2026-06-26 15:53:03","LMT","mock-trader","MOCKEXEC00002067"
"206.62","BUY","USD","META","T002068","2026-06-26","Trade","NYSE","20","745.13","14902.6","3.04","0.71","USD","-14906.35","753.02","ORD0002068","2026-06-26 10:27:54","LMT","mock-trader","MOCKEXEC00002068"
"139.07","SELL","USD","NVDA","T002069","2026-06-29","Trade","ARCA","25","157.9","3947.5","2.44","1.11","USD","135.52","163.53","ORD0002069","2026-06-29 14:43:16","LMT","mock-trader","MOCKEXEC00002069"
"5.24","BUY","USD","GOOGL","T002070","2026-06-29","Trade","NASDAQ","1","234.34","234.34","1.47","1.53","USD","-237.34","239.68","ORD0002070","2026-06-29 09:55:12","LMT","mock-trader","MOCKEXEC00002070"
"232.44","BUY","USD","TSLA","T002071","2026-06-29","Trade","NASDAQ","5","324.84","1624.2","3.39","2.22","USD","-1629.81","318.08","ORD0002071","2026-06-29 11:18:25","LMT","mock-trader","MOCKEXEC00002071"
"-71.63","BUY","USD","TSLA","T002072","2026-06-29","Trade","NYSE","50","425.56","21278.0","1.83","1.4","USD","-21281.23","427.78","ORD0002072","2026-06-29 14:47:02","LMT","mock-trader","MOCKEXEC00002072"
"-59.0","BUY","USD","MSFT","T002073","2026-06-29","Trade","NYSE","10","362.29","3622.9","1.22","1.12","USD","-3625.24","362.43","ORD0002073","2026-06-29 09:43:13","MKT","mock-trader","MOCKEXEC00002073"
"58.66","SELL","USD","MSFT","T002074","2026-06-29","Trade","NASDAQ","50","479.15","23957.5","1.6","1.04","USD","56.02","471.95","ORD0002074","2026-06-29 09:39:40","MKT","mock-trader","MOCKEXEC00002074"
"63.53","SELL","USD","TSLA","T002075","2026-06-30","Trade","NYSE","10","339.48","3394.8","2.85","1.49","USD","59.19","332.06","ORD0002075","2026-06-30 13:02:09","MKT","mock-trader","MOCKEXEC00002075"
"37.97","BUY","USD","GOOGL","T002076","2026-06-30","Trade","NASDAQ","25","255.26","6381.5","0.37","1.41","USD","-6383.28","253.49","ORD0002076","2026-06-30 15:33:27","MKT","mock-trader","MOCKEXEC00002076"
"187.92","SELL","USD","AMD","T002077","2026-06-30","Trade","NASDAQ","25","153.44","3836.0","1.82","1.74","USD","184.36","148.0","ORD0002077","2026-06-30 09:30:55","LMT","mock-trader","MOCKEXEC00002077"
"-85.2","SELL","USD","AAPL","T002078","2026-06-30","Trade","ARCA","50","214.52","10726.0","1.25","1.46","USD","-87.91","215.93","ORD0002078","2026-06-30 12:20:28","MKT","mock-trader","MOCKEXEC00002078"
"313.69","BUY","USD","TSLA","T002079","2026-06-30","Trade","NYSE","15","440.37","6605.55","2.02","1.58","USD","-6609.15","444.55","ORD0002079","2026-06-30 10:18:10","LMT","mock-trader","MOCKEXEC00002079"
"170.2","BUY","USD","NVDA","T002080","2026-06-30","Trade","NYSE","25","172.43","4310.75","1.17","0.35","USD","-4312.27","175.33","ORD0002080","2026-06-30 13:52:17","LMT","mock-trader","MOCKEXEC00002080"
"208.18","BUY","USD","AMD","T002081","2026-06-30","Trade","NYSE","1","222.22","222.22","0.02","2.02","USD","-224.26","219.68","ORD0002081","2026-06-30 10:57:52","MKT","mock-trader","MOCKEXEC00002081"
"225.56","SELL","USD","AMD","T002082","2026-06-30","Trade","NASDAQ","20","188.88","3777.6","0.78","0.96","USD","223.82","191.09","ORD0002082","2026-06-30 15:47:45","MKT","mock-trader","MOCKEXEC00002082"
"-30.09","BUY","USD","TSLA","T002083","2026-06-30","Trade","NASDAQ","50","324.12","16206.0","0.37","0.79","USD","-16207.16","328.98","ORD0002083","2026-06-30 12:52:12","LMT","mock-trader","MOCKEXEC00002083"
"-68.12","BUY","USD","NVDA","T002084","2026-06-30","Trade","NYSE","25","161.24","4031.0","3.03","2.15","USD","-4036.18","168.44","ORD0002084","2026-06-30 15:30:30","MKT","mock-trader","MOCKEXEC00002084"
"166.65","SELL","USD","MSFT","T002085","2026-06-30","Trade","NASDAQ","3","413.81","1241.43","1.68","1.38","USD","163.59","412.05","ORD0002085","2026-06-30 09:49:38","MKT","mock-trader","MOCKEXEC00002085"
"233.64","BUY","USD","AMD","T002086","2026-06-30","Trade","NASDAQ","3","110.98","332.94","2.51","0.88","USD","-336.33","106.08","ORD0002086","2026-06-30 14:18:31","MKT","mock-trader","MOCKEXEC00002086"
"129.52","SELL","USD","AMD","T002087","2026-07-01","Trade","ARCA","25","114.09","2852.25","3.25","1.85","USD","124.42","112.93","ORD0002087","2026-07-01 09:43:37","LMT","mock-trader","MOCKEXEC00002087"
"37.25","SELL","USD","MSFT","T002088","2026-07-01","Trade","ARCA","15","491.96","7379.4","2.7","1.16","USD","33.39","491.24","ORD0002088","2026-07-01 11:02:38","LMT","mock-trader","MOCKEXEC00002088"
"-171.96","BUY","USD","AMZN","T002089","2026-07-01","Trade","NASDAQ","10","227.9","2279.0","2.15","1.07","USD","-2282.22","222.48","ORD0002089","2026-07-01 15:53:18","LMT","mock-trader","MOCKEXEC00002089"
"298.59","BUY","USD","TSLA","T002090","2026-07-01","Trade","ARCA","25","374.83","9370.75","0.64","2.14","USD","-9373.53","376.1","ORD0002090","2026-07-01 15:16:15","MKT","mock-trader","MOCKEXEC00002090"
"59.12","BUY","USD","AMD","T002091","2026-07-01","Trade","ARCA","15","203.99","3059.85","0.85","0.36","USD","-3061.06","197.81","ORD0002091","2026-07-01 12:50:40","MKT","mock-trader","MOCKEXEC00002091"
"-131.91","SELL","USD","MSFT","T002092","2026-07-01","Trade","ARCA","1","499.04","499.04","0.24","1.84","USD","-133.99","505.59","ORD0002092","2026-07-01 12:00:01","MKT","mock-trader","MOCKEXEC00002092"
"178.88","SELL","USD","NVDA","T002093","2026-07-01","Trade","ARCA","15","144.84","2172.6","2.34","2.15","USD","174.39","151.4","ORD0002093","2026-07-01 13:29:55","MKT","mock-trader","MOCKEXEC00002093"
"176.87","SELL","USD","AMZN","T002094","2026-07-01","Trade","NYSE","10","200.76","2007.6","1.25","2.26","USD","173.36","202.36","ORD0002094","2026-07-01 09:18:36","LMT","mock-trader","MOCKEXEC00002094"
"268.12","SELL","USD","MSFT","T002095","2026-07-01","Trade","NASDAQ","20","398.49","7969.8","1.77","1.18","USD","265.17","400.63","ORD0002095","2026-07-01 15:18:43","MKT","mock-trader","MOCKEXEC00002095"
"294.85","BUY","USD","AAPL","T002096","2026-07-01","Trade","ARCA","2","265.97","531.94","2.42","2.09","USD","-536.45","264.49","ORD0002096","2026-07-01 11:09:49","MKT","mock-trader","MOCKEXEC00002096"
"249.16","SELL","USD","META","T002097","2026-07-01","Trade","NASDAQ","50","599.92","29996.0","2.07","0.62","USD","246.47","603.45","ORD0002097","2026-07-01 14:08:18","MKT","mock-trader","MOCKEXEC00002097"
"-155.19","BUY","USD","NVDA","T002098","2026-07-02","Trade","NASDAQ","50","131.29","6564.5","1.06","1.93","USD","-6567.49","135.93","ORD0002098","2026-07-02 11:05:37","LMT","mock-trader","MOCKEXEC00002098"
"-122.73","BUY","USD","META","T002099","2026-07-02","Trade","NASDAQ","3","648.65","1945.95","3.34","0.71","USD","-1950.0","641.56","ORD0002099","2026-07-02 14:44:46","MKT","mock-trader","MOCKEXEC00002099"
"176.38","SELL","USD","TSLA","T002100","2026-07-02","Trade","NASDAQ","5","326.28","1631.4","2.91","0.7","USD","172.77","318.49","ORD0002100","2026-07-02 09:03:46","MKT","mock-trader","MOCKEXEC00002100"
"-123.02","BUY","USD","AMZN","T002101","2026-07-02","Trade","ARCA","50","194.34","9717.0","0.01","2.37","USD","-9719.38","200.0","ORD0002101","2026-07-02 13:02:11","MKT","mock-trader","MOCKEXEC00002101"
"260.39","SELL","USD","TSLA","T002102","2026-07-02","Trade","NASDAQ","2","317.02","634.04","2.1","0.65","USD","257.64","319.95","ORD0002102","2026-07-02 13:47:14","LMT","mock-trader","MOCKEXEC00002102"
"-58.78","SELL","USD","AMZN","T002103","2026-07-02","Trade","NASDAQ","20","192.47","3849.4","1.46","0.63","USD","-60.87","199.13","ORD0002103","2026-07-02 09:32:50","MKT","mock-trader","MOCKEXEC00002103"
"252.61","BUY","USD","GOOGL","T002104","2026-07-03","Trade","NASDAQ","15","277.96","4169.4","2.0","2.0","USD","-4173.4","284.27","ORD0002104","2026-07-03 11:49:29","LMT","mock-trader","MOCKEXEC00002104"
"-5.57","BUY","USD","AMZN","T002105","2026-07-03","Trade","ARCA","2","153.63","307.26","1.92","0.73","USD","-309.91","158.11","ORD0002105","2026-07-03 10:00:55","LMT","mock-trader","MOCKEXEC00002105"
"-34.89","BUY","USD","AMD","T002106","2026-07-03","Trade","ARCA","25","192.81","4820.25","0.49","1.5","USD","-4822.24","200.61","ORD0002106","2026-07-03 14:19:08","LMT","mock-trader","MOCKEXEC00002106"
"-2.01","SELL","USD","AMZN","T002107","2026-07-03","Trade","ARCA","20","223.34","4466.8","0.1","1.89","USD","-4.0","221.83","ORD0002107","2026-07-03 12:27:30","MKT","mock-trader","MOCKEXEC00002107"
"-117.37","SELL","USD","AMD","T002108","2026-07-03","Trade","ARCA","20","230.46","4609.2","1.86","2.07","USD","-121.3","225.93","ORD0002108","2026-07-03 10:27:34","LMT","mock-trader","MOCKEXEC00002108"
"211.16","BUY","USD","AAPL","T002109","2026-07-03","Trade","NYSE","20","261.54","5230.8","0.57","2.33","USD","-5233.7","256.29","ORD0002109","2026-07-03 10:11:27","LMT","mock-trader","MOCKEXEC00002109"
"18.54","BUY","USD","AMD","T002110","2026-07-03","Trade","ARCA","5","167.13","835.65","3.32","2.48","USD","-841.45","164.33","ORD0002110","2026-07-03 10:35:58","MKT","mock-trader","MOCKEXEC00002110"
"102.8","SELL","USD","AMD","T002111","2026-07-03","Trade","NYSE","5","221.26","1106.3","0.37","0.98","USD","101.45","223.22","ORD0002111","2026-07-03 12:29:09","LMT","mock-trader","MOCKEXEC00002111"
"-86.02","SELL","USD","GOOGL","T002112","2026-07-06","Trade","NASDAQ","1","232.36","232.36","1.95","2.41","USD","-90.38","232.88","ORD0002112","2026-07-06 11:01:59","LMT","mock-trader","MOCKEXEC00002112"
"210.35","SELL","USD","MSFT","T002113","2026-07-06","Trade","ARCA","2","528.39","1056.78","1.15","1.49","USD","207.71","523.41","ORD0002113","2026-07-06 09:52:08","LMT","mock-trader","MOCKEXEC00002113"
"40.7","SELL","USD","GOOGL","T002114","2026-07-06","Trade","ARCA","2","230.16","460.32","2.27","2.14","USD","36.29","227.09","ORD0002114","2026-07-06 12:02:03","LMT","mock-trader","MOCKEXEC00002114"
"117.18","BUY","USD","AAPL","T002115","2026-07-06","Trade","NYSE","3","218.33","654.99","2.24","1.43","USD","-658.66","217.49","ORD0002115","2026-07-06 15:56:31","LMT","mock-trader","MOCKEXEC00002115"
"114.83","BUY","USD","AAPL","T002116","2026-07-06","Trade","NASDAQ","1","254.18","254.18","0.06","0.48","USD","-254.72","260.22","ORD0002116","2026-07-06 11:40:00","LMT","mock-trader","MOCKEXEC00002116"
"197.12","SELL","USD","AAPL","T002117","2026-07-06","Trade","NASDAQ","10","211.96","2119.6","0.08","1.74","USD","195.3","213.57","ORD0002117","2026-07-06 10:11:10","MKT","mock-trader","MOCKEXEC00002117"
"-172.16","BUY","USD","GOOGL","T002118","2026-07-06","Trade","NASDAQ","2","245.1","490.2","0.59","0.34","USD","-491.13","249.62","ORD0002118","2026-07-06 12:40:12","MKT","mock-trader","MOCKEXEC00002118"
"31.74","BUY","USD","META","T002119","2026-07-06","Trade","ARCA","20","695.36","13907.2","0.91","2.06","USD","-13910.17","694.58","ORD0002119","2026-07-06 10:30:50","LMT","mock-trader","MOCKEXEC00002119"
"165.19","SELL","USD","AAPL","T002120","2026-07-06","Trade","NYSE","25","261.89","6547.25","2.82","1.97","USD","160.4","258.77","ORD0002120","2026-07-06 14:38:23","LMT","mock-trader","MOCKEXEC00002120"
"66.47","BUY","USD","META","T002121","2026-07-06","Trade","NYSE","20","662.83","13256.6","0.73","1.7","USD","-13259.03","658.88","ORD0002121","2026-07-06 11:14:16","MKT","mock-trader","MOCKEXEC00002121"
"307.59","SELL","USD","META","T002122","2026-07-06","Trade","ARCA","20","768.9","15378.0","2.32","1.19","USD","304.08","775.74","ORD0002122","2026-07-06 13:12:42","LMT","mock-trader","MOCKEXEC00002122"
"-65.68","SELL","USD","AMZN","T002123","2026-07-06","Trade","NYSE","50","224.14","11207.0","3.29","1.04","USD","-70.01","224.89","ORD0002123","2026-07-06 12:40:10","LMT","mock-trader","MOCKEXEC00002123"
"78.79","SELL","USD","AMZN","T002124","2026-07-06","Trade","ARCA","20","232.99","4659.8","0.84","0.32","USD","77.63","235.6","ORD0002124","2026-07-06 12:30:23","LMT","mock-trader","MOCKEXEC00002124"
"145.22","BUY","USD","META","T002125","2026-07-07","Trade","NYSE","3","731.94","2195.82","2.7","1.62","USD","-2200.14","727.44","ORD0002125","2026-07-07 15:41:16","MKT","mock-trader","MOCKEXEC00002125"
"-168.11","SELL","USD","GOOGL","T002126","2026-07-07","Trade","ARCA","50","154.75","7737.5","2.53","0.94","USD","-171.58","159.55","ORD0002126","2026-07-07 11:46:02","MKT","mock-trader","MOCKEXEC00002126"
"231.37","SELL","USD","META","T002127","2026-07-07","Trade","NASDAQ","25","549.56","13739.0","0.18","0.69","USD","230.5","544.32","ORD0002127","2026-07-07 15:38:48","MKT","mock-trader","MOCKEXEC00002127"
"65.01","SELL","USD","AMD","T002128","2026-07-07","Trade","NYSE","5","237.2","1186.0","0.5","2.44","USD","62.07","234.24","ORD0002128","2026-07-07 14:50:59","MKT","mock-trader","MOCKEXEC00002128"
"-12.46","BUY","USD","AMZN","T002129","2026-07-07","Trade","ARCA","2","192.17","384.34","3.47","0.5","USD","-388.31","184.79","ORD0002129","2026-07-07 10:44:44","MKT","mock-trader","MOCKEXEC00002129"
"299.71","SELL","USD","META","T002130","2026-07-07","Trade","NYSE","1","697.38","697.38","0.33","0.72","USD","298.66","693.01","ORD0002130","2026-07-07 09:08:58","LMT","mock-trader","MOCKEXEC00002130"
"218.74","SELL","USD","AMZN","T002131","2026-07-08","Trade","NASDAQ","15","168.81","2532.15","2.54","0.48","USD","215.72","163.09","ORD0002131","2026-07-08 14:22:36","LMT","mock-trader","MOCKEXEC00002131"
"50.36","SELL","USD","NVDA","T002132","2026-07-08","Trade","ARCA","15","114.77","1721.55","0.92","1.49","USD","47.95","120.22","ORD0002132","2026-07-08 12:57:11","LMT","mock-trader","MOCKEXEC00002132"
"-68.28","BUY","USD","MSFT","T002133","2026-07-08","Trade","NYSE","50","422.7","21135.0","0.67","1.86","USD","-21137.53","420.3","ORD0002133","2026-07-08 11:21:05","LMT","mock-trader","MOCKEXEC00002133"
"-140.8","BUY","USD","AAPL","T002134","2026-07-08","Trade","ARCA","5","222.69","1113.45","2.33","2.33","USD","-1118.11","220.19","ORD0002134","2026-07-08 11:20:48","MKT","mock-trader","MOCKEXEC00002134"
"-86.76","BUY","USD","AMD","T002135","2026-07-08","Trade","NASDAQ","20","120.36","2407.2","2.96","1.19","USD","-2411.35","115.56","ORD0002135","2026-07-08 12:16:24","MKT","mock-trader","MOCKEXEC00002135"
"31.59","SELL","USD","MSFT","T002136","2026-07-08","Trade","NASDAQ","25","424.91","10622.75","2.53","2.21","USD","26.85","419.58","ORD0002136","2026-07-08 12:16:56","MKT","mock-trader","MOCKEXEC00002136"
"-120.74","BUY","USD","GOOGL","T002137","2026-07-08","Trade","NASDAQ","50","188.63","9431.5","3.41","1.72","USD","-9436.63","186.91","ORD0002137","2026-07-08 09:37:39","LMT","mock-trader","MOCKEXEC00002137"
"215.05","BUY","USD","AMZN","T002138","2026-07-08","Trade","NYSE","20","174.05","3481.0","0.82","1.64","USD","-3483.46","171.43","ORD0002138","2026-07-08 09:27:47","MKT","mock-trader","MOCKEXEC00002138"
"180.55","SELL","USD","META","T002139","2026-07-08","Trade","ARCA","1","713.68","713.68","2.88","1.46","USD","176.21","720.36","ORD0002139","2026-07-08 10:58:43","LMT","mock-trader","MOCKEXEC00002139"
"-72.34","BUY","USD","AMZN","T002140","2026-07-09","Trade","NYSE","3","245.23","735.69","2.74","2.11","USD","-740.54","245.73","ORD0002140","2026-07-09 13:33:02","LMT","mock-trader","MOCKEXEC00002140"
"4.65","SELL","USD","MSFT","T002141","2026-07-09","Trade","ARCA","3","361.44","1084.32","2.86","1.15","USD","0.64","359.3","ORD0002141","2026-07-09 15:43:09","MKT","mock-trader","MOCKEXEC00002141"
"55.69","BUY","USD","AMZN","T002142","2026-07-09","Trade","NASDAQ","5","175.54","877.7","2.68","1.24","USD","-881.62","175.0","ORD0002142","2026-07-09 13:39:04","LMT","mock-trader","MOCKEXEC00002142"
"-82.96","BUY","USD","META","T002143","2026-07-09","Trade","ARCA","10","688.61","6886.1","0.3","2.16","USD","-6888.56","683.86","ORD0002143","2026-07-09 11:15:27","LMT","mock-trader","MOCKEXEC00002143"
"247.88","BUY","USD","AMZN","T002144","2026-07-09","Trade","NYSE","1","218.57","218.57","2.33","1.57","USD","-222.47","218.31","ORD0002144","2026-07-09 14:41:06","MKT","mock-trader","MOCKEXEC00002144"
"288.06","BUY","USD","GOOGL","T002145","2026-07-09","Trade","NYSE","2","292.31","584.62","2.12","1.13","USD","-587.87","296.83","ORD0002145","2026-07-09 11:51:04","MKT","mock-trader","MOCKEXEC00002145"
"127.19","BUY","USD","NVDA","T002146","2026-07-09","Trade","NASDAQ","20","111.3","2226.0","2.6","1.9","USD","-2230.5","111.13","ORD0002146","2026-07-09 15:39:09","MKT","mock-trader","MOCKEXEC00002146"
"41.33","SELL","USD","AMZN","T002147","2026-07-09","Trade","NASDAQ","2","228.68","457.36","2.38","1.23","USD","37.72","228.42","ORD0002147","2026-07-09 15:01:22","LMT","mock-trader","MOCKEXEC00002147"
"-6.87","BUY","USD","AMD","T002148","2026-07-09","Trade","NASDAQ","25","196.52","4913.0","2.08","1.64","USD","-4916.72","200.18","ORD0002148","2026-07-09 11:55:12","LMT","mock-trader","MOCKEXEC00002148"
"314.1","SELL","USD","META","T002149","2026-07-09","Trade","ARCA","1","503.11","503.11","0.02","2.0","USD","312.08","501.15","ORD0002149","2026-07-09 15:33:15","LMT","mock-trader","MOCKEXEC00002149"
"260.25","BUY","USD","AAPL","T002150","2026-07-09","Trade","NASDAQ","10","244.66","2446.6","0.6","0.96","USD","-2448.16","243.06","ORD0002150","2026-07-09 15:25:03","MKT","mock-trader","MOCKEXEC00002150"
"162.42","BUY","USD","META","T002151","2026-07-09","Trade","NASDAQ","5","581.94","2909.7","1.61","1.03","USD","-2912.34","583.95","ORD0002151","2026-07-09 13:45:46","MKT","mock-trader","MOCKEXEC00002151"
"-58.21","BUY","USD","GOOGL","T002152","2026-07-09","Trade","NYSE","1","161.33","161.33","1.92","0.55","USD","-163.8","156.09","ORD0002152","2026-07-09 09:55:48","MKT","mock-trader","MOCKEXEC00002152"
"92.75","SELL","USD","AMZN","T002153","2026-07-10","Trade","NYSE","20","156.01","3120.2","0.56","0.26","USD","91.93","151.77","ORD0002153","2026-07-10 14:35:10","MKT","mock-trader","MOCKEXEC00002153"
"162.57","BUY","USD","NVDA","T002154","2026-07-10","Trade","ARCA","50","159.22","7961.0","0.27","1.94","USD","-7963.21","157.41","ORD0002154","2026-07-10 09:46:49","LMT","mock-trader","MOCKEXEC00002154"
"102.67","SELL","USD","AMZN","T002155","2026-07-10","Trade","NYSE","1","173.76","173.76","2.34","0.44","USD","99.89","180.77","ORD0002155","2026-07-10 12:15:47","MKT","mock-trader","MOCKEXEC00002155"
"-87.91","SELL","USD","AMD","T002156","2026-07-10","Trade","NASDAQ","25","164.26","4106.5","0.15","1.05","USD","-89.11","157.55","ORD0002156","2026-07-10 14:45:06","LMT","mock-trader","MOCKEXEC00002156"
"-45.5","SELL","USD","AAPL","T002157","2026-07-10","Trade","ARCA","2","230.36","460.72","1.28","2.04","USD","-48.82","235.07","ORD0002157","2026-07-10 14:34:53","LMT","mock-trader","MOCKEXEC00002157"
"84.54","BUY","USD","MSFT","T002158","2026-07-10","Trade","NYSE","5","441.76","2208.8","0.28","0.5","USD","-2209.58","446.26","ORD0002158","2026-07-10 15:05:39","LMT","mock-trader","MOCKEXEC00002158"
"56.31","SELL","USD","TSLA","T002159","2026-07-10","Trade","NYSE","15","334.06","5010.9","2.16","1.02","USD","53.13","332.29","ORD0002159","2026-07-10 09:38:11","LMT","mock-trader","MOCKEXEC00002159"
"187.18","BUY","USD","AMD","T002160","2026-07-10","Trade","NASDAQ","5","165.88","829.4","2.84","1.8","USD","-834.04","168.69","ORD0002160","2026-07-10 13:26:48","LMT","mock-trader","MOCKEXEC00002160"
"191.09","SELL","USD","AMZN","T002161","2026-07-10","Trade","NYSE","20","160.66","3213.2","2.68","1.11","USD","187.3","165.08","ORD0002161","2026-07-10 13:14:01","LMT","mock-trader","MOCKEXEC00002161"
"243.03","SELL","USD","AMZN","T002162","2026-07-13","Trade","NASDAQ","2","169.56","339.12","1.84","1.93","USD","239.26","174.73","ORD0002162","2026-07-13 09:10:46","MKT","mock-trader","MOCKEXEC00002162"
"213.73","SELL","USD","META","T002163","2026-07-13","Trade","NYSE","2","590.58","1181.16","3.1","0.65","USD","209.98","589.37","ORD0002163","2026-07-13 14:13:00","MKT","mock-trader","MOCKEXEC00002163"
"162.1","SELL","USD","MSFT","T002164","2026-07-13","Trade","NASDAQ","20","505.83","10116.6","0.61","1.76","USD","159.73","503.82","ORD0002164","2026-07-13 11:32:14","LMT","mock-trader","MOCKEXEC00002164"
"-166.39","BUY","USD","GOOGL","T002165","2026-07-13","Trade","ARCA","20","189.29","3785.8","0.88","0.95","USD","-3787.63","189.91","ORD0002165","2026-07-13 13:24:37","LMT","mock-trader","MOCKEXEC00002165"
"209.7","BUY","USD","AAPL","T002166","2026-07-13","Trade","ARCA","20","238.58","4771.6","0.81","0.31","USD","-4772.72","239.24","ORD0002166","2026-07-13 12:43:38","MKT","mock-trader","MOCKEXEC00002166"
"108.33","BUY","USD","GOOGL","T002167","2026-07-13","Trade","ARCA","2","264.83","529.66","0.63","2.39","USD","-532.68","269.3","ORD0002167","2026-07-13 14:38:07","MKT","mock-trader","MOCKEXEC00002167"
"-68.47","BUY","USD","AMD","T002168","2026-07-13","Trade","NASDAQ","20","149.47","2989.4","0.23","2.29","USD","-2991.92","142.27","ORD0002168","2026-07-13 14:59:43","MKT","mock-trader","MOCKEXEC00002168"
"-101.56","SELL","USD","MSFT","T002169","2026-07-13","Trade","ARCA","3","375.66","1126.98","1.68","1.42","USD","-104.66","367.99","ORD0002169","2026-07-13 13:07:28","LMT","mock-trader","MOCKEXEC00002169"
"82.91","SELL","USD","AAPL","T002170","2026-07-13","Trade","NYSE","15","247.4","3711.0","2.55","2.13","USD","78.23","247.73","ORD0002170","2026-07-13 11:53:36","LMT","mock-trader","MOCKEXEC00002170"
"254.12","BUY","USD","AMD","T002171","2026-07-13","Trade","NYSE","15","124.18","1862.7","0.37","0.53","USD","-1863.6","120.65","ORD0002171","2026-07-13 15:26:50","LMT","mock-trader","MOCKEXEC00002171"
"151.45","BUY","USD","TSLA","T002172","2026-07-13","Trade","ARCA","50","373.96","18698.0","3.48","2.26","USD","-18703.74","366.11","ORD0002172","2026-07-13 09:31:13","LMT","mock-trader","MOCKEXEC00002172"
"-79.94","BUY","USD","GOOGL","T002173","2026-07-13","Trade","NYSE","2","298.97","597.94","0.33","1.59","USD","-599.86","306.67","ORD0002173","2026-07-13 11:53:22","MKT","mock-trader","MOCKEXEC00002173"
"124.4","BUY","USD","GOOGL","T002174","2026-07-13","Trade","NASDAQ","20","239.5","4790.0","0.76","2.31","USD","-4793.07","239.61","ORD0002174","2026-07-13 09:36:53","MKT","mock-trader","MOCKEXEC00002174"
"141.5","BUY","USD","NVDA","T002175","2026-07-14","Trade","ARCA","2","161.09","322.18","0.05","0.42","USD","-322.65","168.95","ORD0002175","2026-07-14 11:12:50","MKT","mock-trader","MOCKEXEC00002175"
"165.53","SELL","USD","MSFT","T002176","2026-07-14","Trade","ARCA","5","510.5","2552.5","1.48","0.52","USD","163.53","515.9","ORD0002176","2026-07-14 09:30:39","LMT","mock-trader","MOCKEXEC00002176"
"121.03","BUY","USD","META","T002177","2026-07-14","Trade","NYSE","1","593.14","593.14","0.2","1.32","USD","-594.66","587.75","ORD0002177","2026-07-14 11:47:18","LMT","mock-trader","MOCKEXEC00002177"
"230.16","SELL","USD","AMZN","T002178","2026-07-14","Trade","NASDAQ","20","240.38","4807.6","0.82","1.59","USD","227.75","241.76","ORD0002178","2026-07-14 15:53:07","LMT","mock-trader","MOCKEXEC00002178"
"-18.92","BUY","USD","META","T002179","2026-07-14","Trade","ARCA","3","543.65","1630.95","3.36","1.02","USD","-1635.33","542.66","ORD0002179","2026-07-14 11:04:53","MKT","mock-trader","MOCKEXEC00002179"
"253.82","BUY","USD","TSLA","T002180","2026-07-14","Trade","NASDAQ","10","416.41","4164.1","3.14","2.29","USD","-4169.53","410.11","ORD0002180","2026-07-14 14:11:45","LMT","mock-trader","MOCKEXEC00002180"
"105.72","BUY","USD","AAPL","T002181","2026-07-14","Trade","NYSE","50","227.66","11383.0","0.91","0.83","USD","-11384.74","232.86","ORD0002181","2026-07-14 14:49:35","LMT","mock-trader","MOCKEXEC00002181"
"207.99","BUY","USD","AMZN","T002182","2026-07-14","Trade","ARCA","15","188.96","2834.4","2.11","0.27","USD","-2836.78","193.31","ORD0002182","2026-07-14 12:38:25","LMT","mock-trader","MOCKEXEC00002182"
"214.13","SELL","USD","AAPL","T002183","2026-07-14","Trade","ARCA","10","225.37","2253.7","1.88","0.56","USD","211.69","221.81","ORD0002183","2026-07-14 14:02:35","MKT","mock-trader","MOCKEXEC00002183"
"266.02","SELL","USD","MSFT","T002184","2026-07-14","Trade","NASDAQ","25","477.21","11930.25","1.15","2.38","USD","262.49","484.02","ORD0002184","2026-07-14 12:25:32","MKT","mock-trader","MOCKEXEC00002184"
"34.4","BUY","USD","AMZN","T002185","2026-07-14","Trade","NYSE","25","169.21","4230.25","0.1","1.81","USD","-4232.16","163.15","ORD0002185","2026-07-14 14:14:45","MKT","mock-trader","MOCKEXEC00002185"
"143.17","SELL","USD","NVDA","T002186","2026-07-14","Trade","ARCA","3","152.04","456.12","2.57","2.38","USD","138.22","145.54","ORD0002186","2026-07-14 13:33:56","MKT","mock-trader","MOCKEXEC00002186"
"36.94","BUY","USD","GOOGL","T002187","2026-07-15","Trade","NYSE","3","260.03","780.09","1.08","0.28","USD","-781.45","266.29","ORD0002187","2026-07-15 09:41:50","LMT","mock-trader","MOCKEXEC00002187"
"96.37","BUY","USD","META","T002188","2026-07-15","Trade","NYSE","10","728.23","7282.3","2.99","0.6","USD","-7285.89","735.99","ORD0002188","2026-07-15 09:10:44","MKT","mock-trader","MOCKEXEC00002188"
"-4.48","BUY","USD","TSLA","T002189","2026-07-15","Trade","NASDAQ","10","337.84","3378.4","3.13","0.45","USD","-3381.98","340.53","ORD0002189","2026-07-15 13:27:42","LMT","mock-trader","MOCKEXEC00002189"
"107.98","SELL","USD","GOOGL","T002190","2026-07-15","Trade","NASDAQ","1","241.9","241.9","0.36","1.36","USD","106.26","236.98","ORD0002190","2026-07-15 13:39:45","MKT","mock-trader","MOCKEXEC00002190"
"138.14","BUY","USD","AMD","T002191","2026-07-15","Trade","ARCA","15","146.66","2199.9","1.05","0.98","USD","-2201.93","140.15","ORD0002191","2026-07-15 14:39:03","MKT","mock-trader","MOCKEXEC00002191"
"-80.18","BUY","USD","GOOGL","T002192","2026-07-15","Trade","NASDAQ","2","154.07","308.14","1.34","1.64","USD","-311.12","148.97","ORD0002192","2026-07-15 13:37:11","MKT","mock-trader","MOCKEXEC00002192"
"151.98","SELL","USD","AMD","T002193","2026-07-16","Trade","NASDAQ","20","164.92","3298.4","3.5","1.6","USD","146.88","169.33","ORD0002193","2026-07-16 13:22:14","LMT","mock-trader","MOCKEXEC00002193"
"132.56","SELL","USD","MSFT","T002194","2026-07-16","Trade","NASDAQ","2","516.95","1033.9","1.9","1.95","USD","128.71","518.69","ORD0002194","2026-07-16 09:53:39","LMT","mock-trader","MOCKEXEC00002194"
"9.27","SELL","USD","NVDA","T002195","2026-07-16","Trade","NYSE","3","123.52","370.56","2.36","1.4","USD","5.51","118.53","ORD0002195","2026-07-16 12:12:12","MKT","mock-trader","MOCKEXEC00002195"
"-128.74","SELL","USD","AMZN","T002196","2026-07-16","Trade","NASDAQ","5","197.26","986.3","3.35","1.44","USD","-133.53","196.24","ORD0002196","2026-07-16 13:16:46","LMT","mock-trader","MOCKEXEC00002196"
"183.73","SELL","USD","TSLA","T002197","2026-07-16","Trade","NASDAQ","3","306.86","920.58","0.62","2.37","USD","180.74","313.98","ORD0002197","2026-07-16 13:21:21","LMT","mock-trader","MOCKEXEC00002197"
"-169.15","BUY","USD","META","T002198","2026-07-16","Trade","ARCA","15","746.36","11195.4","3.02","0.62","USD","-11199.04","750.51","ORD0002198","2026-07-16 13:40:57","LMT","mock-trader","MOCKEXEC00002198"
"33.46","SELL","USD","META","T002199","2026-07-16","Trade","ARCA","1","574.62","574.62","3.17","2.22","USD","28.07","573.37","ORD0002199","2026-07-16 11:13:20","MKT","mock-trader","MOCKEXEC00002199"
"48.95","SELL","USD","AMD","T002200","2026-07-16","Trade","ARCA","15","106.72","1600.8","2.81","1.43","USD","44.71","98.79","ORD0002200","2026-07-16 15:37:51","LMT","mock-trader","MOCKEXEC00002200"
"47.66","BUY","USD","META","T002201","2026-07-16","Trade","ARCA","50","652.6","32630.0","3.27","2.47","USD","-32635.74","656.43","ORD0002201","2026-07-16 13:41:25","LMT","mock-trader","MOCKEXEC00002201"
"125.65","SELL","USD","GOOGL","T002202","2026-07-17","Trade","ARCA","25","238.36","5959.0","0.9","0.29","USD","124.46","241.57","ORD0002202","2026-07-17 12:44:54","MKT","mock-trader","MOCKEXEC00002202"
"130.61","BUY","USD","GOOGL","T002203","2026-07-17","Trade","NYSE","2","276.94","553.88","3.18","0.43","USD","-557.49","284.35","ORD0002203","2026-07-17 10:51:33","LMT","mock-trader","MOCKEXEC00002203"
"-0.75","SELL","USD","MSFT","T002204","2026-07-17","Trade","ARCA","20","446.09","8921.8","1.51","0.98","USD","-3.24","448.53","ORD0002204","2026-07-17 09:34:46","LMT","mock-trader","MOCKEXEC00002204"
"-33.73","BUY","USD","AAPL","T002205","2026-07-17","Trade","NYSE","20","234.4","4688.0","1.97","1.88","USD","-4691.85","229.29","ORD0002205","2026-07-17 11:44:13","LMT","mock-trader","MOCKEXEC00002205"
"274.67","BUY","USD","TSLA","T002206","2026-07-17","Trade","NASDAQ","10","314.84","3148.4","2.26","2.01","USD","-3152.67","313.38","ORD0002206","2026-07-17 14:36:50","LMT","mock-trader","MOCKEXEC00002206"
"175.97","SELL","USD","TSLA","T002207","2026-07-17","Trade","ARCA","1","277.14","277.14","3.15","2.28","USD","170.54","281.87","ORD0002207","2026-07-17 12:04:30","MKT","mock-trader","MOCKEXEC00002207"
"-163.35","SELL","USD","TSLA","T002208","2026-07-17","Trade","NYSE","2","310.13","620.26","0.46","0.38","USD","-164.19","315.93","ORD0002208","2026-07-17 15:15:34","LMT","mock-trader","MOCKEXEC00002208"
"-29.57","BUY","USD","GOOGL","T002209","2026-07-17","Trade","ARCA","20","281.18","5623.6","3.47","0.41","USD","-5627.48","279.76","ORD0002209","2026-07-17 15:15:33","LMT","mock-trader","MOCKEXEC00002209"
"155.59","SELL","USD","AMZN","T002210","2026-07-17","Trade","NASDAQ","50","236.82","11841.0","0.69","1.4","USD","153.5","232.35","ORD0002210","2026-07-17 14:53:05","MKT","mock-trader","MOCKEXEC00002210"
"120.54","SELL","USD","NVDA","T002211","2026-07-17","Trade","ARCA","50","146.25","7312.5","0.29","2.06","USD","118.19","148.63","ORD0002211","2026-07-17 09:48:18","LMT","mock-trader","MOCKEXEC00002211"
"8.02","SELL","USD","NVDA","T002212","2026-07-17","Trade","NASDAQ","25","128.02","3200.5","1.66","2.26","USD","4.1","126.22","ORD0002212","2026-07-17 12:09:03","LMT","mock-trader","MOCKEXEC00002212"
"-74.36","SELL","USD","AMZN","T002213","2026-07-17","Trade","ARCA","10","218.0","2180.0","2.08","1.16","USD","-77.6","222.49","ORD0002213","2026-07-17 12:47:47","MKT","mock-trader","MOCKEXEC00002213"
"301.5","BUY","USD","AMZN","T002214","2026-07-17","Trade","ARCA","50","157.19","7859.5","0.69","1.08","USD","-7861.27","160.06","ORD0002214","2026-07-17 09:30:45","MKT","mock-trader","MOCKEXEC00002214"
"-29.27","BUY","USD","AMD","T002215","2026-07-17","Trade","NASDAQ","2","232.89","465.78","3.03","1.29","USD","-470.1","239.07","ORD0002215","2026-07-17 10:43:26","LMT","mock-trader","MOCKEXEC00002215"
"-159.43","SELL","USD","GOOGL","T002216","2026-07-20","Trade","NYSE","50","196.97","9848.5","2.15","2.3","USD","-163.88","203.61","ORD0002216","2026-07-20 13:31:52","LMT","mock-trader","MOCKEXEC00002216"
"145.03","SELL","USD","AMD","T002217","2026-07-20","Trade","NASDAQ","10","202.62","2026.2","3.29","2.14","USD","139.6","206.03","ORD0002217","2026-07-20 10:37:22","LMT","mock-trader","MOCKEXEC00002217"
"212.0","SELL","USD","AMD","T002218","2026-07-20","Trade","NASDAQ","1","244.35","244.35","1.67","1.3","USD","209.03","245.27","ORD0002218","2026-07-20 11:01:16","MKT","mock-trader","MOCKEXEC00002218"
"-25.94","SELL","USD","AMD","T002219","2026-07-20","Trade","NASDAQ","25","153.2","3830.0","1.56","0.7","USD","-28.2","146.61","ORD0002219","2026-07-20 11:48:30","MKT","mock-trader","MOCKEXEC00002219"
"-156.74","BUY","USD","AAPL","T002220","2026-07-20","Trade","ARCA","1","245.03","245.03","2.98","1.91","USD","-249.92","249.77","ORD0002220","2026-07-20 11:25:22","MKT","mock-trader","MOCKEXEC00002220"
"82.67","SELL","USD","AMZN","T002221","2026-07-20","Trade","NASDAQ","10","184.34","1843.4","3.36","1.0","USD","78.31","186.86","ORD0002221","2026-07-20 11:15:21","MKT","mock-trader","MOCKEXEC00002221"
"135.65","SELL","USD","NVDA","T002222","2026-07-20","Trade","NASDAQ","20","178.71","3574.2","3.2","1.76","USD","130.69","170.93","ORD0002222","2026-07-20 09:16:29","MKT","mock-trader","MOCKEXEC00002222"
"112.46","BUY","USD","MSFT","T002223","2026-07-20","Trade","ARCA","5","512.99","2564.95","2.64","1.06","USD","-2568.65","511.73","ORD0002223","2026-07-20 09:38:44","LMT","mock-trader","MOCKEXEC00002223"
"161.42","BUY","USD","TSLA","T002224","2026-07-20","Trade","NYSE","2","359.52","719.04","1.11","0.73","USD","-720.88","366.91","ORD0002224","2026-07-20 15:59:17","LMT","mock-trader","MOCKEXEC00002224"
"281.66","SELL","USD","META","T002225","2026-07-21","Trade","NYSE","25","634.6","15865.0","1.79","1.97","USD","277.9","633.13","ORD0002225","2026-07-21 12:42:00","LMT","mock-trader","MOCKEXEC00002225"
"-106.37","SELL","USD","GOOGL","T002226","2026-07-21","Trade","ARCA","20","232.13","4642.6","2.15","1.92","USD","-110.44","235.52","ORD0002226","2026-07-21 11:25:21","LMT","mock-trader","MOCKEXEC00002226"
"170.69","BUY","USD","AAPL","T002227","2026-07-21","Trade","NYSE","10","250.28","2502.8","2.42","0.26","USD","-2505.48","245.17","ORD0002227","2026-07-21 14:11:31","LMT","mock-trader","MOCKEXEC00002227"
"160.2","SELL","USD","AAPL","T002228","2026-07-21","Trade","NYSE","10","258.67","2586.7","2.18","1.2","USD","156.82","265.3","ORD0002228","2026-07-21 09:16:03","MKT","mock-trader","MOCKEXEC00002228"
"-163.88","BUY","USD","AMZN","T002229","2026-07-21","Trade","NASDAQ","50","188.85","9442.5","1.7","1.26","USD","-9445.46","184.75","ORD0002229","2026-07-21 13:37:53","LMT","mock-trader","MOCKEXEC00002229"
"-30.38","SELL","USD","AMD","T002230","2026-07-21","Trade","NASDAQ","3","139.17","417.51","1.06","0.54","USD","-31.98","134.18","ORD0002230","2026-07-21 13:16:18","MKT","mock-trader","MOCKEXEC00002230"
"-67.17","BUY","USD","NVDA","T002231","2026-07-21","Trade","NYSE","50","138.47","6923.5","1.25","0.43","USD","-6925.18","145.12","ORD0002231","2026-07-21 14:44:48","LMT","mock-trader","MOCKEXEC00002231"
"-134.91","SELL","USD","AMD","T002232","2026-07-22","Trade","NYSE","10","114.33","1143.3","0.71","1.07","USD","-136.69","114.42","ORD0002232","2026-07-22 10:00:09","LMT","mock-trader","MOCKEXEC00002232"
"87.26","SELL","USD","AMZN","T002233","2026-07-22","Trade","NYSE","20","227.24","4544.8","0.27","0.72","USD","86.27","229.19","ORD0002233","2026-07-22 13:49:34","MKT","mock-trader","MOCKEXEC00002233"
"-8.14","SELL","USD","MSFT","T002234","2026-07-22","Trade","ARCA","50","470.46","23523.0","2.18","1.64","USD","-11.96","475.4","ORD0002234","2026-07-22 13:19:45","MKT","mock-trader","MOCKEXEC00002234"
"79.41","SELL","USD","NVDA","T002235","2026-07-22","Trade","NASDAQ","15","128.88","1933.2","3.1","2.2","USD","74.11","126.91","ORD0002235","2026-07-22 11:48:39","MKT","mock-trader","MOCKEXEC00002235"
"201.1","BUY","USD","AMZN","T002236","2026-07-22","Trade","NASDAQ","5","181.1","905.5","2.0","1.48","USD","-908.98","184.56","ORD0002236","2026-07-22 09:46:03","MKT","mock-trader","MOCKEXEC00002236"
"171.79","SELL","USD","META","T002237","2026-07-22","Trade","NYSE","5","577.73","2888.65","3.44","0.64","USD","167.71","584.37","ORD0002237","2026-07-22 09:44:38","LMT","mock-trader","MOCKEXEC00002237"
"77.51","BUY","USD","AMZN","T002238","2026-07-22","Trade","NYSE","2","167.34","334.68","0.54","2.29","USD","-337.51","164.06","ORD0002238","2026-07-22 09:18:46","MKT","mock-trader","MOCKEXEC00002238"
"140.56","BUY","USD","AMZN","T002239","2026-07-22","Trade","NASDAQ","2","183.23","366.46","1.27","2.16","USD","-369.89","190.47","ORD0002239","2026-07-22 11:14:02","MKT","mock-trader","MOCKEXEC00002239"
"86.41","SELL","USD","META","T002240","2026-07-22","Trade","ARCA","1","634.93","634.93","2.35","0.47","USD","83.59","627.69","ORD0002240","2026-07-22 14:26:23","LMT","mock-trader","MOCKEXEC00002240"
"239.71","SELL","USD","TSLA","T002241","2026-07-22","Trade","ARCA","25","331.36","8284.0","1.51","1.94","USD","236.26","328.25","ORD0002241","2026-07-22 11:07:50","MKT","mock-trader","MOCKEXEC00002241"
"-152.46","SELL","USD","NVDA","T002242","2026-07-23","Trade","NASDAQ","10","127.3","1273.0","1.07","0.43","USD","-153.96","129.19","ORD0002242","2026-07-23 14:51:06","LMT","mock-trader","MOCKEXEC00002242"
"-133.36","SELL","USD","MSFT","T002243","2026-07-23","Trade","ARCA","20","488.0","9760.0","0.21","1.95","USD","-135.52","493.44","ORD0002243","2026-07-23 14:46:33","MKT","mock-trader","MOCKEXEC00002243"
"-118.25","SELL","USD","NVDA","T002244","2026-07-23","Trade","NASDAQ","3","164.0","492.0","1.87","1.19","USD","-121.31","164.06","ORD0002244","2026-07-23 10:09:43","LMT","mock-trader","MOCKEXEC00002244"
"10.51","SELL","USD","TSLA","T002245","2026-07-23","Trade","ARCA","3","380.08","1140.24","2.16","2.0","USD","6.35","387.35","ORD0002245","2026-07-23 09:33:12","LMT","mock-trader","MOCKEXEC00002245"
"104.35","BUY","USD","AMD","T002246","2026-07-23","Trade","NASDAQ","1","101.67","101.67","0.49","2.05","USD","-104.21","103.8","ORD0002246","2026-07-23 14:22:31","MKT","mock-trader","MOCKEXEC00002246"
"-164.75","BUY","USD","AMD","T002247","2026-07-23","Trade","ARCA","5","123.69","618.45","3.36","1.74","USD","-623.55","130.3","ORD0002247","2026-07-23 11:35:21","LMT","mock-trader","MOCKEXEC00002247"
"289.64","SELL","USD","NVDA","T002248","2026-07-23","Trade","NASDAQ","5","144.52","722.6","0.51","1.04","USD","288.09","141.24","ORD0002248","2026-07-23 10:57:45","LMT","mock-trader","MOCKEXEC00002248"
"223.01","BUY","USD","AAPL","T002249","2026-07-24","Trade","NASDAQ","50","227.96","11398.0","0.15","1.49","USD","-11399.64","222.74","ORD0002249","2026-07-24 15:11:16","LMT","mock-trader","MOCKEXEC00002249"
"297.31","SELL","USD","TSLA","T002250","2026-07-24","Trade","NASDAQ","25","302.7","7567.5","1.4","2.45","USD","293.46","310.16","ORD0002250","2026-07-24 09:45:37","LMT","mock-trader","MOCKEXEC00002250"
"163.91","SELL","USD","MSFT","T002251","2026-07-24","Trade","NYSE","20","428.43","8568.6","0.71","0.46","USD","162.74","426.65","ORD0002251","2026-07-24 14:53:22","MKT","mock-trader","MOCKEXEC00002251"
"75.23","SELL","USD","AMZN","T002252","2026-07-24","Trade","NASDAQ","50","200.87","10043.5","2.55","1.11","USD","71.57","199.68","ORD0002252","2026-07-24 13:39:53","MKT","mock-trader","MOCKEXEC00002252"
"-116.01","SELL","USD","AMZN","T002253","2026-07-24","Trade","ARCA","1","191.67","191.67","3.25","2.15","USD","-121.41","184.04","ORD0002253","2026-07-24 09:06:51","MKT","mock-trader","MOCKEXEC00002253"
"114.56","BUY","USD","GOOGL","T002254","2026-07-24","Trade","NASDAQ","10","222.3","2223.0","2.33","1.26","USD","-2226.59","228.42","ORD0002254","2026-07-24 15:36:39","MKT","mock-trader","MOCKEXEC00002254"
"180.52","BUY","USD","AAPL","T002255","2026-07-24","Trade","NASDAQ","15","208.49","3127.35","0.9","2.49","USD","-3130.74","209.88","ORD0002255","2026-07-24 15:20:46","MKT","mock-trader","MOCKEXEC00002255"
"196.74","SELL","USD","META","T002256","2026-07-24","Trade","NYSE","2","676.74","1353.48","0.91","2.07","USD","193.76","680.44","ORD0002256","2026-07-24 11:14:19","MKT","mock-trader","MOCKEXEC00002256"
"24.42","SELL","USD","AMZN","T002257","2026-07-24","Trade","ARCA","2","245.73","491.46","0.75","0.38","USD","23.29","246.76","ORD0002257","2026-07-24 14:14:08","LMT","mock-trader","MOCKEXEC00002257"
"75.27","BUY","USD","AMD","T002258","2026-07-24","Trade","NYSE","50","138.38","6919.0","1.81","2.08","USD","-6922.89","138.84","ORD0002258","2026-07-24 15:26:53","LMT","mock-trader","MOCKEXEC00002258"
"289.63","BUY","USD","NVDA","T002259","2026-07-24","Trade","ARCA","15","161.94","2429.1","1.87","0.67","USD","-2431.64","168.11","ORD0002259","2026-07-24 13:57:10","MKT","mock-trader","MOCKEXEC00002259"
"-75.17","BUY","USD","MSFT","T002260","2026-07-24","Trade","ARCA","3","399.09","1197.27","1.53","1.4","USD","-1200.2","396.58","ORD0002260","2026-07-24 13:46:19","LMT","mock-trader","MOCKEXEC00002260"
"125.41","SELL","USD","AMD","T002261","2026-07-24","Trade","NYSE","25","175.36","4384.0","1.4","0.98","USD","123.03","176.19","ORD0002261","2026-07-24 12:17:46","LMT","mock-trader","MOCKEXEC00002261"
"-1.29","SELL","USD","AMD","T002262","2026-07-24","Trade","ARCA","3","111.9","335.7","0.7","2.36","USD","-4.35","109.06","ORD0002262","2026-07-24 11:43:50","LMT","mock-trader","MOCKEXEC00002262"
"302.68","SELL","USD","AMD","T002263","2026-07-27","Trade","ARCA","50","206.28","10314.0","0.3","1.79","USD","300.59","209.57","ORD0002263","2026-07-27 11:33:24","MKT","mock-trader","MOCKEXEC00002263"
"239.52","SELL","USD","GOOGL","T002264","2026-07-27","Trade","NASDAQ","15","264.09","3961.35","2.28","2.03","USD","235.21","265.99","ORD0002264","2026-07-27 12:16:21","LMT","mock-trader","MOCKEXEC00002264"
"-0.9","SELL","USD","GOOGL","T002265","2026-07-27","Trade","ARCA","15","160.79","2411.85","2.24","0.95","USD","-4.09","154.58","ORD0002265","2026-07-27 12:28:33","LMT","mock-trader","MOCKEXEC00002265"
"-76.73","BUY","USD","AMZN","T002266","2026-07-27","Trade","NASDAQ","1","206.57","206.57","2.58","2.09","USD","-211.24","199.55","ORD0002266","2026-07-27 09:25:50","MKT","mock-trader","MOCKEXEC00002266"
"-102.38","SELL","USD","MSFT","T002267","2026-07-27","Trade","ARCA","25","480.44","12011.0","3.23","0.58","USD","-106.19","480.83","ORD0002267","2026-07-27 15:34:50","MKT","mock-trader","MOCKEXEC00002267"
"96.65","BUY","USD","META","T002268","2026-07-27","Trade","NASDAQ","25","614.47","15361.75","1.99","1.42","USD","-15365.16","610.53","ORD0002268","2026-07-27 14:44:03","MKT","mock-trader","MOCKEXEC00002268"
"-29.99","BUY","USD","META","T002269","2026-07-27","Trade","NASDAQ","5","558.96","2794.8","0.02","2.14","USD","-2796.96","556.3","ORD0002269","2026-07-27 10:28:47","LMT","mock-trader","MOCKEXEC00002269"
"-7.04","SELL","USD","GOOGL","T002270","2026-07-27","Trade","NYSE","25","165.65","4141.25","0.91","1.19","USD","-9.14","157.9","ORD0002270","2026-07-27 10:37:09","MKT","mock-trader","MOCKEXEC00002270"
"-111.11","SELL","USD","AMD","T002271","2026-07-28","Trade","NYSE","20","194.95","3899.0","0.48","1.67","USD","-113.26","198.94","ORD0002271","2026-07-28 12:59:44","MKT","mock-trader","MOCKEXEC00002271"
"-5.49","BUY","USD","MSFT","T002272","2026-07-28","Trade","ARCA","50","514.2","25710.0","1.56","1.66","USD","-25713.22","517.12","ORD0002272","2026-07-28 15:32:23","MKT","mock-trader","MOCKEXEC00002272"
"181.33","BUY","USD","NVDA","T002273","2026-07-28","Trade","NASDAQ","15","177.59","2663.85","2.97","1.71","USD","-2668.53","180.09","ORD0002273","2026-07-28 13:15:55","LMT","mock-trader","MOCKEXEC00002273"
"-135.33","SELL","USD","AMD","T002274","2026-07-28","Trade","NYSE","15","182.35","2735.25","0.56","0.66","USD","-136.55","178.51","ORD0002274","2026-07-28 13:23:25","LMT","mock-trader","MOCKEXEC00002274"
"124.76","SELL","USD","META","T002275","2026-07-28","Trade","ARCA","1","633.74","633.74","2.91","2.12","USD","119.73","639.02","ORD0002275","2026-07-28 09:42:50","MKT","mock-trader","MOCKEXEC00002275"
"-145.74","SELL","USD","MSFT","T002276","2026-07-28","Trade","NASDAQ","25","424.93","10623.25","2.0","1.8","USD","-149.54","421.71","ORD0002276","2026-07-28 15:19:38","LMT","mock-trader","MOCKEXEC00002276"
"129.96","BUY","USD","AMZN","T002277","2026-07-28","Trade","NYSE","20","241.77","4835.4","0.62","1.96","USD","-4837.98","245.93","ORD0002277","2026-07-28 13:49:41","LMT","mock-trader","MOCKEXEC00002277"
"9.62","SELL","USD","META","T002278","2026-07-28","Trade","ARCA","25","630.31","15757.75","1.12","2.27","USD","6.23","630.01","ORD0002278","2026-07-28 11:20:19","LMT","mock-trader","MOCKEXEC00002278"
"35.95","SELL","USD","AMZN","T002279","2026-07-28","Trade","NASDAQ","5","248.4","1242.0","1.65","1.36","USD","32.94","245.78","ORD0002279","2026-07-28 12:51:36","MKT","mock-trader","MOCKEXEC00002279"
"293.3","SELL","USD","AAPL","T002280","2026-07-28","Trade","NYSE","1","234.08","234.08","2.43","0.92","USD","289.95","227.88","ORD0002280","2026-07-28 10:23:37","LMT","mock-trader","MOCKEXEC00002280"
"294.87","BUY","USD","MSFT","T002281","2026-07-28","Trade","NYSE","1","371.96","371.96","2.25","1.29","USD","-375.5","377.7","ORD0002281","2026-07-28 15:18:39","MKT","mock-trader","MOCKEXEC00002281"
"-93.53","SELL","USD","MSFT","T002282","2026-07-28","Trade","NASDAQ","50","446.75","22337.5","3.3","1.3","USD","-98.13","446.76","ORD0002282","2026-07-28 12:16:06","LMT","mock-trader","MOCKEXEC00002282"
"-15.6","SELL","USD","AMD","T002283","2026-07-29","Trade","NASDAQ","2","159.03","318.06","2.27","1.3","USD","-19.17","160.94","ORD0002283","2026-07-29 11:09:15","LMT","mock-trader","MOCKEXEC00002283"
"207.62","SELL","USD","TSLA","T002284","2026-07-29","Trade","NYSE","50","253.53","12676.5","2.62","2.02","USD","202.98","258.92","ORD0002284","2026-07-29 12:47:38","LMT","mock-trader","MOCKEXEC00002284"
"-102.31","BUY","USD","TSLA","T002285","2026-07-29","Trade","NASDAQ","20","330.49","6609.8","3.14","1.44","USD","-6614.38","337.04","ORD0002285","2026-07-29 14:40:07","LMT","mock-trader","MOCKEXEC00002285"
"147.6","BUY","USD","NVDA","T002286","2026-07-29","Trade","NYSE","5","159.33","796.65","3.37","0.93","USD","-800.95","151.36","ORD0002286","2026-07-29 09:29:06","LMT","mock-trader","MOCKEXEC00002286"
"66.35","BUY","USD","AMD","T002287","2026-07-29","Trade","NASDAQ","10","209.43","2094.3","2.06","1.87","USD","-2098.23","214.34","ORD0002287","2026-07-29 14:15:18","LMT","mock-trader","MOCKEXEC00002287"
"-71.62","SELL","USD","TSLA","T002288","2026-07-29","Trade","NASDAQ","1","353.64","353.64","3.29","1.09","USD","-76.0","357.91","ORD0002288","2026-07-29 09:07:29","MKT","mock-trader","MOCKEXEC00002288"
"-6.03","BUY","USD","GOOGL","T002289","2026-07-29","Trade","NASDAQ","1","161.67","161.67","2.37","1.73","USD","-165.77","154.3","ORD0002289","2026-07-29 09:28:47","LMT","mock-trader","MOCKEXEC00002289"
"36.24","SELL","USD","AMD","T002290","2026-07-29","Trade","ARCA","1","173.33","173.33","2.09","2.37","USD","31.78","170.33","ORD0002290","2026-07-29 14:06:25","MKT","mock-trader","MOCKEXEC00002290"
"205.33","SELL","USD","MSFT","T002291","2026-07-29","Trade","NYSE","5","482.92","2414.6","3.23","1.2","USD","200.9","481.35","ORD0002291","2026-07-29 10:22:12","LMT","mock-trader","MOCKEXEC00002291"
"117.17","SELL","USD","AMZN","T002292","2026-07-29","Trade","NYSE","15","220.32","3304.8","0.16","0.38","USD","116.63","214.37","ORD0002292","2026-07-29 13:34:13","MKT","mock-trader","MOCKEXEC00002292"
"126.05","SELL","USD","AMZN","T002293","2026-07-30","Trade","NYSE","2","225.33","450.66","0.26","0.68","USD","125.11","226.99","ORD0002293","2026-07-30 15:19:10","LMT","mock-trader","MOCKEXEC00002293"
"281.44","SELL","USD","AMZN","T002294","2026-07-30","Trade","NASDAQ","20","235.11","4702.2","1.1","1.85","USD","278.49","238.74","ORD0002294","2026-07-30 12:28:49","LMT","mock-trader","MOCKEXEC00002294"
"277.09","BUY","USD","AAPL","T002295","2026-07-30","Trade","NYSE","1","246.49","246.49","2.36","0.76","USD","-249.61","244.32","ORD0002295","2026-07-30 14:27:53","MKT","mock-trader","MOCKEXEC00002295"
"244.9","BUY","USD","GOOGL","T002296","2026-07-30","Trade","ARCA","50","176.12","8806.0","0.64","2.48","USD","-8809.12","174.76","ORD0002296","2026-07-30 14:30:51","LMT","mock-trader","MOCKEXEC00002296"
"81.54","BUY","USD","MSFT","T002297","2026-07-30","Trade","NASDAQ","50","522.8","26140.0","1.5","1.56","USD","-26143.06","516.22","ORD0002297","2026-07-30 10:43:08","MKT","mock-trader","MOCKEXEC00002297"
"-100.47","SELL","USD","MSFT","T002298","2026-07-30","Trade","ARCA","3","414.45","1243.35","1.32","2.33","USD","-104.12","415.82","ORD0002298","2026-07-30 15:41:34","MKT","mock-trader","MOCKEXEC00002298"
"199.39","SELL","USD","TSLA","T002299","2026-07-30","Trade","ARCA","20","445.35","8907.0","1.58","0.84","USD","196.97","447.42","ORD0002299","2026-07-30 12:58:23","MKT","mock-trader","MOCKEXEC00002299"
"282.27","SELL","USD","NVDA","T002300","2026-07-30","Trade","ARCA","15","122.41","1836.15","0.38","0.47","USD","281.42","126.77","ORD0002300","2026-07-30 13:42:54","LMT","mock-trader","MOCKEXEC00002300"
"-86.21","BUY","USD","MSFT","T002301","2026-07-30","Trade","ARCA","20","534.27","10685.4","3.38","1.8","USD","-10690.58","528.58","ORD0002301","2026-07-30 10:35:52","MKT","mock-trader","MOCKEXEC00002301"
"-130.14","SELL","USD","AMD","T002302","2026-07-31","Trade","ARCA","50","145.14","7257.0","2.73","0.88","USD","-133.75","145.09","ORD0002302","2026-07-31 09:16:24","MKT","mock-trader","MOCKEXEC00002302"
"81.11","BUY","USD","NVDA","T002303","2026-07-31","Trade","NYSE","2","120.88","241.76","0.69","0.98","USD","-243.43","128.48","ORD0002303","2026-07-31 09:07:11","MKT","mock-trader","MOCKEXEC00002303"
"74.08","SELL","USD","AMZN","T002304","2026-07-31","Trade","ARCA","1","169.56","169.56","3.07","1.14","USD","69.87","166.22","ORD0002304","2026-07-31 12:02:46","MKT","mock-trader","MOCKEXEC00002304"
"91.73","SELL","USD","GOOGL","T002305","2026-07-31","Trade","NYSE","20","166.26","3325.2","2.71","1.1","USD","87.92","170.11","ORD0002305","2026-07-31 11:00:30","LMT","mock-trader","MOCKEXEC00002305"
"69.49","SELL","USD","MSFT","T002306","2026-07-31","Trade","ARCA","3","541.69","1625.07","0.15","1.48","USD","67.86","547.22","ORD0002306","2026-07-31 12:35:03","LMT","mock-trader","MOCKEXEC00002306"
"263.02","SELL","USD","MSFT","T002307","2026-07-31","Trade","NYSE","5","358.94","1794.7","2.35","1.12","USD","259.55","355.7","ORD0002307","2026-07-31 11:50:25","LMT","mock-trader","MOCKEXEC00002307"
"-138.34","SELL","USD","AMD","T002308","2026-07-31","Trade","NASDAQ","2","188.32","376.64","0.13","1.87","USD","-140.34","191.27","ORD0002308","2026-07-31 10:38:43","LMT","mock-trader","MOCKEXEC00002308"
"-65.27","BUY","USD","META","T002309","2026-07-31","Trade","ARCA","25","693.55","17338.75","0.46","2.08","USD","-17341.29","701.52","ORD0002309","2026-07-31 14:38:28","MKT","mock-trader","MOCKEXEC00002309"
"-130.08","BUY","USD","MSFT","T002310","2026-07-31","Trade","NYSE","15","461.73","6925.95","1.39","1.48","USD","-6928.82","463.0","ORD0002310","2026-07-31 12:00:29","MKT","mock-trader","MOCKEXEC00002310"
"138.81","BUY","USD","TSLA","T002311","2026-08-03","Trade","NASDAQ","2","369.67","739.34","1.39","0.56","USD","-741.29","375.66","ORD0002311","2026-08-03 10:25:50","MKT","mock-trader","MOCKEXEC00002311"
"284.61","BUY","USD","NVDA","T002312","2026-08-03","Trade","NASDAQ","20","145.71","2914.2","0.09","1.84","USD","-2916.13","145.0","ORD0002312","2026-08-03 15:17:32","MKT","mock-trader","MOCKEXEC00002312"
"198.0","BUY","USD","AMZN","T002313","2026-08-03","Trade","NYSE","15","204.52","3067.8","2.9","0.68","USD","-3071.38","209.95","ORD0002313","2026-08-03 14:05:00","LMT","mock-trader","MOCKEXEC00002313"
"60.01","BUY","USD","AMD","T002314","2026-08-03","Trade","NYSE","15","227.69","3415.35","1.18","0.82","USD","-3417.35","228.87","ORD0002314","2026-08-03 15:44:45","MKT","mock-trader","MOCKEXEC00002314"
"273.67","BUY","USD","AAPL","T002315","2026-08-03","Trade","NYSE","2","221.3","442.6","2.68","0.59","USD","-445.87","221.99","ORD0002315","2026-08-03 10:05:36","LMT","mock-trader","MOCKEXEC00002315"
"199.18","BUY","USD","AMD","T002316","2026-08-03","Trade","ARCA","5","150.83","754.15","2.11","0.47","USD","-756.73","157.69","ORD0002316","2026-08-03 09:54:31","MKT","mock-trader","MOCKEXEC00002316"
"45.95","BUY","USD","AMZN","T002317","2026-08-03","Trade","ARCA","15","191.08","2866.2","0.2","1.54","USD","-2867.94","184.26","ORD0002317","2026-08-03 11:58:59","LMT","mock-trader","MOCKEXEC00002317"
"224.58","BUY","USD","TSLA","T002318","2026-08-04","Trade","NYSE","20","300.67","6013.4","2.66","1.67","USD","-6017.73","302.12","ORD0002318","2026-08-04 10:15:28","LMT","mock-trader","MOCKEXEC00002318"
"252.83","SELL","USD","MSFT","T002319","2026-08-04","Trade","ARCA","20","441.5","8830.0","1.52","0.39","USD","250.92","439.7","ORD0002319","2026-08-04 10:19:20","LMT","mock-trader","MOCKEXEC00002319"
"-157.7","BUY","USD","AMZN","T002320","2026-08-04","Trade","ARCA","25","226.03","5650.75","0.79","0.84","USD","-5652.38","230.69","ORD0002320","2026-08-04 14:53:46","LMT","mock-trader","MOCKEXEC00002320"
"-9.86","SELL","USD","TSLA","T002321","2026-08-04","Trade","ARCA","10","448.91","4489.1","2.73","0.93","USD","-13.52","445.4","ORD0002321","2026-08-04 13:54:02","LMT","mock-trader","MOCKEXEC00002321"
"315.41","BUY","USD","AMD","T002322","2026-08-04","Trade","NYSE","2","181.21","362.42","1.35","2.18","USD","-365.95","186.73","ORD0002322","2026-08-04 10:30:03","LMT","mock-trader","MOCKEXEC00002322"
"-127.41","SELL","USD","META","T002323","2026-08-04","Trade","NYSE","20","749.59","14991.8","0.18","2.4","USD","-129.99","750.81","ORD0002323","2026-08-04 12:19:56","LMT","mock-trader","MOCKEXEC00002323"
"75.87","SELL","USD","TSLA","T002324","2026-08-05","Trade","ARCA","15","342.27","5134.05","2.77","0.59","USD","72.51","340.47","ORD0002324","2026-08-05 13:13:18","LMT","mock-trader","MOCKEXEC00002324"
"124.43","BUY","USD","META","T002325","2026-08-05","Trade","NASDAQ","5","673.99","3369.95","0.9","1.79","USD","-3372.64","674.44","ORD0002325","2026-08-05 11:47:26","LMT","mock-trader","MOCKEXEC00002325"
"79.7","BUY","USD","GOOGL","T002326","2026-08-05","Trade","NYSE","20","160.15","3203.0","3.26","2.01","USD","-3208.27","159.77","ORD0002326","2026-08-05 13:49:55","LMT","mock-trader","MOCKEXEC00002326"
"198.43","SELL","USD","AMD","T002327","2026-08-05","Trade","NYSE","15","170.26","2553.9","0.72","1.52","USD","196.19","175.47","ORD0002327","2026-08-05 10:24:14","LMT","mock-trader","MOCKEXEC00002327"
"-137.3","SELL","USD","NVDA","T002328","2026-08-05","Trade","ARCA","2","153.61","307.22","3.31","1.96","USD","-142.57","161.42","ORD0002328","2026-08-05 09:08:35","LMT","mock-trader","MOCKEXEC00002328"
"303.42","BUY","USD","NVDA","T002329","2026-08-05","Trade","NASDAQ","1","132.55","132.55","2.29","0.63","USD","-135.47","127.78","ORD0002329","2026-08-05 10:12:43","MKT","mock-trader","MOCKEXEC00002329"
"9.54","BUY","USD","NVDA","T002330","2026-08-05","Trade","ARCA","5","120.18","600.9","2.76","2.08","USD","-605.74","126.41","ORD0002330","2026-08-05 15:54:24","LMT","mock-trader","MOCKEXEC00002330"
"147.18","BUY","USD","AMZN","T002331","2026-08-05","Trade","ARCA","20","211.2","4224.0","0.67","1.23","USD","-4225.9","217.28","ORD0002331","2026-08-05 11:49:08","LMT","mock-trader","MOCKEXEC00002331"
"61.2","BUY","USD","MSFT","T002332","2026-08-05","Trade","ARCA","50","418.73","20936.5","2.92","0.32","USD","-20939.74","416.85","ORD0002332","2026-08-05 11:16:33","LMT","mock-trader","MOCKEXEC00002332"
"-121.78","SELL","USD","META","T002333","2026-08-05","Trade","NASDAQ","15","573.62","8604.3","2.03","1.95","USD","-125.76","578.41","ORD0002333","2026-08-05 15:00:16","LMT","mock-trader","MOCKEXEC00002333"
"-18.01","BUY","USD","META","T002334","2026-08-06","Trade","NASDAQ","50","740.65","37032.5","3.41","1.17","USD","-37037.08","748.54","ORD0002334","2026-08-06 10:23:21","LMT","mock-trader","MOCKEXEC00002334"
"159.37","SELL","USD","GOOGL","T002335","2026-08-06","Trade","NASDAQ","50","209.53","10476.5","0.15","1.87","USD","157.35","216.75","ORD0002335","2026-08-06 10:07:15","LMT","mock-trader","MOCKEXEC00002335"
"302.23","BUY","USD","AAPL","T002336","2026-08-06","Trade","NYSE","15","239.21","3588.15","3.23","2.39","USD","-3593.77","243.62","ORD0002336","2026-08-06 14:08:34","LMT","mock-trader","MOCKEXEC00002336"
"169.83","SELL","USD","NVDA","T002337","2026-08-06","Trade","NASDAQ","5","166.11","830.55","0.88","0.6","USD","168.35","163.07","ORD0002337","2026-08-06 11:51:26","MKT","mock-trader","MOCKEXEC00002337"
"33.56","SELL","USD","AMD","T002338","2026-08-06","Trade","NASDAQ","10","145.06","1450.6","0.82","1.96","USD","30.78","145.73","ORD0002338","2026-08-06 13:00:30","MKT","mock-trader","MOCKEXEC00002338"
"63.83","BUY","USD","TSLA","T002339","2026-08-06","Trade","ARCA","1","285.76","285.76","1.18","0.43","USD","-287.37","292.78","ORD0002339","2026-08-06 10:43:10","MKT","mock-trader","MOCKEXEC00002339"
"293.56","SELL","USD","MSFT","T002340","2026-08-06","Trade","ARCA","15","409.51","6142.65","0.23","0.87","USD","292.46","409.48","ORD0002340","2026-08-06 10:42:55","MKT","mock-trader","MOCKEXEC00002340"
"257.22","SELL","USD","AAPL","T002341","2026-08-06","Trade","ARCA","20","229.05","4581.0","1.12","1.91","USD","254.19","233.53","ORD0002341","2026-08-06 11:10:25","LMT","mock-trader","MOCKEXEC00002341"
"-65.09","SELL","USD","META","T002342","2026-08-06","Trade","ARCA","3","747.57","2242.71","2.52","0.37","USD","-67.98","748.12","ORD0002342","2026-08-06 15:21:18","MKT","mock-trader","MOCKEXEC00002342"
"66.71","BUY","USD","AMZN","T002343","2026-08-06","Trade","NASDAQ","15","200.77","3011.55","3.16","1.8","USD","-3016.51","196.23","ORD0002343","2026-08-06 13:45:41","LMT","mock-trader","MOCKEXEC00002343"
"308.91","BUY","USD","AAPL","T002344","2026-08-06","Trade","ARCA","10","223.49","2234.9","0.54","0.55","USD","-2235.99","223.26","ORD0002344","2026-08-06 11:47:42","LMT","mock-trader","MOCKEXEC00002344"
"-157.86","SELL","USD","MSFT","T002345","2026-08-07","Trade","NASDAQ","1","369.13","369.13","0.37","1.22","USD","-159.45","370.88","ORD0002345","2026-08-07 15:30:42","MKT","mock-trader","MOCKEXEC00002345"
"-156.89","SELL","USD","NVDA","T002346","2026-08-07","Trade","NASDAQ","2","145.72","291.44","2.97","0.6","USD","-160.46","149.3","ORD0002346","2026-08-07 11:08:15","MKT","mock-trader","MOCKEXEC00002346"
"245.5","BUY","USD","AMD","T002347","2026-08-07","Trade","NYSE","10","186.3","1863.0","2.64","1.57","USD","-1867.21","186.39","ORD0002347","2026-08-07 13:58:06","LMT","mock-trader","MOCKEXEC00002347"
"-74.49","BUY","USD","TSLA","T002348","2026-08-07","Trade","NYSE","2","335.87","671.74","2.12","1.25","USD","-675.11","332.39","ORD0002348","2026-08-07 10:01:57","LMT","mock-trader","MOCKEXEC00002348"
"301.59","SELL","USD","AMD","T002349","2026-08-07","Trade","NYSE","2","249.24","498.48","3.2","0.92","USD","297.47","254.21","ORD0002349","2026-08-07 15:15:37","MKT","mock-trader","MOCKEXEC00002349"
"78.57","BUY","USD","GOOGL","T002350","2026-08-07","Trade","NYSE","15","240.19","3602.85","1.91","1.81","USD","-3606.57","235.04","ORD0002350","2026-08-07 14:36:50","LMT","mock-trader","MOCKEXEC00002350"
"260.93","SELL","USD","AMZN","T002351","2026-08-07","Trade","NYSE","25","198.0","4950.0","0.9","0.68","USD","259.35","194.89","ORD0002351","2026-08-07 14:56:21","LMT","mock-trader","MOCKEXEC00002351"
"-124.84","BUY","USD","AMD","T002352","2026-08-07","Trade","ARCA","20","154.29","3085.8","3.16","1.94","USD","-3090.9","159.91","ORD0002352","2026-08-07 10:57:33","MKT","mock-trader","MOCKEXEC00002352"
"86.97","BUY","USD","NVDA","T002353","2026-08-07","Trade","NASDAQ","5","121.62","608.1","0.07","0.92","USD","-609.09","118.31","ORD0002353","2026-08-07 13:55:26","MKT","mock-trader","MOCKEXEC00002353"
"29.48","SELL","USD","AAPL","T002354","2026-08-07","Trade","NYSE","1","242.1","242.1","1.24","0.76","USD","27.48","240.74","ORD0002354","2026-08-07 11:56:10","LMT","mock-trader","MOCKEXEC00002354"
"-103.11","BUY","USD","NVDA","T002355","2026-08-07","Trade","NASDAQ","15","120.94","1814.1","0.12","1.18","USD","-1815.4","122.53","ORD0002355","2026-08-07 09:38:48","LMT","mock-trader","MOCKEXEC00002355"
"-59.14","BUY","USD","AAPL","T002356","2026-08-07","Trade","NYSE","15","210.38","3155.7","3.3","0.51","USD","-3159.51","209.74","ORD0002356","2026-08-07 15:11:25","MKT","mock-trader","MOCKEXEC00002356"
"304.83","SELL","USD","META","T002357","2026-08-07","Trade","ARCA","15","626.33","9394.95","0.04","0.28","USD","304.51","619.38","ORD0002357","2026-08-07 11:08:58","MKT","mock-trader","MOCKEXEC00002357"
"-43.55","SELL","USD","AMZN","T002358","2026-08-07","Trade","ARCA","50","248.51","12425.5","2.8","0.62","USD","-46.97","249.71","ORD0002358","2026-08-07 14:15:53","LMT","mock-trader","MOCKEXEC00002358"
"-138.79","SELL","USD","GOOGL","T002359","2026-08-10","Trade","NASDAQ","25","269.59","6739.75","1.24","2.19","USD","-142.22","261.91","ORD0002359","2026-08-10 10:10:27","LMT","mock-trader","MOCKEXEC00002359"
"-158.65","BUY","USD","AMD","T002360","2026-08-10","Trade","NASDAQ","20","148.67","2973.4","0.71","1.61","USD","-2975.72","140.92","ORD0002360","2026-08-10 09:45:40","LMT","mock-trader","MOCKEXEC00002360"
"240.36","SELL","USD","META","T002361","2026-08-10","Trade","ARCA","20","520.27","10405.4","1.09","0.58","USD","238.69","520.32","ORD0002361","2026-08-10 10:53:47","LMT","mock-trader","MOCKEXEC00002361"
"-37.93","SELL","USD","TSLA","T002362","2026-08-10","Trade","ARCA","1","392.88","392.88","2.24","0.53","USD","-40.7","394.79","ORD0002362","2026-08-10 13:09:46","MKT","mock-trader","MOCKEXEC00002362"
"-46.18","SELL","USD","GOOGL","T002363","2026-08-10","Trade","NYSE","15","271.71","4075.65","2.0","1.65","USD","-49.83","268.6","ORD0002363","2026-08-10 10:43:36","MKT","mock-trader","MOCKEXEC00002363"
"155.93","SELL","USD","META","T002364","2026-08-10","Trade","ARCA","5","721.8","3609.0","3.03","2.03","USD","150.87","724.82","ORD0002364","2026-08-10 10:32:30","MKT","mock-trader","MOCKEXEC00002364"
"219.07","SELL","USD","TSLA","T002365","2026-08-10","Trade","NYSE","5","299.62","1498.1","1.79","2.26","USD","215.02","295.56","ORD0002365","2026-08-10 12:14:17","MKT","mock-trader","MOCKEXEC00002365"
"31.55","BUY","USD","AMZN","T002366","2026-08-10","Trade","NASDAQ","3","248.58","745.74","0.36","0.65","USD","-746.75","245.27","ORD0002366","2026-08-10 12:59:16","LMT","mock-trader","MOCKEXEC00002366"
"-64.92","SELL","USD","AMZN","T002367","2026-08-10","Trade","NASDAQ","3","155.5","466.5","0.16","2.31","USD","-67.39","153.9","ORD0002367","2026-08-10 10:15:52","LMT","mock-trader","MOCKEXEC00002367"
"2.82","BUY","USD","MSFT","T002368","2026-08-10","Trade","ARCA","25","491.74","12293.5","1.25","1.45","USD","-12296.2","491.72","ORD0002368","2026-08-10 15:37:17","MKT","mock-trader","MOCKEXEC00002368"
"228.91","BUY","USD","META","T002369","2026-08-10","Trade","ARCA","3","768.61","2305.83","2.36","2.38","USD","-2310.57","766.9","ORD0002369","2026-08-10 09:05:37","MKT","mock-trader","MOCKEXEC00002369"
"-63.71","SELL","USD","TSLA","T002370","2026-08-10","Trade","NASDAQ","2","276.32","552.64","2.8","0.33","USD","-66.84","276.1","ORD0002370","2026-08-10 13:04:37","MKT","mock-trader","MOCKEXEC00002370"
"-24.97","SELL","USD","AAPL","T002371","2026-08-11","Trade","NYSE","5","251.05","1255.25","3.36","2.35","USD","-30.68","258.64","ORD0002371","2026-08-11 13:45:55","MKT","mock-trader","MOCKEXEC00002371"
"294.7","SELL","USD","TSLA","T002372","2026-08-11","Trade","ARCA","15","321.59","4823.85","3.13","1.13","USD","290.44","326.35","ORD0002372","2026-08-11 10:32:40","MKT","mock-trader","MOCKEXEC00002372"
"211.92","SELL","USD","META","T002373","2026-08-11","Trade","ARCA","5","505.23","2526.15","0.42","1.17","USD","210.33","510.76","ORD0002373","2026-08-11 09:42:42","LMT","mock-trader","MOCKEXEC00002373"
"257.0","BUY","USD","GOOGL","T002374","2026-08-11","Trade","NASDAQ","15","169.71","2545.65","0.0","1.23","USD","-2546.88","162.88","ORD0002374","2026-08-11 09:18:09","LMT","mock-trader","MOCKEXEC00002374"
"50.29","SELL","USD","GOOGL","T002375","2026-08-11","Trade","ARCA","20","239.35","4787.0","0.27","0.68","USD","49.34","234.8","ORD0002375","2026-08-11 12:01:58","MKT","mock-trader","MOCKEXEC00002375"
"-37.74","BUY","USD","AAPL","T002376","2026-08-11","Trade","NASDAQ","1","205.51","205.51","2.64","1.9","USD","-210.05","211.1","ORD0002376","2026-08-11 14:13:38","LMT","mock-trader","MOCKEXEC00002376"
"306.91","BUY","USD","MSFT","T002377","2026-08-11","Trade","NYSE","1","406.21","406.21","1.37","0.51","USD","-408.09","413.22","ORD0002377","2026-08-11 13:33:07","LMT","mock-trader","MOCKEXEC00002377"
"-3.39","BUY","USD","TSLA","T002378","2026-08-11","Trade","ARCA","50","413.46","20673.0","1.47","1.59","USD","-20676.06","421.35","ORD0002378","2026-08-11 14:02:42","LMT","mock-trader","MOCKEXEC00002378"
"-99.84","SELL","USD","TSLA","T002379","2026-08-11","Trade","NASDAQ","50","357.26","17863.0","1.68","1.43","USD","-102.95","349.45","ORD0002379","2026-08-11 10:45:31","MKT","mock-trader","MOCKEXEC00002379"
"-83.42","SELL","USD","MSFT","T002380","2026-08-11","Trade","ARCA","25","380.87","9521.75","0.74","1.19","USD","-85.35","373.15","ORD0002380","2026-08-11 13:14:46","MKT","mock-trader","MOCKEXEC00002380"
"296.15","BUY","USD","AMZN","T002381","2026-08-11","Trade","ARCA","20","210.37","4207.4","1.82","1.6","USD","-4210.82","212.43","ORD0002381","2026-08-11 13:23:06","LMT","mock-trader","MOCKEXEC00002381"
"-140.28","BUY","USD","META","T002382","2026-08-12","Trade","ARCA","20","638.44","12768.8","1.36","0.84","USD","-12771.0","631.01","ORD0002382","2026-08-12 12:24:33","LMT","mock-trader","MOCKEXEC00002382"
"-11.19","SELL","USD","AMD","T002383","2026-08-12","Trade","NYSE","2","230.26","460.52","1.72","0.48","USD","-13.39","229.06","ORD0002383","2026-08-12 11:27:02","LMT","mock-trader","MOCKEXEC00002383"
"195.25","BUY","USD","GOOGL","T002384","2026-08-12","Trade","NASDAQ","10","187.34","1873.4","1.76","2.31","USD","-1877.47","189.83","ORD0002384","2026-08-12 10:37:59","MKT","mock-trader","MOCKEXEC00002384"
"300.66","BUY","USD","AAPL","T002385","2026-08-12","Trade","NYSE","15","237.05","3555.75","1.5","1.96","USD","-3559.21","232.47","ORD0002385","2026-08-12 15:30:45","LMT","mock-trader","MOCKEXEC00002385"
"67.56","BUY","USD","AMZN","T002386","2026-08-12","Trade","NYSE","5","159.94","799.7","1.95","0.49","USD","-802.14","164.46","ORD0002386","2026-08-12 15:26:06","LMT","mock-trader","MOCKEXEC00002386"
"-108.21","BUY","USD","AMD","T002387","2026-08-12","Trade","NYSE","1","227.82","227.82","2.33","0.56","USD","-230.71","225.82","ORD0002387","2026-08-12 15:18:21","MKT","mock-trader","MOCKEXEC00002387"
"-164.32","SELL","USD","AAPL","T002388","2026-08-12","Trade","NASDAQ","10","241.29","2412.9","3.48","1.87","USD","-169.67","243.94","ORD0002388","2026-08-12 13:58:35","LMT","mock-trader","MOCKEXEC00002388"
"59.16","SELL","USD","GOOGL","T002389","2026-08-12","Trade","NYSE","5","228.06","1140.3","1.08","0.47","USD","57.61","223.49","ORD0002389","2026-08-12 10:51:50","MKT","mock-trader","MOCKEXEC00002389"
"-140.27","BUY","USD","AMZN","T002390","2026-08-12","Trade","ARCA","1","152.99","152.99","0.78","0.6","USD","-154.37","149.91","ORD0002390","2026-08-12 10:01:31","LMT","mock-trader","MOCKEXEC00002390"
"-44.27","SELL","USD","MSFT","T002391","2026-08-12","Trade","NASDAQ","20","412.82","8256.4","2.64","0.59","USD","-47.5","414.73","ORD0002391","2026-08-12 14:12:22","LMT","mock-trader","MOCKEXEC00002391"
"208.99","BUY","USD","NVDA","T002392","2026-08-12","Trade","NASDAQ","15","112.42","1686.3","2.21","0.38","USD","-1688.89","107.07","ORD0002392","2026-08-12 10:02:08","LMT","mock-trader","MOCKEXEC00002392"
"244.0","SELL","USD","TSLA","T002393","2026-08-13","Trade","ARCA","25","340.32","8508.0","3.34","0.67","USD","239.99","333.58","ORD0002393","2026-08-13 11:33:36","MKT","mock-trader","MOCKEXEC00002393"
"-97.0","BUY","USD","META","T002394","2026-08-13","Trade","NYSE","50","755.25","37762.5","3.02","2.24","USD","-37767.76","747.44","ORD0002394","2026-08-13 09:26:25","MKT","mock-trader","MOCKEXEC00002394"
"63.9","BUY","USD","MSFT","T002395","2026-08-13","Trade","ARCA","5","465.82","2329.1","1.94","1.99","USD","-2333.03","465.59","ORD0002395","2026-08-13 13:02:37","LMT","mock-trader","MOCKEXEC00002395"
"56.82","SELL","USD","AMZN","T002396","2026-08-13","Trade","NYSE","2","182.64","365.28","2.14","2.12","USD","52.56","187.61","ORD0002396","2026-08-13 15:54:18","LMT","mock-trader","MOCKEXEC00002396"
"308.54","BUY","USD","NVDA","T002397","2026-08-13","Trade","ARCA","3","112.81","338.43","2.43","0.59","USD","-341.45","113.4","ORD0002397","2026-08-13 15:25:12","MKT","mock-trader","MOCKEXEC00002397"
"-29.9","SELL","USD","AMZN","T002398","2026-08-13","Trade","ARCA","5","196.2","981.0","0.15","2.37","USD","-32.42","201.6","ORD0002398","2026-08-13 15:07:58","MKT","mock-trader","MOCKEXEC00002398"
"213.99","SELL","USD","GOOGL","T002399","2026-08-14","Trade","NASDAQ","2","288.01","576.02","2.11","0.81","USD","211.07","289.19","ORD0002399","2026-08-14 09:24:05","LMT","mock-trader","MOCKEXEC00002399"
"192.18","BUY","USD","AMD","T002400","2026-08-14","Trade","NYSE","50","185.18","9259.0","2.91","2.08","USD","-9263.99","190.05","ORD0002400","2026-08-14 13:08:46","LMT","mock-trader","MOCKEXEC00002400"
"96.11","SELL","USD","NVDA","T002401","2026-08-14","Trade","NYSE","25","132.74","3318.5","2.72","0.9","USD","92.49","140.24","ORD0002401","2026-08-14 10:16:05","MKT","mock-trader","MOCKEXEC00002401"
"291.93","BUY","USD","AMZN","T002402","2026-08-14","Trade","NASDAQ","50","160.36","8018.0","3.5","1.52","USD","-8023.02","154.02","ORD0002402","2026-08-14 09:21:58","MKT","mock-trader","MOCKEXEC00002402"
"113.62","SELL","USD","NVDA","T002403","2026-08-14","Trade","ARCA","2","135.59","271.18","0.01","0.95","USD","112.66","128.21","ORD0002403","2026-08-14 11:26:00","LMT","mock-trader","MOCKEXEC00002403"
"150.29","SELL","USD","AAPL","T002404","2026-08-14","Trade","NYSE","25","207.01","5175.25","1.76","1.43","USD","147.1","200.12","ORD0002404","2026-08-14 10:06:16","LMT","mock-trader","MOCKEXEC00002404"
"202.29","SELL","USD","META","T002405","2026-08-14","Trade","NYSE","25","537.54","13438.5","1.6","1.74","USD","198.95","537.1","ORD0002405","2026-08-14 11:50:03","LMT","mock-trader","MOCKEXEC00002405"
"288.68","BUY","USD","AAPL","T002406","2026-08-14","Trade","ARCA","5","260.05","1300.25","0.93","1.64","USD","-1302.82","261.34","ORD0002406","2026-08-14 13:28:00","MKT","mock-trader","MOCKEXEC00002406"
"319.44","BUY","USD","MSFT","T002407","2026-08-17","Trade","NYSE","20","499.56","9991.2","1.01","0.67","USD","-9992.88","501.64","ORD0002407","2026-08-17 11:04:00","MKT","mock-trader","MOCKEXEC00002407"
"45.46","BUY","USD","AMZN","T002408","2026-08-17","Trade","NYSE","20","225.91","4518.2","0.82","0.4","USD","-4519.42","228.24","ORD0002408","2026-08-17 09:22:31","MKT","mock-trader","MOCKEXEC00002408"
"86.91","BUY","USD","MSFT","T002409","2026-08-17","Trade","NASDAQ","2","355.35","710.7","1.42","1.0","USD","-713.12","353.86","ORD0002409","2026-08-17 09:10:20","LMT","mock-trader","MOCKEXEC00002409"
"-39.55","SELL","USD","AAPL","T002410","2026-08-17","Trade","NYSE","10","201.49","2014.9","1.02","1.42","USD","-41.99","200.91","ORD0002410","2026-08-17 11:56:35","LMT","mock-trader","MOCKEXEC00002410"
"144.82","BUY","USD","META","T002411","2026-08-17","Trade","NASDAQ","25","503.64","12591.0","1.42","0.49","USD","-12592.91","511.45","ORD0002411","2026-08-17 12:51:29","MKT","mock-trader","MOCKEXEC00002411"
"-23.4","SELL","USD","AMD","T002412","2026-08-17","Trade","NYSE","5","198.08","990.4","3.18","1.59","USD","-28.17","203.02","ORD0002412","2026-08-17 15:59:02","MKT","mock-trader","MOCKEXEC00002412"
"171.74","BUY","USD","MSFT","T002413","2026-08-17","Trade","NASDAQ","25","371.32","9283.0","1.48","0.37","USD","-9284.85","363.9","ORD0002413","2026-08-17 13:01:10","LMT","mock-trader","MOCKEXEC00002413"
"225.08","SELL","USD","META","T002414","2026-08-17","Trade","ARCA","2","783.44","1566.88","1.17","1.58","USD","222.33","782.6","ORD0002414","2026-08-17 10:14:14","LMT","mock-trader","MOCKEXEC00002414"
"-65.59","SELL","USD","GOOGL","T002415","2026-08-17","Trade","NASDAQ","15","291.02","4365.3","3.45","1.33","USD","-70.37","293.9","ORD0002415","2026-08-17 15:13:46","LMT","mock-trader","MOCKEXEC00002415"
"218.48","BUY","USD","AAPL","T002416","2026-08-18","Trade","NYSE","10","243.2","2432.0","2.04","1.12","USD","-2435.16","241.67","ORD0002416","2026-08-18 11:13:46","MKT","mock-trader","MOCKEXEC00002416"
"47.21","SELL","USD","AMD","T002417","2026-08-18","Trade","NYSE","5","115.56","577.8","3.37","2.21","USD","41.63","119.77","ORD0002417","2026-08-18 14:58:09","LMT","mock-trader","MOCKEXEC00002417"
"242.9","BUY","USD","NVDA","T002418","2026-08-18","Trade","NYSE","50","165.81","8290.5","1.32","0.99","USD","-8292.81","168.39","ORD0002418","2026-08-18 15:39:09","LMT","mock-trader","MOCKEXEC00002418"
"315.52","BUY","USD","AMD","T002419","2026-08-18","Trade","NYSE","10","205.19","2051.9","3.36","0.87","USD","-2056.13","200.4","ORD0002419","2026-08-18 09:57:48","LMT","mock-trader","MOCKEXEC00002419"
"1.92","BUY","USD","AMD","T002420","2026-08-18","Trade","NASDAQ","20","100.88","2017.6","2.24","1.32","USD","-2021.16","96.54","ORD0002420","2026-08-18 11:29:38","MKT","mock-trader","MOCKEXEC00002420"
"16.6","SELL","USD","MSFT","T002421","2026-08-18","Trade","NYSE","3","417.8","1253.4","2.84","1.5","USD","12.26","412.81","ORD0002421","2026-08-18 11:48:16","LMT","mock-trader","MOCKEXEC00002421"
"43.93","BUY","USD","GOOGL","T002422","2026-08-18","Trade","NYSE","50","254.09","12704.5","0.36","0.92","USD","-12705.78","261.72","ORD0002422","2026-08-18 14:20:23","MKT","mock-trader","MOCKEXEC00002422"
"57.72","BUY","USD","AMZN","T002423","2026-08-18","Trade","ARCA","10","216.14","2161.4","2.94","0.47","USD","-2164.81","216.8","ORD0002423","2026-08-18 12:25:47","MKT","mock-trader","MOCKEXEC00002423"
"246.12","SELL","USD","TSLA","T002424","2026-08-18","Trade","NASDAQ","3","370.87","1112.61","0.19","0.3","USD","245.63","377.65","ORD0002424","2026-08-18 12:03:00","MKT","mock-trader","MOCKEXEC00002424"
"27.64","BUY","USD","AAPL","T002425","2026-08-19","Trade","ARCA","15","229.69","3445.35","2.96","1.28","USD","-3449.59","230.68","ORD0002425","2026-08-19 15:16:49","MKT","mock-trader","MOCKEXEC00002425"
"156.29","BUY","USD","NVDA","T002426","2026-08-19","Trade","ARCA","5","100.1","500.5","1.95","0.56","USD","-503.01","104.32","ORD0002426","2026-08-19 13:54:19","LMT","mock-trader","MOCKEXEC00002426"
"156.93","SELL","USD","AAPL","T002427","2026-08-19","Trade","ARCA","25","208.95","5223.75","0.76","0.39","USD","155.78","211.59","ORD0002427","2026-08-19 13:07:31","LMT","mock-trader","MOCKEXEC00002427"
"182.32","SELL","USD","AMZN","T002428","2026-08-19","Trade","NASDAQ","15","246.94","3704.1","0.25","0.56","USD","181.51","254.75","ORD0002428","2026-08-19 15:33:35","MKT","mock-trader","MOCKEXEC00002428"
"83.13","SELL","USD","AAPL","T002429","2026-08-19","Trade","ARCA","5","252.55","1262.75","3.44","2.1","USD","77.59","246.5","ORD0002429","2026-08-19 12:04:40","MKT","mock-trader","MOCKEXEC00002429"
"202.29","BUY","USD","AAPL","T002430","2026-08-19","Trade","ARCA","5","228.94","1144.7","2.42","1.23","USD","-1148.35","224.76","ORD0002430","2026-08-19 13:12:20","MKT","mock-trader","MOCKEXEC00002430"
"238.3","SELL","USD","GOOGL","T002431","2026-08-19","Trade","NASDAQ","20","191.09","3821.8","0.52","2.01","USD","235.77","193.75","ORD0002431","2026-08-19 14:36:46","MKT","mock-trader","MOCKEXEC00002431"
"275.75","BUY","USD","NVDA","T002432","2026-08-20","Trade","ARCA","20","164.4","3288.0","0.61","2.25","USD","-3290.86","160.25","ORD0002432","2026-08-20 13:16:38","LMT","mock-trader","MOCKEXEC00002432"
"127.45","BUY","USD","NVDA","T002433","2026-08-20","Trade","ARCA","15","114.8","1722.0","2.67","0.83","USD","-1725.5","117.74","ORD0002433","2026-08-20 11:48:15","LMT","mock-trader","MOCKEXEC00002433"
"211.58","BUY","USD","GOOGL","T002434","2026-08-20","Trade","NASDAQ","2","161.16","322.32","0.78","0.35","USD","-323.45","157.28","ORD0002434","2026-08-20 13:45:33","LMT","mock-trader","MOCKEXEC00002434"
"-21.37","SELL","USD","AMD","T002435","2026-08-20","Trade","NYSE","2","226.14","452.28","1.22","1.77","USD","-24.36","230.65","ORD0002435","2026-08-20 09:49:40","MKT","mock-trader","MOCKEXEC00002435"
"-1.83","SELL","USD","AMD","T002436","2026-08-20","Trade","NYSE","1","125.76","125.76","0.34","0.59","USD","-2.76","129.17","ORD0002436","2026-08-20 11:24:15","MKT","mock-trader","MOCKEXEC00002436"
"303.31","SELL","USD","MSFT","T002437","2026-08-20","Trade","NASDAQ","3","527.26","1581.78","1.38","0.3","USD","301.63","521.59","ORD0002437","2026-08-20 11:32:19","MKT","mock-trader","MOCKEXEC00002437"
"114.72","SELL","USD","NVDA","T002438","2026-08-20","Trade","ARCA","15","152.63","2289.45","3.33","1.3","USD","110.09","148.27","ORD0002438","2026-08-20 12:58:50","MKT","mock-trader","MOCKEXEC00002438"
"-146.28","SELL","USD","TSLA","T002439","2026-08-20","Trade","NASDAQ","15","402.73","6040.95","3.37","2.09","USD","-151.74","398.81","ORD0002439","2026-08-20 12:17:43","MKT","mock-trader","MOCKEXEC00002439"
"301.59","SELL","USD","MSFT","T002440","2026-08-20","Trade","ARCA","5","547.53","2737.65","1.6","0.74","USD","299.25","547.97","ORD0002440","2026-08-20 10:22:25","LMT","mock-trader","MOCKEXEC00002440"
"294.04","BUY","USD","GOOGL","T002441","2026-08-20","Trade","ARCA","2","174.05","348.1","1.02","2.16","USD","-351.28","169.33","ORD0002441","2026-08-20 09:50:00","MKT","mock-trader","MOCKEXEC00002441"
"293.87","SELL","USD","TSLA","T002442","2026-08-20","Trade","NASDAQ","5","256.41","1282.05","2.45","1.55","USD","289.87","251.07","ORD0002442","2026-08-20 11:40:35","LMT","mock-trader","MOCKEXEC00002442"
"161.48","BUY","USD","NVDA","T002443","2026-08-21","Trade","NYSE","1","171.04","171.04","1.83","0.71","USD","-173.58","165.79","ORD0002443","2026-08-21 12:14:45","LMT","mock-trader","MOCKEXEC00002443"
"55.97","SELL","USD","META","T002444","2026-08-21","Trade","ARCA","3","555.17","1665.51","0.02","1.64","USD","54.31","560.69","ORD0002444","2026-08-21 13:18:08","LMT","mock-trader","MOCKEXEC00002444"
"-99.92","BUY","USD","META","T002445","2026-08-21","Trade","NASDAQ","20","704.56","14091.2","2.15","1.22","USD","-14094.57","710.77","ORD0002445","2026-08-21 14:25:20","MKT","mock-trader","MOCKEXEC00002445"
"174.69","SELL","USD","TSLA","T002446","2026-08-21","Trade","NYSE","15","268.27","4024.05","0.06","1.07","USD","173.56","261.56","ORD0002446","2026-08-21 13:07:39","LMT","mock-trader","MOCKEXEC00002446"
"-76.0","BUY","USD","NVDA","T002447","2026-08-21","Trade","NASDAQ","20","170.17","3403.4","0.17","0.72","USD","-3404.29","162.34","ORD0002447","2026-08-21 12:08:08","LMT","mock-trader","MOCKEXEC00002447"
"172.69","BUY","USD","AAPL","T002448","2026-08-21","Trade","NASDAQ","50","216.16","10808.0","0.67","0.86","USD","-10809.53","210.44","ORD0002448","2026-08-21 15:40:17","LMT","mock-trader","MOCKEXEC00002448"
"203.76","BUY","USD","TSLA","T002449","2026-08-21","Trade","NYSE","2","446.12","892.24","0.5","2.4","USD","-895.14","438.6","ORD0002449","2026-08-21 13:07:55","LMT","mock-trader","MOCKEXEC00002449"
"212.28","BUY","USD","AMZN","T002450","2026-08-21","Trade","NASDAQ","20","234.02","4680.4","2.14","2.13","USD","-4684.67","233.56","ORD0002450","2026-08-21 14:19:00","MKT","mock-trader","MOCKEXEC00002450"
"-53.64","SELL","USD","AAPL","T002451","2026-08-21","Trade","NASDAQ","15","219.49","3292.35","3.3","1.13","USD","-58.07","218.46","ORD0002451","2026-08-21 11:37:29","MKT","mock-trader","MOCKEXEC00002451"
"-130.07","SELL","USD","META","T002452","2026-08-24","Trade","ARCA","15","665.7","9985.5","2.55","0.46","USD","-133.08","664.22","ORD0002452","2026-08-24 10:37:26","MKT","mock-trader","MOCKEXEC00002452"
"-0.67","BUY","USD","AAPL","T002453","2026-08-24","Trade","ARCA","10","206.71","2067.1","1.11","0.29","USD","-2068.5","208.47","ORD0002453","2026-08-24 15:26:39","LMT","mock-trader","MOCKEXEC00002453"
"-98.79","BUY","USD","MSFT","T002454","2026-08-24","Trade","ARCA","2","415.98","831.96","1.16","0.61","USD","-833.73","411.89","ORD0002454","2026-08-24 10:08:42","MKT","mock-trader","MOCKEXEC00002454"
"137.98","BUY","USD","TSLA","T002455","2026-08-24","Trade","NYSE","25","379.58","9489.5","0.82","2.32","USD","-9492.64","383.42","ORD0002455","2026-08-24 14:54:45","LMT","mock-trader","MOCKEXEC00002455"
"158.18","BUY","USD","GOOGL","T002456","2026-08-24","Trade","NASDAQ","15","261.92","3928.8","2.09","0.36","USD","-3931.25","255.62","ORD0002456","2026-08-24 09:58:21","LMT","mock-trader","MOCKEXEC00002456"
"172.06","SELL","USD","TSLA","T002457","2026-08-24","Trade","ARCA","3","342.6","1027.8","1.93","0.65","USD","169.48","335.25","ORD0002457","2026-08-24 09:28:17","MKT","mock-trader","MOCKEXEC00002457"
"-0.63","BUY","USD","AMZN","T002458","2026-08-24","Trade","NYSE","10","240.85","2408.5","3.16","2.25","USD","-2413.91","240.97","ORD0002458","2026-08-24 14:48:37","MKT","mock-trader","MOCKEXEC00002458"
"-114.38","BUY","USD","GOOGL","T002459","2026-08-24","Trade","NYSE","10","274.02","2740.2","2.13","2.26","USD","-2744.59","271.91","ORD0002459","2026-08-24 14:21:44","LMT","mock-trader","MOCKEXEC00002459"
"-3.69","BUY","USD","NVDA","T002460","2026-08-24","Trade","NASDAQ","15","158.92","2383.8","1.42","0.97","USD","-2386.19","158.85","ORD0002460","2026-08-24 13:54:05","MKT","mock-trader","MOCKEXEC00002460"
"199.3","BUY","USD","AMD","T002461","2026-08-24","Trade","ARCA","1","206.3","206.3","1.64","2.44","USD","-210.38","205.37","ORD0002461","2026-08-24 11:20:49","MKT","mock-trader","MOCKEXEC00002461"
"309.45","SELL","USD","MSFT","T002462","2026-08-24","Trade","NASDAQ","1","459.9","459.9","2.97","2.43","USD","304.05","461.03","ORD0002462","2026-08-24 09:51:48","LMT","mock-trader","MOCKEXEC00002462"
"-79.29","BUY","USD","NVDA","T002463","2026-08-24","Trade","NASDAQ","2","162.13","324.26","2.48","1.59","USD","-328.33","160.15","ORD0002463","2026-08-24 09:58:32","LMT","mock-trader","MOCKEXEC00002463"
"73.79","SELL","USD","AMD","T002464","2026-08-24","Trade","NYSE","2","119.49","238.98","2.02","1.41","USD","70.36","121.37","ORD0002464","2026-08-24 10:00:43","LMT","mock-trader","MOCKEXEC00002464"
"185.26","BUY","USD","GOOGL","T002465","2026-08-24","Trade","NASDAQ","2","262.16","524.32","2.0","1.95","USD","-528.27","261.83","ORD0002465","2026-08-24 15:54:38","LMT","mock-trader","MOCKEXEC00002465"
"248.15","SELL","USD","TSLA","T002466","2026-08-25","Trade","ARCA","1","432.47","432.47","0.77","1.42","USD","245.96","432.24","ORD0002466","2026-08-25 13:56:33","LMT","mock-trader","MOCKEXEC00002466"
"76.05","SELL","USD","NVDA","T002467","2026-08-25","Trade","ARCA","50","168.86","8443.0","1.79","0.49","USD","73.77","173.23","ORD0002467","2026-08-25 11:49:15","LMT","mock-trader","MOCKEXEC00002467"
"268.27","BUY","USD","GOOGL","T002468","2026-08-25","Trade","ARCA","1","256.76","256.76","0.03","0.26","USD","-257.05","252.56","ORD0002468","2026-08-25 13:18:39","LMT","mock-trader","MOCKEXEC00002468"
"141.29","SELL","USD","META","T002469","2026-08-25","Trade","NYSE","25","705.2","17630.0","0.88","2.05","USD","138.36","701.63","ORD0002469","2026-08-25 15:02:28","MKT","mock-trader","MOCKEXEC00002469"
"283.13","BUY","USD","GOOGL","T002470","2026-08-25","Trade","NASDAQ","20","246.04","4920.8","1.0","0.77","USD","-4922.57","250.34","ORD0002470","2026-08-25 15:22:36","LMT","mock-trader","MOCKEXEC00002470"
"146.13","SELL","USD","AAPL","T002471","2026-08-25","Trade","ARCA","5","223.86","1119.3","1.8","2.32","USD","142.01","224.11","ORD0002471","2026-08-25 14:40:45","MKT","mock-trader","MOCKEXEC00002471"
"-22.89","SELL","USD","AMD","T002472","2026-08-25","Trade","ARCA","15","175.94","2639.1","1.78","0.75","USD","-25.42","178.69","ORD0002472","2026-08-25 11:26:42","MKT","mock-trader","MOCKEXEC00002472"
"158.6","SELL","USD","AMD","T002473","2026-08-26","Trade","NASDAQ","5","248.65","1243.25","1.71","2.4","USD","154.49","244.02","ORD0002473","2026-08-26 12:41:42","LMT","mock-trader","MOCKEXEC00002473"
"163.04","SELL","USD","AMD","T002474","2026-08-26","Trade","ARCA","2","232.02","464.04","3.01","0.96","USD","159.07","224.43","ORD0002474","2026-08-26 14:00:31","MKT","mock-trader","MOCKEXEC00002474"
"177.75","BUY","USD","GOOGL","T002475","2026-08-26","Trade","ARCA","3","178.61","535.83","1.75","0.89","USD","-538.47","174.39","ORD0002475","2026-08-26 10:26:37","LMT","mock-trader","MOCKEXEC00002475"
"-67.9","SELL","USD","NVDA","T002476","2026-08-26","Trade","NYSE","1","158.24","158.24","2.68","2.41","USD","-72.99","165.12","ORD0002476","2026-08-26 14:51:25","MKT","mock-trader","MOCKEXEC00002476"
"155.49","SELL","USD","NVDA","T002477","2026-08-26","Trade","ARCA","5","125.08","625.4","1.16","0.52","USD","153.81","127.05","ORD0002477","2026-08-26 10:16:38","MKT","mock-trader","MOCKEXEC00002477"
"61.04","BUY","USD","AMZN","T002478","2026-08-26","Trade","ARCA","3","174.57","523.71","0.26","1.2","USD","-525.17","176.37","ORD0002478","2026-08-26 09:37:15","LMT","mock-trader","MOCKEXEC00002478"
"313.35","SELL","USD","TSLA","T002479","2026-08-26","Trade","NYSE","15","388.97","5834.55","0.15","2.46","USD","310.74","381.56","ORD0002479","2026-08-26 12:07:30","MKT","mock-trader","MOCKEXEC00002479"
"286.67","SELL","USD","AMZN","T002480","2026-08-26","Trade","NASDAQ","10","176.55","1765.5","1.26","0.87","USD","284.54","176.07","ORD0002480","2026-08-26 12:07:49","MKT","mock-trader","MOCKEXEC00002480"
"186.21","BUY","USD","AMZN","T002481","2026-08-26","Trade","NASDAQ","3","197.76","593.28","2.75","2.15","USD","-598.18","194.96","ORD0002481","2026-08-26 12:47:25","MKT","mock-trader","MOCKEXEC00002481"
"148.11","BUY","USD","NVDA","T002482","2026-08-26","Trade","NYSE","50","151.93","7596.5","2.21","1.07","USD","-7599.78","148.67","ORD0002482","2026-08-26 12:35:44","MKT","mock-trader","MOCKEXEC00002482"
"225.64","SELL","USD","AAPL","T002483","2026-08-26","Trade","NYSE","15","225.88","3388.2","1.19","1.0","USD","223.45","219.9","ORD0002483","2026-08-26 12:13:45","LMT","mock-trader","MOCKEXEC00002483"
"89.47","SELL","USD","AAPL","T002484","2026-08-26","Trade","NYSE","25","234.11","5852.75","2.81","0.95","USD","85.71","238.81","ORD0002484","2026-08-26 10:41:08","LMT","mock-trader","MOCKEXEC00002484"
"79.77","SELL","USD","AAPL","T002485","2026-08-27","Trade","NASDAQ","20","202.48","4049.6","2.43","2.11","USD","75.23","200.88","ORD0002485","2026-08-27 12:46:42","LMT","mock-trader","MOCKEXEC00002485"
"102.12","BUY","USD","AAPL","T002486","2026-08-27","Trade","ARCA","3","210.48","631.44","1.31","1.01","USD","-633.76","202.85","ORD0002486","2026-08-27 09:29:49","MKT","mock-trader","MOCKEXEC00002486"
"-146.43","SELL","USD","GOOGL","T002487","2026-08-27","Trade","NASDAQ","1","287.65","287.65","1.19","0.49","USD","-148.11","280.27","ORD0002487","2026-08-27 10:37:54","LMT","mock-trader","MOCKEXEC00002487"
"57.81","BUY","USD","META","T002488","2026-08-27","Trade","NASDAQ","25","630.93","15773.25","0.57","0.51","USD","-15774.33","625.85","ORD0002488","2026-08-27 09:35:41","MKT","mock-trader","MOCKEXEC00002488"
"8.96","BUY","USD","AMZN","T002489","2026-08-27","Trade","NYSE","3","207.8","623.4","2.27","0.58","USD","-626.25","199.84","ORD0002489","2026-08-27 11:14:01","MKT","mock-trader","MOCKEXEC00002489"
"-152.17","BUY","USD","NVDA","T002490","2026-08-27","Trade","ARCA","20","103.37","2067.4","1.96","2.24","USD","-2071.6","103.54","ORD0002490","2026-08-27 14:29:28","LMT","mock-trader","MOCKEXEC00002490"
"130.22","SELL","USD","NVDA","T002491","2026-08-27","Trade","ARCA","1","125.24","125.24","1.13","1.9","USD","127.19","125.81","ORD0002491","2026-08-27 12:50:10","MKT","mock-trader","MOCKEXEC00002491"
"166.48","SELL","USD","AAPL","T002492","2026-08-27","Trade","ARCA","5","210.55","1052.75","1.81","1.81","USD","162.86","214.43","ORD0002492","2026-08-27 09:10:26","MKT","mock-trader","MOCKEXEC00002492"
"2.84","SELL","USD","META","T002493","2026-08-27","Trade","ARCA","20","711.11","14222.2","2.03","0.56","USD","0.25","717.21","ORD0002493","2026-08-27 12:26:00","LMT","mock-trader","MOCKEXEC00002493"
"133.81","SELL","USD","GOOGL","T002494","2026-08-28","Trade","ARCA","25","173.34","4333.5","3.21","2.5","USD","128.1","168.17","ORD0002494","2026-08-28 12:13:28","LMT","mock-trader","MOCKEXEC00002494"
"88.17","SELL","USD","META","T002495","2026-08-28","Trade","NYSE","25","664.24","16606.0","0.05","0.26","USD","87.86","667.39","ORD0002495","2026-08-28 13:17:26","LMT","mock-trader","MOCKEXEC00002495"
"-136.79","SELL","USD","AMD","T002496","2026-08-28","Trade","NASDAQ","1","249.1","249.1","3.17","1.41","USD","-141.37","250.81","ORD0002496","2026-08-28 10:34:19","LMT","mock-trader","MOCKEXEC00002496"
"-106.69","BUY","USD","AAPL","T002497","2026-08-28","Trade","NASDAQ","50","255.77","12788.5","1.4","1.87","USD","-12791.77","259.09","ORD0002497","2026-08-28 15:24:16","LMT","mock-trader","MOCKEXEC00002497"
"66.35","BUY","USD","AAPL","T002498","2026-08-28","Trade","NYSE","15","213.71","3205.65","2.26","2.37","USD","-3210.28","206.24","ORD0002498","2026-08-28 12:46:45","MKT","mock-trader","MOCKEXEC00002498"
"319.73","BUY","USD","AMZN","T002499","2026-08-28","Trade","ARCA","20","187.8","3756.0","3.39","1.55","USD","-3760.94","185.68","ORD0002499","2026-08-28 09:09:29","MKT","mock-trader","MOCKEXEC00002499"
"0.48","SELL","USD","NVDA","T002500","2026-08-31","Trade","NASDAQ","3","144.53","433.59","3.44","1.76","USD","-4.72","140.85","ORD0002500","2026-08-31 15:25:50","MKT","mock-trader","MOCKEXEC00002500"
"40.0","SELL","USD","MSFT","T002501","2026-08-31","Trade","ARCA","50","353.94","17697.0","3.26","0.52","USD","36.22","345.96","ORD0002501","2026-08-31 13:49:46","LMT","mock-trader","MOCKEXEC00002501"
"59.77","BUY","USD","AMD","T002502","2026-08-31","Trade","NYSE","15","125.58","1883.7","2.27","1.88","USD","-1887.85","118.46","ORD0002502","2026-08-31 15:18:03","MKT","mock-trader","MOCKEXEC00002502"
"186.0","SELL","USD","AMZN","T002503","2026-08-31","Trade","ARCA","50","207.9","10395.0","2.09","1.27","USD","182.64","202.33","ORD0002503","2026-08-31 11:26:05","MKT","mock-trader","MOCKEXEC00002503"
"234.34","BUY","USD","TSLA","T002504","2026-08-31","Trade","ARCA","2","257.0","514.0","3.24","0.37","USD","-517.61","256.5","ORD0002504","2026-08-31 15:06:31","LMT","mock-trader","MOCKEXEC00002504"
"-105.7","BUY","USD","AAPL","T002505","2026-08-31","Trade","NASDAQ","1","226.06","226.06","2.33","1.52","USD","-229.91","220.68","ORD0002505","2026-08-31 15:59:40","MKT","mock-trader","MOCKEXEC00002505"
"-93.93","BUY","USD","AAPL","T002506","2026-08-31","Trade","NYSE","1","269.28","269.28","3.15","1.31","USD","-273.74","275.75","ORD0002506","2026-08-31 15:38:30","LMT","mock-trader","MOCKEXEC00002506"
"194.24","SELL","USD","AMZN","T002507","2026-09-01","Trade","NYSE","15","209.5","3142.5","1.58","0.95","USD","191.71","214.8","ORD0002507","2026-09-01 10:22:09","LMT","mock-trader","MOCKEXEC00002507"
"-37.89","BUY","USD","NVDA","T002508","2026-09-01","Trade","ARCA","10","106.67","1066.7","1.22","1.87","USD","-1069.79","105.72","ORD0002508","2026-09-01 09:50:50","LMT","mock-trader","MOCKEXEC00002508"
"210.49","BUY","USD","MSFT","T002509","2026-09-01","Trade","NYSE","5","441.72","2208.6","2.14","0.77","USD","-2211.51","440.83","ORD0002509","2026-09-01 12:50:48","LMT","mock-trader","MOCKEXEC00002509"
"-177.6","BUY","USD","GOOGL","T002510","2026-09-01","Trade","NYSE","20","265.07","5301.4","1.86","1.02","USD","-5304.28","269.34","ORD0002510","2026-09-01 15:50:29","MKT","mock-trader","MOCKEXEC00002510"
"-140.58","SELL","USD","TSLA","T002511","2026-09-01","Trade","NYSE","20","353.24","7064.8","0.96","1.63","USD","-143.17","353.49","ORD0002511","2026-09-01 10:52:51","LMT","mock-trader","MOCKEXEC00002511"
"42.1","SELL","USD","NVDA","T002512","2026-09-01","Trade","NASDAQ","1","153.91","153.91","0.93","0.31","USD","40.86","155.79","ORD0002512","2026-09-01 13:27:13","LMT","mock-trader","MOCKEXEC00002512"
"40.69","BUY","USD","TSLA","T002513","2026-09-01","Trade","ARCA","15","279.07","4186.05","2.07","0.47","USD","-4188.59","272.93","ORD0002513","2026-09-01 14:03:58","LMT","mock-trader","MOCKEXEC00002513"
"268.53","SELL","USD","MSFT","T002514","2026-09-01","Trade","NASDAQ","20","485.49","9709.8","2.13","1.75","USD","264.65","489.12","ORD0002514","2026-09-01 13:14:52","MKT","mock-trader","MOCKEXEC00002514"
"153.0","SELL","USD","AMZN","T002515","2026-09-01","Trade","ARCA","20","161.78","3235.6","0.18","1.73","USD","151.09","165.35","ORD0002515","2026-09-01 10:41:17","MKT","mock-trader","MOCKEXEC00002515"
"29.3","BUY","USD","AAPL","T002516","2026-09-01","Trade","NASDAQ","3","245.96","737.88","0.54","1.64","USD","-740.06","253.13","ORD0002516","2026-09-01 14:59:08","LMT","mock-trader","MOCKEXEC00002516"
"231.32","SELL","USD","TSLA","T002517","2026-09-01","Trade","NASDAQ","50","415.25","20762.5","1.81","2.24","USD","227.27","415.0","ORD0002517","2026-09-01 15:35:55","MKT","mock-trader","MOCKEXEC00002517"
"89.92","SELL","USD","META","T002518","2026-09-02","Trade","NYSE","10","682.66","6826.6","1.56","1.12","USD","87.24","679.37","ORD0002518","2026-09-02 13:15:59","MKT","mock-trader","MOCKEXEC00002518"
"259.79","SELL","USD","AMD","T002519","2026-09-02","Trade","NASDAQ","25","248.0","6200.0","0.28","1.22","USD","258.29","247.33","ORD0002519","2026-09-02 12:21:34","LMT","mock-trader","MOCKEXEC00002519"
"252.14","BUY","USD","TSLA","T002520","2026-09-02","Trade","ARCA","3","334.76","1004.28","2.94","1.64","USD","-1008.86","334.82","ORD0002520","2026-09-02 14:39:29","LMT","mock-trader","MOCKEXEC00002520"
"76.36","SELL","USD","AMD","T002521","2026-09-02","Trade","NASDAQ","10","141.82","1418.2","3.09","1.96","USD","71.31","149.28","ORD0002521","2026-09-02 10:17:00","MKT","mock-trader","MOCKEXEC00002521"
"301.28","SELL","USD","AMZN","T002522","2026-09-02","Trade","NASDAQ","1","219.13","219.13","1.52","1.81","USD","297.95","216.46","ORD0002522","2026-09-02 09:44:37","LMT","mock-trader","MOCKEXEC00002522"
"-124.56","BUY","USD","GOOGL","T002523","2026-09-02","Trade","ARCA","50","240.42","12021.0","2.94","2.14","USD","-12026.08","240.87","ORD0002523","2026-09-02 15:18:30","MKT","mock-trader","MOCKEXEC00002523"
"263.54","SELL","USD","GOOGL","T002524","2026-09-02","Trade","ARCA","20","167.82","3356.4","3.43","1.17","USD","258.94","172.67","ORD0002524","2026-09-02 10:45:08","MKT","mock-trader","MOCKEXEC00002524"
"-53.84","BUY","USD","AMD","T002525","2026-09-03","Trade","ARCA","20","150.29","3005.8","0.11","0.96","USD","-3006.87","146.0","ORD0002525","2026-09-03 12:02:08","MKT","mock-trader","MOCKEXEC00002525"
"-73.41","SELL","USD","AMD","T002526","2026-09-03","Trade","NYSE","5","137.21","686.05","1.54","1.77","USD","-76.72","142.14","ORD0002526","2026-09-03 14:45:48","MKT","mock-trader","MOCKEXEC00002526"
"256.1","BUY","USD","GOOGL","T002527","2026-09-03","Trade","ARCA","10","194.74","1947.4","1.23","0.67","USD","-1949.3","187.74","ORD0002527","2026-09-03 15:06:08","MKT","mock-trader","MOCKEXEC00002527"
"-87.0","BUY","USD","AMZN","T002528","2026-09-03","Trade","NYSE","25","204.45","5111.25","3.16","1.46","USD","-5115.87","209.22","ORD0002528","2026-09-03 12:26:04","LMT","mock-trader","MOCKEXEC00002528"
"-64.18","SELL","USD","TSLA","T002529","2026-09-03","Trade","NASDAQ","50","330.27","16513.5","1.52","1.84","USD","-67.54","327.01","ORD0002529","2026-09-03 13:59:01","MKT","mock-trader","MOCKEXEC00002529"
"277.44","BUY","USD","TSLA","T002530","2026-09-03","Trade","NYSE","2","437.63","875.26","1.83","1.47","USD","-878.56","436.55","ORD0002530","2026-09-03 09:58:59","LMT","mock-trader","MOCKEXEC00002530"
"-101.84","BUY","USD","META","T002531","2026-09-04","Trade","NASDAQ","50","650.45","32522.5","2.42","1.45","USD","-32526.37","647.03","ORD0002531","2026-09-04 09:21:09","MKT","mock-trader","MOCKEXEC00002531"
"90.2","BUY","USD","MSFT","T002532","2026-09-04","Trade","NASDAQ","3","512.9","1538.7","3.03","1.29","USD","-1543.02","517.58","ORD0002532","2026-09-04 15:55:10","MKT","mock-trader","MOCKEXEC00002532"
"81.48","BUY","USD","AAPL","T002533","2026-09-04","Trade","ARCA","20","266.13","5322.6","3.43","0.54","USD","-5326.57","265.21","ORD0002533","2026-09-04 15:47:30","LMT","mock-trader","MOCKEXEC00002533"
"208.9","SELL","USD","NVDA","T002534","2026-09-04","Trade","NASDAQ","50","156.19","7809.5","0.65","0.57","USD","207.68","155.59","ORD0002534","2026-09-04 12:01:46","MKT","mock-trader","MOCKEXEC00002534"
"235.58","SELL","USD","AAPL","T002535","2026-09-04","Trade","ARCA","25","239.27","5981.75","1.53","0.43","USD","233.62","243.16","ORD0002535","2026-09-04 12:11:42","MKT","mock-trader","MOCKEXEC00002535"
"197.2","SELL","USD","AMZN","T002536","2026-09-04","Trade","NYSE","15","231.33","3469.95","3.43","1.68","USD","192.09","229.22","ORD0002536","2026-09-04 10:21:57","MKT","mock-trader","MOCKEXEC00002536"
"176.92","BUY","USD","AMZN","T002537","2026-09-04","Trade","ARCA","25","199.97","4999.25","0.13","0.82","USD","-5000.2","195.38","ORD0002537","2026-09-04 13:22:45","LMT","mock-trader","MOCKEXEC00002537"
"-69.69","BUY","USD","AMZN","T002538","2026-09-04","Trade","NYSE","3","227.59","682.77","2.23","2.11","USD","-687.11","222.31","ORD0002538","2026-09-04 11:52:59","MKT","mock-trader","MOCKEXEC00002538"
"183.41","BUY","USD","META","T002539","2026-09-04","Trade","ARCA","10","512.53","5125.3","0.53","1.02","USD","-5126.85","509.18","ORD0002539","2026-09-04 12:33:38","MKT","mock-trader","MOCKEXEC00002539"
"-128.0","SELL","USD","AMD","T002540","2026-09-04","Trade","ARCA","1","143.98","143.98","1.67","1.51","USD","-131.18","149.64","ORD0002540","2026-09-04 09:23:50","LMT","mock-trader","MOCKEXEC00002540"
"15.49","SELL","USD","META","T002541","2026-09-04","Trade","ARCA","25","569.85","14246.25","2.75","2.22","USD","10.52","567.93","ORD0002541","2026-09-04 09:19:17","LMT","mock-trader","MOCKEXEC00002541"
"175.84","SELL","USD","GOOGL","T002542","2026-09-04","Trade","NYSE","5","181.08","905.4","2.18","0.41","USD","173.25","184.12","ORD0002542","2026-09-04 11:34:38","LMT","mock-trader","MOCKEXEC00002542"
"244.51","SELL","USD","AMD","T002543","2026-09-07","Trade","ARCA","1","101.59","101.59","3.12","0.79","USD","240.6","103.43","ORD0002543","2026-09-07 11:37:53","LMT","mock-trader","MOCKEXEC00002543"
"26.29","SELL","USD","NVDA","T002544","2026-09-07","Trade","NASDAQ","10","102.54","1025.4","2.23","1.59","USD","22.47","97.84","ORD0002544","2026-09-07 09:08:45","MKT","mock-trader","MOCKEXEC00002544"
"292.66","BUY","USD","AMZN","T002545","2026-09-07","Trade","NYSE","2","174.13","348.26","1.75","2.2","USD","-352.21","172.14","ORD0002545","2026-09-07 13:14:15","LMT","mock-trader","MOCKEXEC00002545"
"-142.15","SELL","USD","AAPL","T002546","2026-09-07","Trade","NYSE","50","254.25","12712.5","1.89","0.29","USD","-144.33","248.12","ORD0002546","2026-09-07 15:13:13","LMT","mock-trader","MOCKEXEC00002546"
"-115.35","SELL","USD","AMZN","T002547","2026-09-07","Trade","NYSE","20","195.84","3916.8","2.3","1.35","USD","-119.0","196.02","ORD0002547","2026-09-07 12:04:20","LMT","mock-trader","MOCKEXEC00002547"
"110.68","SELL","USD","GOOGL","T002548","2026-09-07","Trade","ARCA","25","254.53","6363.25","3.14","1.05","USD","106.49","254.44","ORD0002548","2026-09-07 13:21:39","LMT","mock-trader","MOCKEXEC00002548"
"144.27","BUY","USD","TSLA","T002549","2026-09-07","Trade","NASDAQ","15","314.84","4722.6","2.41","1.12","USD","-4726.13","315.85","ORD0002549","2026-09-07 14:05:28","LMT","mock-trader","MOCKEXEC00002549"
"132.13","SELL","USD","TSLA","T002550","2026-09-07","Trade","NYSE","2","361.83","723.66","3.3","1.8","USD","127.03","355.93","ORD0002550","2026-09-07 15:42:57","MKT","mock-trader","MOCKEXEC00002550"
"70.31","SELL","USD","AAPL","T002551","2026-09-07","Trade","ARCA","50","245.17","12258.5","2.71","0.42","USD","67.18","247.57","ORD0002551","2026-09-07 09:55:04","MKT","mock-trader","MOCKEXEC00002551"
"175.27","SELL","USD","MSFT","T002552","2026-09-07","Trade","NASDAQ","15","448.29","6724.35","1.12","0.39","USD","173.76","443.56","ORD0002552","2026-09-07 15:51:42","LMT","mock-trader","MOCKEXEC00002552"
"76.45","SELL","USD","GOOGL","T002553","2026-09-07","Trade","NYSE","25","180.37","4509.25","2.71","0.57","USD","73.17","187.59","ORD0002553","2026-09-07 10:52:46","MKT","mock-trader","MOCKEXEC00002553"
"-37.74","BUY","USD","NVDA","T002554","2026-09-07","Trade","NYSE","3","159.03","477.09","3.47","0.27","USD","-480.83","162.27","ORD0002554","2026-09-07 13:12:49","MKT","mock-trader","MOCKEXEC00002554"
"218.61","BUY","USD","META","T002555","2026-09-07","Trade","NASDAQ","10","527.08","5270.8","0.31","1.49","USD","-5272.6","519.7","ORD0002555","2026-09-07 14:53:42","LMT","mock-trader","MOCKEXEC00002555"
"-38.84","SELL","USD","AMD","T002556","2026-09-07","Trade","ARCA","1","206.11","206.11","2.86","1.62","USD","-43.32","202.16","ORD0002556","2026-09-07 10:51:58","MKT","mock-trader","MOCKEXEC00002556"
"96.84","SELL","USD","TSLA","T002557","2026-09-08","Trade","ARCA","20","251.63","5032.6","2.08","2.4","USD","92.36","256.14","ORD0002557","2026-09-08 10:51:19","MKT","mock-trader","MOCKEXEC00002557"
"-72.83","SELL","USD","META","T002558","2026-09-08","Trade","NYSE","25","520.6","13015.0","2.68","1.65","USD","-77.16","523.67","ORD0002558","2026-09-08 12:27:34","MKT","mock-trader","MOCKEXEC00002558"
"-115.79","SELL","USD","NVDA","T002559","2026-09-08","Trade","ARCA","5","123.23","616.15","2.69","0.59","USD","-119.07","127.6","ORD0002559","2026-09-08 13:05:56","MKT","mock-trader","MOCKEXEC00002559"
"116.03","BUY","USD","MSFT","T002560","2026-09-08","Trade","ARCA","1","368.45","368.45","1.07","0.33","USD","-369.85","370.34","ORD0002560","2026-09-08 13:03:35","MKT","mock-trader","MOCKEXEC00002560"
"-101.11","SELL","USD","GOOGL","T002561","2026-09-08","Trade","ARCA","10","271.44","2714.4","0.41","1.54","USD","-103.06","274.26","ORD0002561","2026-09-08 15:37:02","MKT","mock-trader","MOCKEXEC00002561"
"302.11","BUY","USD","MSFT","T002562","2026-09-08","Trade","NYSE","5","414.19","2070.95","2.54","1.82","USD","-2075.31","407.7","ORD0002562","2026-09-08 10:14:48","LMT","mock-trader","MOCKEXEC00002562"
"175.76","BUY","USD","AMD","T002563","2026-09-08","Trade","NASDAQ","10","246.07","2460.7","2.44","0.41","USD","-2463.55","245.82","ORD0002563","2026-09-08 09:54:41","MKT","mock-trader","MOCKEXEC00002563"
"226.57","SELL","USD","MSFT","T002564","2026-09-08","Trade","NASDAQ","10","357.15","3571.5","0.11","0.79","USD","225.67","352.45","ORD0002564","2026-09-08 10:01:48","LMT","mock-trader","MOCKEXEC00002564"
